Surgery_ID,Patient_ID,Age,Gender,Surgery_Type,Surgery_Duration_Min,Anesthesia_Type,Pre_Op_Risk_Level,Blood_Loss_ml,ICU_Required,Complication_Risk,Recovery_Time_Days,Surgeon_Experience_Years,Hospital_ID,Room_Temperature_C,Room_Humidity_Pct,Room_CO2_ppm,Ventilation_Status,Room_Occupancy,Cleaning_Interval_Hours,Length_of_Stay_Days
S00001,P92284,24,Male,General,107,Local,Low,,No,Low,10,20.0,H008,21.0,70.5,503.0,Good,3,9.9,14
S00002,P59246,73,Female,Gynecological,77,General,High,197.0,No,High,14,5.0,H019,25.1,51.1,,Moderate,5,20.4,16
S00003,P26726,65,Female,Orthopedic,146,General,Low,300.0,No,High,13,14.0,H016,21.3,49.0,830.0,Poor,3,6.8,14
S00004,P15003,49,Female,General,41,Local,Medium,70.0,No,Medium,6,16.0,H004,22.5,65.7,541.0,Good,2,8.8,9
S00005,P29614,49,Male,General,87,Regional,Low,128.0,No,Low,1,24.0,H012,21.3,55.2,619.0,Good,3,7.4,3
S00006,P59035,79,Male,Gynecological,98,General,Medium,106.0,No,Medium,7,23.0,H006,22.0,33.9,739.0,Moderate,3,11.7,7
S00007,P68982,24,Female,ENT,84,Local,Medium,121.0,No,Low,5,26.0,H017,22.1,47.7,732.0,Moderate,2,11.7,9
S00008,P10987,68,Female,Urological,49,Regional,Low,82.0,No,Medium,5,19.0,H018,20.7,51.4,865.0,Good,1,5.6,5
S00009,P34156,32,Female,General,30,Local,Medium,52.0,No,Medium,3,28.0,H015,22.7,,732.0,Good,3,12.8,7
S00010,P83796,24,Female,General,95,Regional,Low,,No,Low,8,24.0,H006,19.3,40.4,384.0,Moderate,1,5.4,9
S00011,P45608,55,Male,General,105,General,Medium,195.0,No,Medium,10,6.0,H008,21.8,43.6,550.0,Moderate,4,10.5,12
S00012,P77331,88,Male,General,120,General,Low,249.0,No,Low,4,21.0,H012,19.8,59.7,426.0,Poor,2,4.8,5
S00013,P43591,70,Male,Orthopedic,109,General,Medium,150.0,Yes,High,21,3.0,H019,22.9,60.1,888.0,Moderate,7,23.4,22
S00014,P35533,72,Male,Gynecological,123,Local,Low,288.0,No,Medium,12,22.0,H007,17.9,51.8,943.0,Moderate,4,10.0,15
S00015,P72242,69,Male,Gynecological,114,Regional,Medium,101.0,Yes,High,12,7.0,H011,24.2,75.3,801.0,Good,4,12.0,15
S00016,P33609,74,Female,General,129,Local,Low,163.0,Yes,High,9,9.0,H015,24.6,52.0,733.0,Poor,4,11.0,11
S00017,P69407,54,Male,Ophthalmic,58,Regional,Medium,90.0,No,Low,8,17.0,H008,22.4,35.6,840.0,Poor,1,10.1,10
S00018,P27110,27,Male,Gynecological,48,General,Low,79.0,No,Low,6,11.0,H006,24.2,61.3,326.0,Poor,1,7.3,9
S00019,P77696,78,Female,Neurological,177,General,Low,255.0,No,Low,16,19.0,H008,20.1,45.4,904.0,Good,1,9.1,20
S00020,P95747,50,Male,Orthopedic,122,General,Medium,164.0,No,High,19,15.0,H009,24.0,78.3,1040.0,Good,3,20.0,19
S00021,P91621,54,Male,Orthopedic,135,General,Low,291.0,No,Low,12,19.0,H002,23.8,62.1,460.0,Good,3,6.6,12
S00022,P86120,44,Female,Neurological,134,Regional,Low,179.0,No,Low,22,17.0,H002,21.8,56.4,532.0,Moderate,2,9.8,24
S00023,P10880,31,Male,General,80,Sedation,Medium,95.0,No,High,3,6.0,H014,23.5,,1171.0,Moderate,2,9.2,5
S00024,P85395,84,Female,Orthopedic,146,General,Low,293.0,Yes,High,19,21.0,H018,29.1,66.2,867.0,Moderate,4,11.8,19
S00025,P66063,74,Female,Orthopedic,116,Regional,High,253.0,No,High,20,28.0,H016,,68.6,989.0,Poor,4,17.1,20
S00026,P51958,64,Male,Cardiac,230,General,Low,420.0,No,High,19,17.0,H018,21.0,39.6,1446.0,Poor,4,18.8,20
S00027,P82505,46,Female,Urological,137,Local,High,263.0,Yes,High,16,18.0,H016,21.6,58.1,1035.0,Poor,1,9.2,20
S00028,P83036,77,Female,Urological,47,General,High,101.0,Yes,High,18,21.0,H016,22.6,,904.0,Poor,2,17.0,18
S00029,P94066,57,Female,Neurological,216,Regional,Low,329.0,No,High,15,3.0,H002,23.3,47.7,1496.0,Moderate,3,11.1,18
S00030,P63240,49,Female,Orthopedic,150,General,Low,156.0,No,Low,20,5.0,H017,23.1,81.1,382.0,Moderate,4,8.9,20
S00031,P73134,50,Female,Orthopedic,113,General,Medium,,No,Medium,17,17.0,H009,25.1,52.7,673.0,Moderate,2,16.6,20
S00032,P36951,34,Female,Orthopedic,119,Regional,Medium,201.0,No,Medium,12,12.0,H012,,58.7,871.0,Good,3,7.2,13
S00033,P70577,24,Female,Neurological,178,General,Low,324.0,Yes,Medium,22,21.0,H017,17.2,,372.0,Moderate,4,7.0,26
S00034,P48738,57,Male,Orthopedic,125,Regional,Low,184.0,No,Medium,19,27.0,H002,23.7,58.7,401.0,Moderate,3,12.5,22
S00035,P67984,81,Female,Neurological,162,General,Low,279.0,No,Medium,16,23.0,H005,21.4,52.2,587.0,Moderate,4,12.9,16
S00036,P46817,22,Female,ENT,57,Sedation,Medium,70.0,No,Low,3,7.0,H002,22.0,54.8,,Poor,1,2.9,5
S00037,P25918,79,Female,General,79,General,Medium,141.0,No,Medium,10,,H008,24.2,47.5,696.0,Good,4,5.7,11
S00038,P41663,77,Male,Urological,70,Regional,Low,119.0,No,Medium,3,5.0,H015,21.0,51.1,,Moderate,3,8.7,7
S00039,P40181,37,Male,Orthopedic,110,Local,Medium,138.0,No,High,13,3.0,H010,23.9,46.3,1097.0,Poor,3,13.8,17
S00040,P31806,63,Male,Cardiac,172,Regional,Medium,285.0,No,High,21,22.0,H010,21.7,58.0,1026.0,Poor,4,15.4,21
S00041,P19435,29,Male,ENT,72,General,High,181.0,No,Medium,5,21.0,H005,19.3,40.7,300.0,Moderate,1,13.4,9
S00042,P45841,72,Male,Neurological,164,Regional,Low,249.0,Yes,High,18,6.0,H006,23.1,59.3,920.0,Poor,6,6.5,21
S00043,P55386,68,Male,General,33,General,Low,41.0,No,Low,7,21.0,H011,21.4,45.1,710.0,Poor,1,12.3,8
S00044,P63935,43,Male,ENT,59,Regional,Low,91.0,Yes,Low,12,14.0,H001,23.1,56.0,584.0,Good,1,4.0,14
S00045,P65358,22,Female,General,78,General,Medium,129.0,No,Medium,4,26.0,H009,19.8,35.9,783.0,Moderate,3,11.8,7
S00046,P27656,87,Male,Cardiac,278,Local,Low,347.0,No,High,17,21.0,H019,26.1,49.1,1013.0,Poor,7,16.4,19
S00047,P23087,50,Female,General,73,Local,Low,87.0,No,Low,10,8.0,H011,20.1,39.0,665.0,Good,3,4.9,13
S00048,P22766,82,Male,Orthopedic,140,General,Medium,231.0,No,High,15,15.0,H002,24.9,68.3,994.0,Moderate,2,9.1,17
S00049,P71393,66,Male,Orthopedic,161,General,Medium,281.0,No,High,12,,H008,23.9,53.4,903.0,Poor,5,22.4,16
S00050,P72119,74,Male,Orthopedic,101,General,Low,216.0,No,Medium,16,27.0,H007,22.2,60.7,345.0,Moderate,3,7.5,18
S00051,P56275,72,Female,Ophthalmic,58,Regional,Low,98.0,No,Medium,3,15.0,H014,22.7,53.2,978.0,Good,5,13.0,4
S00052,P57369,32,Male,Gynecological,151,General,Low,171.0,No,Low,15,26.0,H013,26.5,50.0,865.0,Moderate,1,10.3,19
S00053,P67474,44,Female,Cardiac,246,Regional,Low,519.0,No,Medium,22,,H019,21.9,38.4,1014.0,Moderate,3,11.2,25
S00054,P41694,51,Female,Cardiac,251,Regional,Low,455.0,No,High,16,15.0,H012,24.5,57.3,921.0,Moderate,4,15.0,17
S00055,P77131,53,Male,Gynecological,87,Sedation,Low,78.0,No,Low,8,6.0,H005,21.8,34.0,714.0,Good,1,7.0,11
S00056,P91710,21,Female,Ophthalmic,80,General,Low,95.0,No,Low,1,28.0,H003,24.0,55.9,628.0,Moderate,1,10.0,2
S00057,P31406,57,Male,Cardiac,238,General,High,371.0,Yes,High,29,20.0,H003,26.0,68.3,984.0,Moderate,3,15.8,29
S00058,P51518,29,Male,Neurological,125,General,High,268.0,No,High,20,9.0,H012,,49.3,953.0,Moderate,6,15.5,23
S00059,P38474,71,Male,Urological,69,Regional,Low,54.0,Yes,Medium,9,25.0,H012,18.7,52.5,327.0,Moderate,4,4.2,12
S00060,P39855,67,Male,Ophthalmic,24,General,Medium,35.0,No,High,4,7.0,H007,22.1,57.4,1065.0,Moderate,5,15.6,6
S00061,P45044,84,Female,Ophthalmic,63,General,Low,109.0,No,High,6,3.0,H014,23.2,,657.0,Poor,3,14.1,7
S00062,P29462,71,Female,Cardiac,212,General,Medium,137.0,No,High,20,20.0,H004,23.4,45.5,675.0,Moderate,3,19.8,23
S00063,P41397,44,Female,Orthopedic,134,Local,High,281.0,Yes,High,22,22.0,H014,22.6,54.8,831.0,Moderate,7,12.9,25
S00064,P39085,87,Male,General,91,Sedation,Medium,160.0,No,Medium,4,17.0,H012,21.8,56.8,382.0,Moderate,4,10.4,4
S00065,P83236,47,Female,Cardiac,202,General,Medium,251.0,No,High,19,21.0,H004,23.5,54.0,623.0,Moderate,2,10.8,23
S00066,P34636,41,Male,Ophthalmic,45,General,Low,51.0,No,Low,1,8.0,H018,21.2,44.8,300.0,Good,1,6.9,2
S00067,P18721,83,Male,Orthopedic,138,General,Low,171.0,No,Medium,15,9.0,H017,21.3,46.1,639.0,Moderate,2,12.2,16
S00068,P88011,44,Male,General,124,General,Low,,Yes,Medium,12,11.0,H015,20.8,59.0,840.0,Good,4,11.2,16
S00069,P91241,23,Female,Ophthalmic,32,Sedation,Low,44.0,No,Low,2,7.0,H013,22.1,63.6,765.0,Good,2,7.0,6
S00070,P90278,51,Female,ENT,37,Regional,Medium,57.0,No,Medium,3,7.0,H004,20.4,55.0,1026.0,Poor,4,10.8,6
S00071,P26495,75,Male,Gynecological,158,Regional,Low,179.0,No,High,4,2.0,H019,22.7,57.4,800.0,Moderate,4,9.5,4
S00072,P47131,31,Female,ENT,69,Sedation,Low,123.0,No,Low,9,7.0,H004,21.9,58.0,760.0,Good,1,5.5,11
S00073,P36159,51,Female,Orthopedic,122,Regional,Medium,186.0,No,High,7,16.0,H016,18.7,62.9,1051.0,Poor,3,13.4,9
S00074,P33485,27,Female,Neurological,157,General,Medium,247.0,No,Medium,19,11.0,H009,28.2,57.1,773.0,Poor,5,15.0,23
S00075,P92550,67,Female,Orthopedic,126,Regional,Medium,173.0,Yes,Medium,19,13.0,H013,22.8,64.8,689.0,Good,2,12.8,20
S00076,P21731,52,Female,ENT,121,General,Medium,208.0,No,Medium,4,27.0,H001,23.9,40.0,838.0,Moderate,5,7.8,7
S00077,P64407,41,Female,Ophthalmic,67,General,Medium,126.0,No,Medium,2,1.0,H007,22.1,53.7,748.0,Poor,4,12.3,3
S00078,P74451,34,Female,Orthopedic,151,Sedation,Low,208.0,No,Low,12,25.0,H001,22.2,38.2,521.0,Moderate,3,3.2,16
S00079,P16141,58,Male,Orthopedic,120,General,Medium,207.0,Yes,High,20,1.0,H014,20.8,57.7,949.0,Moderate,6,,21
S00080,P89116,66,Female,Neurological,149,Regional,Low,258.0,No,Low,14,15.0,H005,23.0,34.7,474.0,Good,1,8.3,16
S00081,P30320,85,Male,Cardiac,219,General,Low,355.0,No,High,21,4.0,H006,21.7,62.0,1108.0,Poor,3,10.4,25
S00082,P47000,49,Female,Urological,46,General,High,142.0,Yes,High,13,14.0,H003,21.2,61.7,934.0,Poor,2,11.4,13
S00083,P58729,29,Male,Orthopedic,126,Regional,Low,161.0,No,Low,12,26.0,H003,20.6,18.4,300.0,Good,2,9.8,15
S00084,P88739,77,Male,Urological,116,Local,Low,159.0,No,High,6,1.0,H011,27.5,51.0,960.0,Good,3,14.6,8
S00085,P98896,63,Male,General,94,Regional,Low,119.0,No,Low,6,15.0,H007,19.8,48.9,786.0,Good,3,5.5,10
S00086,P32275,68,Male,Neurological,170,General,High,341.0,No,High,22,14.0,H001,22.6,62.6,970.0,Moderate,3,10.5,25
S00087,P46759,25,Male,Orthopedic,96,General,High,186.0,No,Medium,16,14.0,H016,19.1,31.9,684.0,Good,2,5.3,18
S00088,P64783,40,Male,ENT,80,Regional,Low,103.0,No,Low,7,19.0,H005,22.0,61.5,504.0,Good,4,10.7,11
S00089,P47023,73,Male,General,52,Regional,Medium,103.0,No,Medium,10,10.0,H001,26.6,61.7,627.0,Good,4,14.3,11
S00090,P17298,77,Male,General,55,Local,Low,112.0,No,Low,7,23.0,H002,23.0,63.7,790.0,Moderate,3,4.6,8
S00091,P80211,49,Female,Neurological,207,Regional,Medium,290.0,No,High,20,7.0,H008,21.9,53.2,871.0,Poor,5,12.0,24
S00092,P60680,75,Female,Ophthalmic,51,Local,Low,55.0,No,Medium,9,11.0,H011,21.9,55.2,457.0,Poor,2,8.5,10
S00093,P21599,78,Female,Urological,71,Local,Low,146.0,No,Medium,3,14.0,H003,22.3,50.9,325.0,Moderate,5,12.7,4
S00094,P67480,45,Male,Urological,74,General,Medium,121.0,Yes,Medium,16,27.0,H007,26.5,38.8,564.0,Good,3,6.2,19
S00095,P91556,82,Male,General,111,Regional,High,230.0,Yes,High,19,16.0,H007,24.0,43.1,725.0,Poor,4,7.7,20
S00096,P67993,38,Female,Ophthalmic,64,Local,Low,98.0,No,Low,4,25.0,H002,19.1,52.4,303.0,Good,3,11.1,7
S00097,P52930,35,Male,Cardiac,217,Sedation,Low,273.0,No,High,26,5.0,H013,23.6,68.6,795.0,Moderate,6,8.1,28
S00098,P80089,67,Male,Gynecological,78,General,High,157.0,No,High,18,3.0,H007,22.3,78.9,760.0,Poor,3,9.0,20
S00099,P34450,63,Female,General,84,Regional,Low,143.0,No,Medium,5,15.0,H014,18.3,56.3,449.0,Good,2,9.6,8
S00100,P18526,28,Female,General,99,General,Low,135.0,No,Low,6,27.0,H001,21.7,41.8,877.0,Good,3,13.6,7
S00101,P54126,77,Male,ENT,68,Local,Medium,110.0,No,Medium,6,7.0,H001,22.8,56.9,354.0,Good,1,7.5,6
S00102,P35070,32,Female,ENT,66,Sedation,Low,99.0,No,Low,3,7.0,H016,22.8,61.7,716.0,Moderate,3,4.4,3
S00103,P54130,75,Male,General,91,Sedation,Low,107.0,No,Medium,15,5.0,H007,24.1,74.5,716.0,Good,5,9.1,19
S00104,P72375,18,Female,General,88,General,Low,174.0,No,Low,9,27.0,H007,,64.1,723.0,Poor,1,11.4,9
S00105,P86193,75,Male,Ophthalmic,36,General,Low,60.0,No,High,3,3.0,H008,20.8,79.9,842.0,Poor,4,18.4,6
S00106,P63286,74,Male,ENT,103,Local,Medium,164.0,No,High,1,19.0,H013,22.5,80.4,1079.0,Poor,5,16.2,3
S00107,P64792,74,Female,Urological,65,Regional,Medium,108.0,No,Medium,8,12.0,H014,22.8,50.7,777.0,Moderate,4,14.3,9
S00108,P95449,65,Male,Orthopedic,123,Sedation,Low,118.0,No,Medium,10,12.0,H014,25.1,53.0,591.0,Poor,3,10.9,11
S00109,P91752,51,Female,Neurological,118,General,Medium,159.0,No,Low,20,21.0,H017,22.0,62.7,833.0,Good,1,8.6,24
S00110,P80575,68,Male,Ophthalmic,53,Local,Low,55.0,No,Low,1,13.0,H011,21.7,56.2,565.0,Good,4,13.5,4
S00111,P91830,37,Female,Gynecological,67,Regional,Low,103.0,No,Low,14,1.0,H005,21.5,60.4,300.0,Good,2,8.2,18
S00112,P52387,74,Female,Gynecological,70,General,Medium,111.0,No,Medium,8,17.0,H012,22.6,44.2,845.0,Good,3,8.7,9
S00113,P79047,58,Male,Gynecological,172,General,Low,265.0,Yes,High,9,1.0,H006,27.5,77.9,1297.0,Moderate,3,19.6,11
S00114,P58036,51,Female,General,97,Local,Medium,179.0,No,Low,6,25.0,H009,21.8,44.0,659.0,Moderate,1,8.6,7
S00115,P65354,54,Male,General,126,General,Low,132.0,No,Low,7,28.0,H001,21.5,63.3,528.0,Good,3,13.8,10
S00116,P69372,58,Male,Urological,105,Local,Medium,132.0,No,Medium,7,25.0,H008,22.2,57.7,744.0,Moderate,2,16.8,10
S00117,P17061,20,Male,Cardiac,269,Regional,High,486.0,Yes,High,33,12.0,H012,21.4,53.0,1085.0,Moderate,2,13.0,37
S00118,P10920,28,Female,Gynecological,94,Regional,Low,148.0,No,Low,11,13.0,H006,18.9,26.1,394.0,Good,4,10.4,14
S00119,P95767,35,Female,Gynecological,148,General,High,213.0,No,High,15,17.0,H003,21.8,57.5,415.0,Poor,3,11.6,19
S00120,P42778,26,Female,Urological,105,Sedation,Low,195.0,No,Low,7,25.0,H002,20.5,35.0,573.0,Good,2,9.0,7
S00121,P14583,49,Female,Cardiac,241,Local,Low,473.0,No,Low,22,22.0,H003,24.4,38.9,807.0,Moderate,2,11.5,23
S00122,P20971,66,Female,Gynecological,107,Local,Low,174.0,No,Medium,6,14.0,H007,24.5,58.3,521.0,Moderate,3,9.3,10
S00123,P13511,65,Male,Orthopedic,115,Local,Medium,120.0,No,Low,14,24.0,H019,19.8,31.8,344.0,Good,2,5.6,15
S00124,P31549,51,Female,Orthopedic,121,Regional,Medium,187.0,No,Low,11,13.0,H009,21.7,64.8,640.0,Poor,1,6.3,11
S00125,P75632,79,Female,General,88,Sedation,High,,No,High,13,23.0,H018,24.3,84.5,904.0,Poor,2,7.1,17
S00126,P84654,58,Male,Orthopedic,131,Regional,Medium,185.0,No,Medium,14,8.0,H003,21.0,50.0,541.0,Poor,2,5.2,14
S00127,P15640,23,Female,ENT,122,Regional,Low,232.0,No,Low,6,14.0,H019,24.6,64.5,833.0,Good,4,6.9,7
S00128,P59361,73,Male,Ophthalmic,23,General,High,83.0,Yes,High,11,25.0,H018,28.5,46.3,786.0,Poor,5,12.0,12
S00129,P69498,59,Male,Orthopedic,154,General,High,378.0,No,High,22,8.0,H002,26.1,68.2,842.0,Poor,4,15.9,24
S00130,P87440,63,Male,Urological,68,Local,Medium,117.0,No,Low,3,18.0,H001,22.1,54.3,768.0,Good,4,6.2,3
S00131,P91459,58,Male,General,128,General,Medium,202.0,No,High,6,9.0,H013,20.3,90.7,896.0,Poor,5,17.1,7
S00132,P89992,57,Male,Gynecological,89,Local,Medium,158.0,No,Low,7,13.0,H005,24.7,45.5,768.0,Moderate,2,8.2,10
S00133,P74533,24,Female,Ophthalmic,72,Sedation,Low,141.0,No,Low,1,10.0,H013,23.2,55.5,734.0,Good,1,,5
S00134,P82534,58,Female,General,85,General,High,200.0,No,High,6,20.0,H013,24.6,61.7,1050.0,Poor,3,20.7,7
S00135,P77017,75,Female,Orthopedic,68,General,High,150.0,No,High,20,22.0,H002,22.0,44.4,854.0,Moderate,5,7.9,22
S00136,P78586,39,Male,Orthopedic,172,Regional,Medium,223.0,No,Medium,13,25.0,H016,21.7,50.7,1025.0,Poor,3,11.3,13
S00137,P91192,61,Male,General,61,General,Low,70.0,No,Low,6,11.0,H017,23.0,47.7,781.0,Moderate,1,10.9,6
S00138,P24948,20,Male,ENT,72,Local,Low,55.0,No,Medium,7,6.0,H010,24.3,46.8,782.0,Moderate,2,4.0,10
S00139,P17758,43,Female,General,58,Regional,High,140.0,Yes,High,15,27.0,H018,28.1,56.2,847.0,Poor,3,15.0,17
S00140,P34236,49,Male,Neurological,139,Regional,High,242.0,No,High,22,12.0,H012,21.8,50.2,898.0,Poor,6,15.3,26
S00141,P95633,88,Female,Orthopedic,113,Regional,Medium,158.0,Yes,High,19,19.0,H014,23.6,61.3,593.0,Moderate,5,11.7,22
S00142,P73366,33,Female,Ophthalmic,42,Regional,High,125.0,No,Medium,7,12.0,H006,17.8,,877.0,Moderate,2,15.7,11
S00143,P52333,37,Female,Neurological,144,General,Medium,211.0,No,Medium,16,25.0,H013,17.6,51.1,653.0,Moderate,1,9.3,20
S00144,P37094,47,Female,Gynecological,98,General,High,252.0,No,High,16,3.0,H019,25.3,77.0,832.0,Poor,3,9.8,16
S00145,P27951,89,Male,Gynecological,55,General,Low,73.0,No,High,6,2.0,H015,21.3,67.6,1287.0,Moderate,5,17.6,7
S00146,P43763,79,Female,Cardiac,243,Local,Low,293.0,No,Medium,20,10.0,H013,19.5,61.8,1012.0,Poor,2,7.4,21
S00147,P95611,20,Female,Orthopedic,116,General,Medium,130.0,No,Low,17,13.0,H008,19.7,47.9,690.0,Good,2,2.0,21
S00148,P94270,34,Female,Neurological,105,General,Low,180.0,No,Low,17,23.0,H003,22.7,19.0,580.0,Good,1,5.9,21
S00149,P97545,77,Female,Cardiac,224,General,Low,,No,High,19,14.0,H007,24.3,53.2,1048.0,Moderate,5,21.9,23
S00150,P73527,22,Female,Gynecological,114,General,Medium,150.0,No,Medium,16,8.0,H014,19.4,44.7,809.0,Moderate,2,12.1,19
S00151,P62747,79,Female,Urological,48,General,Low,56.0,No,Medium,12,3.0,H011,25.1,51.0,605.0,Moderate,4,13.6,15
S00152,P19597,38,Male,Cardiac,255,Local,Medium,499.0,No,High,21,24.0,H003,23.6,67.5,733.0,Poor,2,15.2,25
S00153,P63339,84,Female,General,102,General,Low,108.0,No,Medium,4,15.0,H005,22.6,71.4,838.0,Good,1,9.1,5
S00154,P74907,39,Female,Orthopedic,89,Regional,Medium,160.0,No,Low,7,28.0,H008,,33.1,449.0,Good,3,9.2,8
S00155,P47822,49,Male,Cardiac,239,General,Low,317.0,No,High,23,10.0,H001,23.4,47.6,890.0,Good,3,13.6,24
S00156,P81440,65,Female,Gynecological,124,Regional,Medium,200.0,No,High,13,7.0,H010,22.2,64.5,572.0,Poor,6,9.6,13
S00157,P63086,27,Male,Urological,53,General,Medium,96.0,No,Low,9,8.0,H018,22.0,50.6,948.0,Good,1,5.3,11
S00158,P92197,58,Female,Urological,73,Local,Low,119.0,No,Low,2,12.0,H014,22.5,50.7,330.0,Good,4,8.3,2
S00159,P19639,54,Male,Orthopedic,154,Sedation,Low,217.0,No,Medium,14,5.0,H018,22.8,60.1,424.0,Good,3,11.6,16
S00160,P71660,74,Male,General,64,General,Low,122.0,No,Medium,5,4.0,H019,23.1,52.3,320.0,Moderate,2,6.5,9
S00161,P40988,89,Female,General,103,Sedation,Low,163.0,No,Medium,7,23.0,H002,24.9,55.0,838.0,Good,5,10.8,7
S00162,P18613,65,Male,ENT,37,General,Low,96.0,No,Low,10,21.0,H008,21.1,54.7,411.0,Moderate,2,6.3,12
S00163,P37419,47,Male,Gynecological,95,Regional,Low,93.0,No,Low,12,15.0,H004,23.3,41.6,751.0,Moderate,1,2.4,16
S00164,P78874,47,Male,Ophthalmic,73,Local,Medium,71.0,No,Medium,4,14.0,H013,,44.7,653.0,Moderate,5,12.8,8
S00165,P26680,48,Male,Orthopedic,47,General,Low,84.0,No,Low,13,15.0,H001,24.8,49.2,855.0,Good,2,7.7,15
S00166,P69066,76,Female,General,73,General,Low,108.0,No,Medium,8,18.0,H013,20.3,47.3,553.0,Good,3,11.8,11
S00167,P28135,41,Female,Urological,92,General,Low,159.0,No,Low,5,9.0,H008,24.6,38.3,612.0,Good,2,4.7,6
S00168,P51051,30,Male,Neurological,186,Regional,Low,217.0,No,Low,19,23.0,H004,,36.9,822.0,Good,4,5.1,21
S00169,P23090,42,Female,General,74,General,Medium,112.0,No,Medium,6,1.0,H004,27.0,55.0,960.0,Good,4,2.9,9
S00170,P78447,19,Male,General,56,Local,Medium,91.0,No,Medium,4,23.0,H013,22.6,67.5,924.0,Moderate,3,9.3,7
S00171,P88487,25,Female,ENT,88,General,Medium,117.0,No,Low,7,24.0,H010,,54.7,711.0,Good,2,7.4,11
S00172,P57260,24,Male,Orthopedic,110,Sedation,Low,172.0,No,Low,7,15.0,H017,21.7,38.6,595.0,Good,1,11.6,11
S00173,P45278,73,Male,Ophthalmic,76,General,Low,82.0,No,High,1,9.0,H019,26.8,79.0,,Moderate,6,13.3,5
S00174,P93905,70,Male,General,101,Regional,Low,163.0,Yes,Medium,13,26.0,H011,23.5,48.6,387.0,Poor,2,5.9,17
S00175,P95157,68,Female,General,76,General,Medium,146.0,No,Medium,10,24.0,H014,22.0,76.3,612.0,Poor,4,7.2,10
S00176,P93842,51,Male,General,122,General,Low,137.0,No,Medium,8,28.0,H010,24.2,53.1,945.0,Moderate,5,11.2,8
S00177,P80482,69,Male,Cardiac,222,General,Medium,246.0,No,High,18,1.0,H008,17.6,71.1,1118.0,Poor,7,22.5,22
S00178,P30290,29,Female,ENT,105,Regional,Medium,194.0,No,High,4,19.0,H013,22.5,59.5,764.0,Moderate,5,16.6,7
S00179,P24437,82,Female,Ophthalmic,99,General,Medium,109.0,No,High,3,1.0,H001,26.4,54.5,980.0,Moderate,4,15.8,7
S00180,P49651,54,Male,ENT,101,Regional,Medium,176.0,No,High,9,2.0,H016,23.2,72.8,699.0,Good,3,18.0,13
S00181,P61107,85,Female,ENT,64,Sedation,High,147.0,No,High,10,2.0,H014,25.8,57.1,1018.0,Poor,4,11.5,11
S00182,P27866,28,Female,Gynecological,176,General,Low,241.0,No,Medium,12,23.0,H005,23.1,65.5,988.0,Poor,1,6.5,15
S00183,P23102,53,Male,General,94,General,Low,182.0,Yes,Low,12,22.0,H001,21.2,50.6,300.0,Good,1,8.3,16
S00184,P39764,68,Female,Urological,87,General,High,204.0,No,High,7,26.0,H004,26.1,55.7,487.0,Moderate,2,9.0,10
S00185,P41580,53,Male,Orthopedic,119,General,Medium,188.0,No,Medium,9,19.0,H014,25.0,61.2,627.0,Moderate,3,6.9,13
S00186,P30078,50,Female,Urological,46,Regional,Low,39.0,No,Low,7,17.0,H013,23.5,48.6,694.0,Good,2,11.5,7
S00187,P51549,29,Male,General,128,Local,Low,219.0,No,Low,9,6.0,H013,21.7,40.5,540.0,Good,3,10.6,12
S00188,P56072,45,Female,Gynecological,82,General,Low,96.0,Yes,Low,13,21.0,H001,27.1,40.9,832.0,Good,2,11.6,17
S00189,P18718,35,Male,Neurological,207,General,Medium,296.0,No,High,19,27.0,H001,23.7,71.5,666.0,Moderate,6,20.1,21
S00190,P10057,39,Male,Neurological,214,Regional,Low,321.0,No,Medium,15,11.0,H016,22.9,19.9,781.0,Moderate,3,4.1,16
S00191,P13247,67,Female,Orthopedic,138,General,Low,285.0,No,Medium,12,21.0,H009,26.3,55.9,605.0,Good,3,9.7,13
S00192,P81225,63,Male,General,69,Regional,Low,98.0,No,Low,11,15.0,H006,25.1,32.7,549.0,Good,3,8.8,12
S00193,P82576,61,Female,General,79,Sedation,High,134.0,No,High,12,16.0,H002,26.2,61.6,1097.0,Moderate,2,9.0,14
S00194,P24304,44,Female,Cardiac,159,General,Medium,308.0,No,High,20,24.0,H003,22.7,84.0,707.0,Moderate,5,20.0,23
S00195,P94784,87,Female,Cardiac,236,Regional,Low,405.0,No,High,18,9.0,H015,24.4,47.3,1126.0,Poor,3,15.8,19
S00196,P34670,24,Male,General,114,Local,High,247.0,No,Medium,12,26.0,H015,23.3,66.0,880.0,Moderate,4,10.2,13
S00197,P90586,42,Female,Cardiac,232,Regional,Low,451.0,No,High,23,29.0,H006,28.4,71.2,1147.0,Poor,3,13.9,24
S00198,P25741,26,Male,Urological,62,Local,Medium,125.0,No,Medium,9,4.0,H005,27.7,42.5,1133.0,Poor,4,7.0,11
S00199,P83562,42,Male,Orthopedic,111,Local,Medium,136.0,No,Medium,13,15.0,H006,20.7,44.5,753.0,Poor,2,13.1,14
S00200,P41855,87,Female,General,126,Regional,Low,136.0,Yes,High,8,1.0,H008,26.1,,892.0,Moderate,5,23.4,12
S00201,P80375,44,Female,Orthopedic,118,Regional,Medium,206.0,No,Medium,13,10.0,H017,20.9,66.6,846.0,Good,1,15.0,17
S00202,P16932,83,Female,General,145,Local,High,256.0,No,High,14,11.0,H008,23.1,89.1,692.0,Good,3,2.9,16
S00203,P61525,53,Male,General,72,Regional,Low,,No,Low,4,20.0,H015,20.3,41.1,583.0,Good,1,7.3,4
S00204,P87300,68,Female,General,96,Regional,Low,111.0,No,Low,7,12.0,H016,25.3,57.8,434.0,Good,1,11.3,8
S00205,P21446,50,Female,General,76,General,Medium,127.0,No,Low,11,11.0,H012,22.5,44.2,872.0,Moderate,4,9.4,12
S00206,P47344,37,Male,General,152,Local,Low,246.0,No,Low,6,23.0,H006,22.6,36.5,399.0,Good,4,,10
S00207,P90277,73,Female,Orthopedic,125,General,Medium,181.0,Yes,High,18,22.0,H019,24.1,,791.0,Moderate,4,15.8,22
S00208,P93178,87,Male,General,153,General,Low,165.0,No,Medium,2,1.0,H013,23.4,46.2,593.0,Good,2,9.2,5
S00209,P55008,36,Male,Neurological,167,General,Medium,311.0,No,Medium,19,10.0,H014,23.9,54.2,480.0,Moderate,1,5.2,19
S00210,P14226,74,Female,Gynecological,145,General,Medium,228.0,No,High,7,23.0,H019,23.6,60.3,754.0,Poor,4,15.6,10
S00211,P94903,36,Female,General,93,Regional,High,220.0,No,High,5,3.0,H012,20.3,74.1,943.0,Moderate,3,15.8,8
S00212,P25533,69,Male,Urological,105,General,Low,91.0,No,Low,5,16.0,H012,19.3,64.6,759.0,Moderate,1,6.8,6
S00213,P46932,74,Male,General,53,Regional,High,130.0,No,High,10,15.0,H016,21.8,78.1,387.0,Moderate,5,12.3,14
S00214,P85223,50,Male,Cardiac,250,Regional,Medium,321.0,Yes,High,21,21.0,H003,24.6,54.2,988.0,Poor,3,12.8,23
S00215,P19902,71,Female,Cardiac,207,General,Medium,312.0,No,High,16,20.0,H019,22.4,50.7,1052.0,Moderate,3,11.5,20
S00216,P51742,37,Male,Orthopedic,127,General,Medium,226.0,No,Medium,15,15.0,H006,25.3,48.2,764.0,Good,3,8.4,15
S00217,P66042,23,Male,General,44,Regional,Low,70.0,No,Low,6,12.0,H019,22.5,47.2,1119.0,Good,3,9.9,10
S00218,P15349,24,Female,Urological,77,Local,Medium,115.0,No,Medium,5,23.0,H011,18.4,48.9,946.0,Moderate,1,8.5,7
S00219,P53576,50,Male,Gynecological,132,General,Low,198.0,No,Low,9,12.0,H017,21.2,32.0,930.0,Poor,2,12.2,10
S00220,P14201,82,Female,General,106,General,Low,109.0,Yes,Medium,17,13.0,H007,19.1,37.5,397.0,Good,3,10.4,17
S00221,P68167,27,Male,Orthopedic,82,General,Medium,100.0,No,Low,17,13.0,H015,19.7,58.2,667.0,Good,2,6.3,21
S00222,P90535,50,Female,Urological,23,General,Low,42.0,No,Medium,7,11.0,H010,21.2,61.6,864.0,Moderate,1,4.7,8
S00223,P28310,68,Male,Orthopedic,134,General,Medium,180.0,Yes,High,21,19.0,H013,23.0,55.3,731.0,Poor,5,14.3,23
S00224,P33553,32,Male,Neurological,227,Sedation,Low,418.0,No,Medium,18,19.0,H011,27.0,46.7,557.0,Good,4,14.6,20
S00225,P21647,69,Male,Urological,51,General,Low,89.0,Yes,Medium,7,27.0,H019,24.0,48.1,829.0,Moderate,2,8.2,10
S00226,P46979,40,Female,Neurological,242,General,Medium,426.0,No,High,12,13.0,H014,23.7,32.2,1076.0,Poor,3,6.8,12
S00227,P10346,76,Female,Orthopedic,119,Local,Low,190.0,No,Medium,11,23.0,H005,25.3,52.2,1035.0,Moderate,3,9.8,13
S00228,P90729,59,Male,Cardiac,181,Regional,High,297.0,No,High,19,9.0,H012,23.3,41.3,1041.0,Poor,3,1.5,20
S00229,P18601,57,Male,General,43,General,High,112.0,No,Medium,10,28.0,H007,20.5,36.9,506.0,Good,5,7.2,14
S00230,P70086,30,Female,Orthopedic,143,Regional,Low,241.0,No,Low,12,27.0,H014,23.7,52.6,722.0,Poor,3,5.6,14
S00231,P38849,51,Male,Gynecological,103,Sedation,Low,88.0,No,Low,11,18.0,H010,19.8,41.1,641.0,Good,1,5.1,14
S00232,P79339,79,Male,General,134,General,Low,250.0,Yes,High,13,21.0,H005,24.7,61.5,1007.0,Good,3,11.4,13
S00233,P14607,19,Female,Neurological,144,General,Medium,194.0,No,Medium,20,17.0,H005,23.2,37.1,434.0,Moderate,4,9.9,20
S00234,P52434,72,Male,Cardiac,243,Local,Low,358.0,No,High,18,6.0,H009,23.9,54.9,815.0,Poor,6,10.8,21
S00235,P18351,53,Male,Urological,80,Local,High,168.0,No,Medium,12,28.0,H010,26.6,52.4,808.0,Good,3,6.7,12
S00236,P72571,69,Male,Neurological,175,Sedation,High,310.0,No,High,18,22.0,H016,26.4,52.1,983.0,Moderate,3,8.9,18
S00237,P27308,65,Male,Gynecological,88,General,Low,97.0,No,Low,12,13.0,H013,22.3,66.5,574.0,Good,2,7.3,15
S00238,P62588,49,Female,General,79,Sedation,Medium,122.0,No,Medium,10,8.0,H015,18.9,50.9,753.0,Poor,3,10.9,13
S00239,P46622,40,Female,Orthopedic,125,General,Low,209.0,No,Low,16,20.0,H003,,51.6,425.0,Poor,1,,19
S00240,P25325,63,Female,General,99,Local,Medium,87.0,No,Medium,6,13.0,H004,21.4,34.2,816.0,Good,2,4.9,6
S00241,P27337,28,Male,General,97,Local,Low,107.0,No,Low,8,25.0,H001,21.8,40.6,541.0,Poor,4,10.6,11
S00242,P61541,60,Female,General,126,General,Medium,222.0,No,High,2,7.0,H002,23.2,54.8,,Poor,5,11.9,3
S00243,P29379,24,Male,Urological,43,General,Low,73.0,No,Low,2,16.0,H003,23.0,59.4,478.0,Good,4,8.7,5
S00244,P93301,64,Female,Ophthalmic,20,Regional,High,81.0,No,High,7,4.0,H013,22.2,76.7,678.0,Poor,7,13.1,8
S00245,P78712,63,Male,Urological,110,Local,Low,142.0,No,Low,11,21.0,H009,22.4,43.2,535.0,Moderate,4,13.0,14
S00246,P41070,24,Female,General,61,General,Medium,104.0,Yes,Medium,8,12.0,H009,21.1,52.4,538.0,Poor,5,8.8,8
S00247,P45270,72,Male,General,78,Local,High,138.0,No,High,10,6.0,H015,,77.7,894.0,Moderate,4,14.1,10
S00248,P54448,47,Male,General,71,General,Medium,103.0,No,Low,8,17.0,H008,21.3,45.9,640.0,Good,3,8.2,8
S00249,P82223,74,Male,Cardiac,220,General,Medium,243.0,No,High,19,17.0,H001,23.0,44.5,923.0,Moderate,3,16.6,23
S00250,P47447,20,Male,Urological,36,General,Low,52.0,No,Low,6,9.0,H001,20.4,58.5,610.0,Moderate,3,11.5,7
S00251,P46955,30,Male,Urological,62,Sedation,Low,73.0,No,Low,9,28.0,H004,22.3,55.1,733.0,Good,2,8.8,11
S00252,P71975,53,Female,Cardiac,259,General,Low,447.0,No,High,21,3.0,H008,21.3,61.1,796.0,Good,3,21.9,23
S00253,P33105,31,Female,Ophthalmic,59,Regional,High,146.0,No,Medium,6,10.0,H017,20.2,64.7,889.0,Good,2,10.1,7
S00254,P66430,41,Male,Urological,95,General,Low,126.0,Yes,Low,10,8.0,H004,23.1,,865.0,Good,1,11.6,12
S00255,P44615,65,Female,General,75,Sedation,Low,137.0,No,Low,6,27.0,H014,20.7,57.5,411.0,Good,4,8.7,6
S00256,P52934,28,Female,Ophthalmic,87,Local,Medium,105.0,No,Medium,1,8.0,H001,23.2,32.4,826.0,Good,4,11.8,5
S00257,P79686,66,Female,Orthopedic,104,General,Low,154.0,No,Medium,12,7.0,H003,19.2,34.7,1083.0,Poor,1,5.0,16
S00258,P14255,25,Female,Orthopedic,56,General,High,123.0,No,High,15,18.0,H008,24.9,64.2,1101.0,Moderate,6,10.6,17
S00259,P68645,30,Female,Neurological,189,General,Low,325.0,No,Medium,17,8.0,H013,24.1,54.6,500.0,Good,2,12.8,19
S00260,P33808,60,Female,General,113,General,Low,191.0,No,Medium,4,9.0,H016,23.7,63.9,833.0,Poor,4,11.5,7
S00261,P10832,75,Female,Neurological,163,Local,Medium,308.0,No,High,18,8.0,H015,24.9,79.9,784.0,Poor,6,16.0,18
S00262,P38307,30,Female,ENT,105,Regional,Medium,160.0,No,Medium,3,16.0,H017,23.8,65.4,452.0,Good,5,7.7,6
S00263,P80094,39,Male,Cardiac,214,General,High,180.0,No,High,21,22.0,H009,25.2,59.3,846.0,Moderate,4,17.3,22
S00264,P75923,84,Male,Cardiac,260,Local,Low,356.0,No,High,15,14.0,H005,22.8,41.3,630.0,Moderate,2,14.6,18
S00265,P33119,89,Male,General,142,Regional,Low,279.0,No,Medium,9,26.0,H008,21.6,60.4,329.0,Good,4,7.2,9
S00266,P45665,59,Female,Orthopedic,121,General,Low,169.0,No,Medium,16,8.0,H006,23.0,56.1,824.0,Poor,2,8.2,20
S00267,P88296,50,Male,Gynecological,93,General,Low,86.0,No,Low,7,25.0,H007,22.0,47.4,300.0,Good,1,4.8,8
S00268,P44047,42,Female,Neurological,176,General,Medium,287.0,No,High,20,22.0,H002,26.0,27.0,1133.0,Moderate,3,7.1,23
S00269,P32910,62,Female,ENT,118,Regional,Low,195.0,No,Medium,1,3.0,H015,22.9,39.5,763.0,Moderate,2,9.4,5
S00270,P50127,60,Female,Gynecological,112,General,Medium,143.0,No,Low,9,20.0,H018,19.4,60.2,899.0,Good,1,6.3,13
S00271,P80512,39,Male,Orthopedic,184,Regional,High,312.0,Yes,High,20,29.0,H002,25.3,43.7,1128.0,Good,3,13.6,22
S00272,P48878,19,Female,Orthopedic,128,General,Low,159.0,No,Low,13,20.0,H002,20.1,56.9,,Good,3,7.7,16
S00273,P56345,28,Female,Orthopedic,100,Regional,Medium,165.0,No,Medium,15,8.0,H016,23.3,55.5,624.0,Moderate,1,5.5,15
S00274,P74589,87,Male,ENT,52,General,Low,78.0,No,Medium,3,13.0,H018,24.2,,563.0,Good,3,15.1,3
S00275,P87470,48,Female,Gynecological,101,Regional,Medium,116.0,No,Medium,8,26.0,H001,20.8,58.9,694.0,Moderate,1,4.8,12
S00276,P70327,52,Male,General,28,General,Low,41.0,No,Low,9,10.0,H013,19.9,49.0,799.0,Good,2,8.0,9
S00277,P46550,51,Female,Cardiac,225,General,Medium,288.0,Yes,High,26,14.0,H008,24.2,62.1,1395.0,Moderate,4,10.6,27
S00278,P78657,74,Male,Ophthalmic,46,General,Low,89.0,No,Medium,1,18.0,H015,20.4,37.7,525.0,Good,3,6.7,5
S00279,P80180,22,Male,Cardiac,247,Regional,Low,436.0,No,High,21,25.0,H010,21.6,76.6,1091.0,Poor,1,12.9,23
S00280,P28666,23,Male,Gynecological,158,Local,Low,,No,Low,12,28.0,H005,21.0,35.7,608.0,Good,3,8.5,16
S00281,P72606,37,Male,Gynecological,101,General,Low,153.0,No,Low,13,21.0,H006,23.2,35.6,608.0,Poor,2,7.9,14
S00282,P76729,53,Male,Cardiac,182,Local,High,378.0,No,High,20,13.0,H012,21.0,,1073.0,Good,2,12.6,22
S00283,P37164,66,Female,General,62,Regional,Low,89.0,No,Low,3,12.0,H005,20.5,38.2,300.0,Good,2,8.8,6
S00284,P36657,53,Male,Cardiac,247,Regional,High,476.0,No,High,26,20.0,H003,28.8,81.4,,Moderate,6,18.1,27
S00285,P70668,49,Male,Neurological,182,Regional,Low,353.0,Yes,High,22,3.0,H011,27.8,46.6,708.0,Moderate,4,10.4,26
S00286,P10005,85,Female,ENT,118,General,Low,159.0,No,Low,1,13.0,H013,24.4,59.5,747.0,Good,2,8.5,1
S00287,P36143,29,Female,Gynecological,128,Local,Low,255.0,No,Medium,7,11.0,H016,22.1,76.1,,Moderate,4,8.5,9
S00288,P67561,59,Female,Urological,107,Local,Low,203.0,No,Low,6,28.0,H012,23.5,58.6,939.0,Good,4,7.6,10
S00289,P50893,57,Female,General,83,Local,Medium,130.0,No,Medium,6,25.0,H008,22.0,42.3,1021.0,Poor,2,7.4,10
S00290,P11061,52,Male,Cardiac,272,General,Low,371.0,No,High,23,8.0,H016,19.0,69.3,903.0,Poor,4,17.4,26
S00291,P21448,76,Female,Gynecological,73,Regional,High,164.0,No,High,10,20.0,H009,21.0,82.3,880.0,Poor,4,14.4,14
S00292,P18819,37,Male,General,119,General,Low,169.0,No,Low,9,14.0,H013,21.1,32.0,923.0,Good,2,7.3,12
S00293,P57770,86,Female,Orthopedic,111,Regional,Low,140.0,No,Low,14,25.0,H018,22.1,63.2,696.0,Good,2,12.3,18
S00294,P13701,41,Female,General,46,General,Low,76.0,No,Low,3,15.0,H019,23.0,,745.0,Good,4,7.7,6
S00295,P78637,57,Female,General,107,General,Medium,127.0,No,Medium,6,19.0,H009,26.2,77.0,996.0,Good,2,1.1,10
S00296,P64572,55,Female,Gynecological,141,Regional,Medium,197.0,No,Medium,11,22.0,H010,22.3,58.3,1041.0,Moderate,2,14.4,11
S00297,P55375,79,Female,Cardiac,227,Local,High,368.0,Yes,High,29,24.0,H017,24.9,67.5,772.0,Moderate,2,15.0,33
S00298,P28709,49,Male,Ophthalmic,106,General,Low,115.0,No,Low,4,21.0,H011,21.6,58.2,821.0,Moderate,2,7.1,4
S00299,P26738,38,Female,Neurological,130,Regional,Low,220.0,No,Medium,16,,H015,23.8,36.6,887.0,Moderate,1,9.1,17
S00300,P82824,19,Female,Cardiac,204,Regional,Medium,292.0,No,Medium,22,22.0,H002,22.2,42.0,1050.0,Moderate,3,10.6,26
S00301,P65417,44,Female,Orthopedic,115,Sedation,Medium,217.0,No,Medium,12,10.0,H016,21.7,51.2,719.0,Poor,1,10.9,16
S00302,P42067,77,Male,Urological,68,Regional,Medium,97.0,No,Medium,15,22.0,H003,24.5,50.0,,Good,5,6.9,18
S00303,P28829,18,Male,Neurological,159,General,Low,219.0,No,Low,14,28.0,H008,19.7,42.7,530.0,Good,2,6.3,15
S00304,P40165,82,Female,General,94,General,Medium,115.0,No,Medium,15,14.0,H004,21.0,74.9,788.0,Moderate,4,8.4,15
S00305,P37117,57,Male,Cardiac,224,Regional,Low,338.0,No,High,18,26.0,H018,,75.9,1153.0,Moderate,4,12.1,19
S00306,P56330,28,Male,Gynecological,89,General,High,184.0,No,Medium,16,5.0,H003,21.0,23.8,766.0,Moderate,2,10.4,18
S00307,P33785,39,Male,Urological,88,Sedation,Low,151.0,No,Low,10,13.0,H011,21.3,50.5,677.0,Good,3,10.9,12
S00308,P79752,57,Female,Neurological,159,Sedation,Medium,241.0,No,High,15,26.0,H003,24.5,45.2,1014.0,Poor,5,16.7,15
S00309,P15209,40,Male,ENT,66,Sedation,Low,140.0,No,Low,6,22.0,H001,21.9,63.8,758.0,Good,2,9.6,8
S00310,P72675,25,Male,Orthopedic,100,General,Medium,163.0,No,Medium,12,10.0,H005,21.0,53.2,742.0,Poor,1,12.7,16
S00311,P10567,65,Male,Orthopedic,83,Local,High,149.0,Yes,High,22,15.0,H002,24.4,71.1,964.0,Moderate,4,8.2,25
S00312,P28588,66,Female,General,112,Regional,High,181.0,No,High,10,4.0,H006,22.5,49.2,1202.0,Good,2,13.5,13
S00313,P94393,26,Female,Gynecological,151,General,Low,250.0,No,Medium,8,24.0,H004,25.6,37.1,370.0,Poor,2,5.2,12
S00314,P78714,38,Male,Cardiac,271,General,Low,323.0,No,High,19,4.0,H014,23.6,61.9,870.0,Poor,2,14.5,20
S00315,P98424,35,Male,General,99,General,Medium,166.0,No,Low,8,17.0,H004,23.2,42.8,300.0,Moderate,1,5.7,11
S00316,P55612,65,Female,Cardiac,220,General,Medium,389.0,No,High,18,15.0,H010,25.9,59.2,705.0,Good,7,12.2,19
S00317,P22397,70,Male,General,81,Sedation,Medium,143.0,No,Medium,4,18.0,H001,22.3,64.7,753.0,Good,4,5.3,4
S00318,P98865,70,Female,Gynecological,131,Local,Low,162.0,No,Medium,12,13.0,H018,20.3,59.8,712.0,Good,3,12.9,16
S00319,P78404,85,Male,ENT,20,General,Low,35.0,No,Medium,6,3.0,H009,24.0,45.2,300.0,Moderate,1,16.2,7
S00320,P56512,73,Female,General,79,Regional,Low,126.0,Yes,Medium,8,20.0,H007,18.9,,369.0,Good,4,8.0,11
S00321,P79147,41,Male,General,112,General,Medium,147.0,Yes,Medium,8,26.0,H007,19.4,32.4,591.0,Poor,2,10.8,12
S00322,P35755,25,Female,General,55,General,Low,79.0,No,Low,1,18.0,H002,23.2,26.6,300.0,Good,1,8.2,4
S00323,P81022,62,Male,Cardiac,252,General,Low,413.0,No,High,23,2.0,H005,24.2,77.5,652.0,Poor,4,16.9,24
S00324,P78502,83,Female,Cardiac,251,Regional,Medium,325.0,No,High,23,4.0,H017,21.1,43.6,693.0,Poor,5,7.0,25
S00325,P22499,88,Female,ENT,26,Regional,Medium,41.0,No,Medium,1,8.0,H008,21.6,70.1,,Poor,5,12.4,1
S00326,P12636,34,Female,Cardiac,242,Local,High,517.0,Yes,High,30,9.0,H017,22.4,53.3,688.0,Poor,4,15.8,32
S00327,P86183,35,Male,Urological,61,Local,Low,109.0,No,Low,13,4.0,H004,26.4,51.6,300.0,Good,2,9.0,14
S00328,P75216,20,Male,Orthopedic,132,General,Low,201.0,Yes,High,14,26.0,H007,27.0,72.5,1118.0,Poor,4,14.4,18
S00329,P36411,28,Female,Urological,100,Local,Medium,157.0,No,Low,6,22.0,H013,20.4,61.4,772.0,Good,2,,6
S00330,P58885,57,Female,Orthopedic,131,General,Low,175.0,No,Medium,9,23.0,H002,21.5,44.0,618.0,Good,3,9.4,13
S00331,P12661,57,Male,ENT,72,General,Medium,96.0,No,High,7,28.0,H007,24.5,61.8,,Good,7,13.0,7
S00332,P25808,44,Male,Gynecological,108,Regional,Low,112.0,No,Low,9,26.0,H017,20.0,49.8,1019.0,Good,4,1.0,9
S00333,P17965,40,Male,Orthopedic,84,General,Medium,132.0,No,Low,12,5.0,H010,20.9,54.5,664.0,Moderate,4,8.3,14
S00334,P12169,77,Female,Gynecological,99,General,Low,168.0,No,Medium,10,1.0,H018,21.5,52.4,682.0,Poor,4,12.2,12
S00335,P22388,51,Female,General,66,General,Medium,97.0,No,Low,5,22.0,H003,20.2,41.2,565.0,Good,2,7.4,9
S00336,P14192,76,Female,Neurological,210,General,Medium,259.0,Yes,High,21,27.0,H019,26.3,66.7,922.0,Poor,5,21.5,23
S00337,P94931,87,Female,Cardiac,260,Sedation,Low,395.0,No,High,21,21.0,H017,22.5,38.8,793.0,Moderate,3,19.3,22
S00338,P17360,40,Male,Gynecological,120,General,Low,228.0,No,Low,8,25.0,H008,21.8,50.0,823.0,Good,4,8.4,11
S00339,P21829,32,Male,Gynecological,151,Regional,Low,267.0,No,Medium,8,18.0,H011,22.2,51.1,940.0,Moderate,5,14.6,10
S00340,P53894,86,Male,Neurological,170,Sedation,Medium,253.0,No,High,17,14.0,H003,26.3,37.8,1197.0,Moderate,5,16.9,17
S00341,P64157,63,Female,Ophthalmic,43,Regional,Low,90.0,No,Medium,3,4.0,H003,23.6,48.3,625.0,Good,4,12.8,4
S00342,P73682,38,Male,Cardiac,229,General,Low,528.0,No,Medium,22,20.0,H008,26.8,48.3,720.0,Good,1,9.5,23
S00343,P18768,62,Male,Orthopedic,71,Sedation,Medium,96.0,No,Medium,15,9.0,H007,22.7,42.1,413.0,Poor,4,9.9,17
S00344,P22042,55,Male,General,44,General,Medium,62.0,Yes,Medium,7,8.0,H012,21.6,59.8,395.0,Good,2,12.0,8
S00345,P11472,83,Male,Orthopedic,138,General,Medium,235.0,No,Medium,18,26.0,H018,,61.8,902.0,Poor,5,6.1,19
S00346,P24307,36,Female,Cardiac,198,Regional,Low,242.0,No,Medium,21,20.0,H001,26.1,61.9,840.0,Poor,4,7.0,21
S00347,P27195,89,Male,General,57,General,High,150.0,No,High,9,13.0,H016,22.1,82.6,528.0,Poor,5,17.3,11
S00348,P83261,85,Male,Cardiac,236,Local,Low,361.0,No,High,18,24.0,H006,27.9,78.3,739.0,Poor,4,12.1,21
S00349,P63179,31,Female,Cardiac,227,General,Low,365.0,No,Medium,26,22.0,H013,,32.6,405.0,Moderate,5,10.5,29
S00350,P30512,29,Male,Gynecological,126,Regional,Medium,167.0,No,Medium,17,15.0,H018,21.5,46.8,838.0,Moderate,1,10.4,18
S00351,P20621,56,Male,General,91,Local,Low,114.0,No,Low,12,29.0,H014,22.0,66.1,514.0,Good,2,5.3,14
S00352,P84510,21,Male,Urological,56,Sedation,Medium,50.0,No,Medium,8,1.0,H001,,47.9,500.0,Good,1,9.3,12
S00353,P74183,39,Female,General,119,General,Low,231.0,No,Low,8,15.0,H012,19.9,44.5,537.0,Good,3,8.4,12
S00354,P18553,49,Male,General,111,General,Low,197.0,No,Low,11,13.0,H003,22.3,54.0,534.0,Moderate,3,10.5,13
S00355,P60332,87,Female,Cardiac,197,Sedation,Medium,335.0,No,High,20,4.0,H005,25.4,53.7,977.0,Moderate,3,14.6,21
S00356,P85322,89,Female,Urological,87,Regional,Low,139.0,No,Medium,9,22.0,H012,24.2,72.2,620.0,Good,4,4.3,11
S00357,P34316,28,Female,Orthopedic,98,General,Medium,79.0,No,Medium,14,3.0,H012,22.9,48.1,1048.0,Good,5,4.5,18
S00358,P75931,82,Male,Cardiac,217,General,Medium,276.0,Yes,High,31,21.0,H019,23.2,89.4,467.0,Poor,3,8.8,34
S00359,P44855,24,Female,Urological,136,Local,Low,193.0,No,Medium,12,22.0,H006,27.3,46.3,850.0,Good,4,9.7,13
S00360,P23289,71,Male,Gynecological,103,Regional,Medium,121.0,No,High,9,15.0,H018,22.8,49.0,1351.0,Poor,4,10.2,13
S00361,P35444,78,Male,General,83,Regional,High,132.0,No,High,14,8.0,H009,25.4,,565.0,Good,5,24.0,18
S00362,P40414,82,Female,Orthopedic,122,Local,Medium,147.0,No,High,13,29.0,H005,26.9,57.6,972.0,Poor,4,9.0,15
S00363,P13556,34,Male,Orthopedic,146,General,Low,221.0,No,Medium,12,21.0,H012,24.7,61.6,,Moderate,2,10.1,16
S00364,P39979,82,Male,General,68,General,Medium,103.0,No,High,6,4.0,H012,22.1,48.1,558.0,Good,5,11.2,8
S00365,P96941,26,Male,Gynecological,84,Regional,High,198.0,No,Medium,13,22.0,H018,22.8,41.9,899.0,Moderate,3,5.1,16
S00366,P22045,55,Male,General,109,Local,Medium,230.0,No,Medium,4,5.0,H019,20.8,62.1,488.0,Poor,4,6.6,8
S00367,P11028,51,Male,Orthopedic,74,General,Low,126.0,No,Low,12,19.0,H013,20.9,24.0,781.0,Good,4,8.7,12
S00368,P43940,40,Female,Orthopedic,149,Regional,Low,215.0,No,Medium,9,8.0,H012,22.6,37.7,820.0,Moderate,5,13.3,11
S00369,P96570,19,Female,General,41,General,Medium,83.0,No,Medium,4,19.0,H006,22.0,51.8,902.0,Poor,2,7.9,4
S00370,P71004,73,Male,Gynecological,92,General,Medium,94.0,No,High,10,24.0,H005,20.6,69.0,728.0,Poor,7,,12
S00371,P56210,42,Female,Orthopedic,72,Sedation,High,113.0,No,High,20,23.0,H012,22.6,,1024.0,Poor,7,16.3,24
S00372,P75748,65,Male,Orthopedic,88,General,High,158.0,Yes,High,24,23.0,H014,21.7,69.2,,Moderate,1,12.4,25
S00373,P10896,47,Male,Cardiac,278,General,Low,484.0,No,Medium,22,21.0,H007,23.8,42.8,656.0,Moderate,1,10.9,25
S00374,P28261,44,Male,Orthopedic,151,Local,Medium,234.0,No,Medium,9,23.0,H010,19.3,68.3,300.0,Poor,4,11.6,12
S00375,P85817,81,Male,General,124,General,Low,144.0,No,Medium,4,27.0,H011,21.5,68.6,769.0,Poor,2,9.8,7
S00376,P74959,24,Male,Orthopedic,76,General,Low,97.0,No,Low,13,26.0,H010,20.5,40.2,1047.0,Good,4,7.6,13
S00377,P51504,71,Male,General,58,Local,Low,65.0,No,Medium,9,23.0,H001,24.2,48.8,451.0,Good,3,10.1,10
S00378,P33999,71,Male,Urological,90,General,High,151.0,No,High,9,13.0,H010,22.2,40.1,1058.0,Poor,2,21.2,9
S00379,P30479,45,Female,ENT,91,Regional,Low,178.0,No,Low,1,9.0,H005,24.1,61.2,553.0,Good,2,6.5,1
S00380,P13825,36,Male,ENT,46,General,Low,67.0,No,Low,9,10.0,H003,21.9,34.6,393.0,Good,3,9.9,10
S00381,P89401,18,Male,Cardiac,222,General,Low,450.0,No,Medium,18,18.0,H009,23.5,44.0,581.0,Good,4,15.8,19
S00382,P27516,85,Male,Orthopedic,86,Regional,Low,106.0,No,Medium,10,18.0,H015,24.4,50.9,1026.0,Good,4,13.4,10
S00383,P83278,86,Female,Neurological,229,General,Medium,377.0,No,High,18,13.0,H016,22.9,42.6,,Poor,4,21.4,20
S00384,P40801,35,Male,Gynecological,85,Local,Low,133.0,No,Low,9,12.0,H007,21.5,40.0,575.0,Poor,4,2.7,9
S00385,P91817,20,Female,Orthopedic,120,Sedation,Low,211.0,No,Low,12,22.0,H011,22.8,54.5,300.0,Good,2,7.0,16
S00386,P13231,26,Male,Neurological,182,Local,Low,286.0,No,Low,18,16.0,H004,22.4,44.0,710.0,Good,2,1.5,19
S00387,P56525,22,Male,Cardiac,273,General,Medium,490.0,Yes,High,23,1.0,H006,21.0,68.6,935.0,Poor,3,,25
S00388,P18577,77,Female,Cardiac,211,General,Medium,351.0,No,High,19,5.0,H009,24.9,75.6,814.0,Poor,7,14.6,19
S00389,P10139,82,Male,Gynecological,135,Local,Medium,158.0,No,High,9,10.0,H008,23.4,44.9,,Good,5,17.2,9
S00390,P42061,29,Male,Gynecological,61,Regional,Low,104.0,No,Low,3,12.0,H013,22.3,44.6,705.0,Poor,4,8.9,7
S00391,P67349,71,Male,General,124,Local,Low,182.0,No,Medium,9,22.0,H015,22.2,44.9,1029.0,Good,4,11.1,11
S00392,P93211,30,Female,Ophthalmic,20,Local,Low,25.0,No,Low,1,14.0,H011,16.0,45.2,568.0,Good,1,6.4,5
S00393,P23627,44,Female,Orthopedic,116,General,High,248.0,No,Medium,14,13.0,H001,23.6,66.9,903.0,Good,5,7.8,17
S00394,P67221,61,Female,Orthopedic,168,General,Low,298.0,No,Medium,17,3.0,H016,24.0,,606.0,Good,3,3.7,17
S00395,P82175,69,Female,Neurological,200,Regional,Low,270.0,Yes,High,24,2.0,H009,22.7,40.6,647.0,Moderate,6,14.2,28
S00396,P94093,80,Male,Gynecological,112,Regional,High,206.0,No,High,13,29.0,H017,20.4,54.1,852.0,Moderate,6,15.3,16
S00397,P35079,21,Female,General,58,General,High,112.0,No,Low,4,25.0,H006,20.9,44.5,,Moderate,2,10.6,5
S00398,P13351,32,Male,Orthopedic,97,Regional,Low,92.0,No,Low,12,2.0,H012,24.0,55.1,509.0,Good,4,4.0,15
S00399,P96092,38,Female,ENT,110,Local,Medium,157.0,No,Low,4,14.0,H005,21.2,71.6,604.0,Good,4,10.6,5
S00400,P88127,40,Male,Cardiac,254,General,Low,441.0,No,High,20,27.0,H011,24.1,66.7,1067.0,Moderate,1,15.6,22
S00401,P32812,89,Male,Neurological,206,General,Low,273.0,No,High,21,21.0,H016,22.3,50.6,1040.0,Moderate,5,22.9,23
S00402,P22212,73,Female,General,92,Local,Low,177.0,No,Medium,12,3.0,H011,22.9,40.1,720.0,Good,5,15.2,16
S00403,P58042,41,Male,ENT,61,Local,High,137.0,No,High,9,13.0,H019,21.4,79.6,1071.0,Poor,3,12.0,11
S00404,P31324,87,Female,Gynecological,122,Sedation,Low,175.0,Yes,High,13,25.0,H008,23.3,66.0,1170.0,Good,5,18.6,15
S00405,P60738,53,Male,ENT,77,General,Medium,108.0,No,Low,8,9.0,H003,24.2,33.0,403.0,Good,4,7.9,12
S00406,P19028,54,Female,Orthopedic,114,Local,Low,204.0,No,Low,12,16.0,H009,20.2,54.3,734.0,Good,3,5.5,14
S00407,P93459,49,Female,General,47,Local,Medium,56.0,No,Low,1,10.0,H016,21.5,,768.0,Poor,2,3.7,4
S00408,P47007,28,Male,Urological,108,Local,Medium,157.0,No,Low,4,6.0,H011,24.1,57.9,567.0,Good,2,5.8,4
S00409,P22668,85,Female,General,103,General,Medium,137.0,No,Low,1,25.0,H012,23.5,45.3,846.0,Good,4,12.3,4
S00410,P28220,19,Female,Neurological,161,General,High,264.0,Yes,High,24,7.0,H016,24.3,57.1,1291.0,Poor,5,15.3,27
S00411,P69826,30,Female,ENT,105,Regional,Medium,158.0,No,Low,4,17.0,H005,22.8,17.1,767.0,Good,3,3.8,4
S00412,P76540,34,Male,Orthopedic,127,General,Medium,186.0,No,Medium,9,11.0,H015,23.4,62.2,414.0,Good,2,6.9,9
S00413,P19562,38,Female,General,97,General,Low,176.0,No,Low,4,18.0,H019,21.5,35.9,493.0,Good,1,9.5,8
S00414,P77942,27,Female,Ophthalmic,86,Sedation,High,178.0,No,Medium,1,24.0,H004,25.1,45.1,563.0,Moderate,1,12.6,2
S00415,P94181,19,Male,Ophthalmic,80,General,Low,133.0,No,Low,2,17.0,H004,21.1,52.3,745.0,Good,2,5.7,6
S00416,P36143,66,Male,ENT,78,Sedation,Low,121.0,No,Low,2,5.0,H019,20.0,48.2,780.0,Good,1,7.7,2
S00417,P65518,87,Male,Ophthalmic,54,Regional,Medium,103.0,Yes,High,11,9.0,H019,21.3,92.8,544.0,Poor,6,9.2,15
S00418,P81980,26,Female,Orthopedic,179,Local,Low,252.0,No,High,14,8.0,H019,21.5,31.0,858.0,Moderate,3,11.7,16
S00419,P94767,39,Male,Ophthalmic,37,General,Medium,52.0,No,Low,7,20.0,H017,20.7,45.4,1044.0,Good,2,1.3,8
S00420,P24728,54,Female,General,112,Regional,Low,193.0,No,Low,5,21.0,H006,20.6,59.4,640.0,Good,3,7.1,7
S00421,P89964,84,Female,Gynecological,97,Regional,Low,136.0,No,Medium,16,5.0,H011,20.6,52.5,896.0,Good,4,6.2,18
S00422,P13622,67,Male,Neurological,193,Sedation,High,368.0,No,High,21,18.0,H019,23.6,,810.0,Moderate,2,17.1,24
S00423,P59865,73,Male,Urological,117,General,High,307.0,No,High,9,14.0,H014,19.9,87.7,996.0,Poor,2,18.0,10
S00424,P24853,59,Female,General,80,General,Low,96.0,No,Low,14,13.0,H010,23.1,50.8,683.0,Moderate,1,5.1,18
S00425,P20191,48,Male,Urological,98,Sedation,High,242.0,No,Medium,5,25.0,H012,24.4,65.9,660.0,Moderate,2,8.3,7
S00426,P32119,32,Female,Orthopedic,127,General,Low,171.0,No,Low,12,2.0,H005,27.1,57.8,645.0,Moderate,1,2.1,15
S00427,P24108,80,Female,Orthopedic,100,Regional,Low,190.0,No,Medium,9,22.0,H007,21.6,62.6,661.0,Poor,4,7.4,9
S00428,P14529,75,Female,General,127,General,High,266.0,No,High,4,17.0,H014,23.9,54.3,664.0,Good,5,15.0,6
S00429,P37036,19,Male,Orthopedic,141,General,Medium,236.0,No,High,7,8.0,H019,21.7,35.9,794.0,Poor,5,20.2,11
S00430,P19880,69,Female,Gynecological,86,Regional,Medium,,No,Medium,11,7.0,H001,19.5,62.3,937.0,Poor,2,16.8,13
S00431,P44491,24,Female,Cardiac,273,Regional,Low,388.0,No,Medium,17,5.0,H008,22.1,56.6,637.0,Moderate,2,3.5,17
S00432,P37242,71,Male,General,65,Regional,Low,83.0,No,Medium,6,18.0,H014,20.3,51.1,929.0,Good,4,16.5,8
S00433,P56844,77,Female,Orthopedic,119,Regional,Low,178.0,No,Medium,16,19.0,H009,19.4,49.6,599.0,Poor,2,16.5,16
S00434,P86719,27,Female,Orthopedic,107,Local,High,204.0,No,High,18,8.0,H016,24.9,51.6,657.0,Good,5,8.7,22
S00435,P22611,49,Female,General,112,Sedation,Low,174.0,No,Low,8,12.0,H013,19.9,65.9,496.0,Poor,2,5.8,12
S00436,P86991,26,Male,Cardiac,225,General,Low,242.0,Yes,High,29,29.0,H007,24.5,64.6,463.0,Poor,4,15.9,29
S00437,P58516,58,Male,Cardiac,262,General,Low,394.0,No,Medium,25,21.0,H015,25.0,28.4,856.0,Moderate,2,9.6,27
S00438,P99420,84,Male,Cardiac,257,General,Medium,482.0,No,High,17,18.0,H007,22.5,50.3,515.0,Poor,1,16.2,18
S00439,P46687,23,Male,Cardiac,228,Local,Low,406.0,No,High,22,4.0,H008,25.9,47.5,846.0,Moderate,4,18.8,24
S00440,P18820,46,Male,General,144,General,Medium,216.0,No,Medium,6,17.0,H006,22.5,25.5,605.0,Moderate,2,13.3,8
S00441,P28918,88,Female,Orthopedic,97,Regional,Medium,220.0,Yes,High,18,12.0,H019,25.4,44.2,715.0,Good,7,20.4,22
S00442,P10165,39,Male,Neurological,137,General,Low,181.0,No,Medium,13,25.0,H008,19.1,84.6,751.0,Moderate,2,5.5,16
S00443,P87961,27,Female,Gynecological,125,Regional,Low,184.0,No,Low,8,6.0,H019,18.6,21.7,577.0,Moderate,1,9.4,9
S00444,P60904,53,Male,General,25,Local,Low,26.0,No,Low,5,29.0,H011,25.1,36.1,594.0,Good,1,4.1,7
S00445,P89380,54,Male,General,134,Regional,Medium,184.0,No,Medium,11,28.0,H003,25.3,29.6,722.0,Moderate,4,4.5,15
S00446,P64291,65,Male,Cardiac,243,Regional,Medium,494.0,No,High,17,23.0,H015,27.5,41.3,958.0,Poor,7,20.3,20
S00447,P94050,40,Male,Ophthalmic,20,General,Low,27.0,No,Low,1,15.0,H004,25.7,27.9,441.0,Moderate,1,6.4,4
S00448,P31255,86,Female,General,61,Regional,Medium,63.0,Yes,High,11,18.0,H017,27.0,42.6,607.0,Poor,3,11.7,15
S00449,P39874,55,Female,Cardiac,190,General,Low,334.0,No,Low,17,27.0,H019,22.5,70.6,677.0,Good,3,9.5,21
S00450,P81732,38,Female,Ophthalmic,71,Local,High,164.0,No,Medium,5,26.0,H011,23.4,62.7,736.0,Moderate,4,9.9,9
S00451,P83972,87,Male,Gynecological,60,General,High,154.0,No,High,14,24.0,H008,23.0,63.5,1267.0,Moderate,7,13.2,14
S00452,P96034,84,Female,General,105,General,Medium,148.0,No,High,6,6.0,H010,23.9,84.4,1011.0,Good,1,14.3,10
S00453,P89828,53,Male,Ophthalmic,50,General,Low,59.0,No,Low,1,12.0,H015,23.5,44.3,510.0,Good,4,13.0,3
S00454,P39851,19,Female,Orthopedic,105,Regional,Low,151.0,No,Low,13,23.0,H008,23.5,38.5,568.0,Good,1,8.5,13
S00455,P70789,60,Male,Urological,95,Sedation,High,208.0,No,High,13,4.0,H001,23.9,60.9,1016.0,Good,2,15.4,17
S00456,P95124,57,Male,Gynecological,118,General,Low,174.0,No,Low,6,20.0,H012,17.9,31.0,820.0,Poor,2,6.9,7
S00457,P33868,28,Male,Neurological,214,General,Medium,345.0,No,Medium,20,11.0,H015,19.1,31.4,604.0,Poor,2,9.3,21
S00458,P19384,63,Male,Cardiac,220,General,High,344.0,No,High,20,17.0,H003,26.1,64.2,1059.0,Good,4,16.8,23
S00459,P55294,78,Male,Orthopedic,119,Sedation,Medium,193.0,No,Low,15,27.0,H007,21.0,54.0,585.0,Moderate,1,6.5,17
S00460,P52807,25,Female,ENT,50,Local,Medium,74.0,Yes,Medium,5,26.0,H009,,34.9,466.0,Good,4,10.2,8
S00461,P72477,70,Female,Orthopedic,124,General,Medium,159.0,No,High,15,11.0,H012,21.0,,760.0,Moderate,4,13.1,15
S00462,P27744,28,Female,Cardiac,216,Regional,High,383.0,No,High,23,21.0,H010,26.0,64.5,899.0,Moderate,3,11.9,23
S00463,P50372,71,Male,Gynecological,87,Local,Low,120.0,No,High,10,1.0,H015,22.4,47.9,716.0,Poor,6,19.6,14
S00464,P62598,48,Female,Gynecological,87,Local,High,196.0,No,High,15,21.0,H012,26.9,54.1,1050.0,Poor,3,13.5,15
S00465,P62449,18,Male,Orthopedic,128,Regional,Low,225.0,No,High,11,4.0,H014,21.6,72.2,1154.0,Poor,4,10.1,13
S00466,P16401,87,Female,Urological,80,Local,Medium,132.0,Yes,Medium,12,27.0,H002,22.8,56.5,661.0,Moderate,3,10.5,13
S00467,P19179,29,Male,General,105,Regional,High,155.0,No,High,10,9.0,H018,22.5,77.9,691.0,Moderate,2,14.6,12
S00468,P55392,60,Male,Urological,76,General,Medium,92.0,No,Medium,7,21.0,H009,22.7,60.9,537.0,Good,2,12.0,9
S00469,P43361,31,Female,Orthopedic,102,General,Low,133.0,No,Low,16,20.0,H009,24.2,28.7,540.0,Good,1,6.4,20
S00470,P25585,85,Male,Orthopedic,125,General,Low,157.0,No,Medium,14,8.0,H015,24.3,34.4,761.0,Poor,2,17.2,14
S00471,P82483,71,Male,General,62,General,Medium,82.0,No,Medium,5,25.0,H008,20.0,52.6,300.0,Moderate,3,7.2,8
S00472,P47570,75,Female,Orthopedic,137,General,Medium,243.0,No,High,17,6.0,H015,22.7,66.1,1077.0,Poor,2,15.1,20
S00473,P62121,49,Male,General,81,Local,Low,138.0,No,Low,8,27.0,H016,18.9,53.9,421.0,Good,1,14.7,12
S00474,P71924,51,Female,Orthopedic,126,Local,High,222.0,No,Medium,14,15.0,H011,19.1,49.2,696.0,Good,2,12.2,16
S00475,P75240,63,Male,Urological,86,General,High,194.0,No,Low,8,14.0,H011,20.3,29.8,576.0,Good,4,12.2,8
S00476,P40040,74,Female,Ophthalmic,108,General,High,222.0,No,High,5,7.0,H017,20.0,74.6,723.0,Good,3,10.6,9
S00477,P12200,78,Female,Urological,91,Regional,Medium,135.0,No,Medium,9,1.0,H015,18.8,72.8,944.0,Good,2,7.5,13
S00478,P58639,19,Female,ENT,72,Regional,High,182.0,Yes,Medium,6,21.0,H015,22.0,37.3,608.0,Moderate,2,17.9,6
S00479,P31565,65,Female,Ophthalmic,39,General,High,100.0,No,High,3,22.0,H014,23.0,70.3,649.0,Poor,6,16.0,4
S00480,P97433,25,Female,General,114,Local,Low,172.0,No,Low,5,25.0,H016,22.0,53.1,707.0,Moderate,1,7.6,8
S00481,P90538,38,Female,Neurological,171,General,High,252.0,No,Medium,16,28.0,H015,21.0,61.2,906.0,Moderate,5,7.9,18
S00482,P88777,77,Male,Ophthalmic,20,General,Medium,23.0,Yes,Medium,4,9.0,H016,21.4,69.0,719.0,Poor,3,5.2,7
S00483,P80429,36,Male,Ophthalmic,54,Local,High,108.0,No,Medium,6,17.0,H008,21.3,69.5,789.0,Good,1,11.5,9
S00484,P99726,75,Female,ENT,75,Regional,Medium,90.0,No,Medium,3,27.0,H014,23.8,57.8,835.0,Moderate,4,7.5,4
S00485,P96036,51,Male,Gynecological,75,General,Medium,114.0,No,Medium,8,17.0,H010,21.1,50.8,656.0,Moderate,1,9.6,11
S00486,P25933,34,Male,Cardiac,236,Regional,Low,332.0,No,Medium,16,22.0,H017,19.0,54.0,571.0,Good,1,13.5,16
S00487,P65307,42,Male,ENT,67,Sedation,Low,95.0,No,Low,4,21.0,H010,21.4,47.4,,Good,1,6.8,5
S00488,P54471,56,Female,ENT,68,General,Low,95.0,No,Low,1,29.0,H002,21.1,82.8,571.0,Good,4,9.7,5
S00489,P12854,73,Male,Gynecological,137,Regional,Medium,278.0,Yes,High,19,10.0,H016,22.7,74.3,785.0,Moderate,6,12.4,22
S00490,P80580,61,Female,Urological,40,General,High,96.0,No,Medium,16,6.0,H010,21.5,65.8,761.0,Moderate,1,17.2,17
S00491,P19857,85,Female,General,151,Regional,Low,170.0,No,Medium,5,27.0,H001,20.7,63.1,512.0,Moderate,5,11.4,7
S00492,P93609,80,Female,ENT,69,General,Low,85.0,No,Low,1,14.0,H016,21.8,38.1,587.0,Moderate,4,9.9,1
S00493,P72616,72,Male,Orthopedic,137,General,Medium,,No,High,16,6.0,H001,24.8,63.9,1079.0,Moderate,7,15.1,18
S00494,P31680,61,Female,Urological,83,General,Low,,No,Low,9,19.0,H003,20.9,42.1,357.0,Moderate,4,7.0,13
S00495,P13277,38,Female,Orthopedic,68,Local,Low,114.0,No,Low,19,25.0,H014,23.0,38.6,592.0,Good,3,7.8,21
S00496,P98897,47,Male,Neurological,148,General,Low,263.0,No,Medium,24,23.0,H003,22.3,61.1,834.0,Good,4,9.3,25
S00497,P82754,26,Female,Orthopedic,104,Local,Medium,152.0,Yes,Medium,12,10.0,H006,22.1,34.9,710.0,Moderate,1,6.8,16
S00498,P49721,44,Male,General,119,General,Medium,164.0,No,Low,10,27.0,H008,21.4,60.5,879.0,Moderate,3,5.7,11
S00499,P82399,84,Female,Cardiac,198,Local,High,444.0,No,High,23,2.0,H019,23.1,72.7,919.0,Poor,2,14.3,27
S00500,P79488,48,Male,ENT,44,Regional,Low,29.0,No,Low,6,26.0,H011,19.2,,678.0,Good,4,9.5,7
S00501,P65046,26,Female,General,94,General,Low,142.0,No,Low,9,6.0,H019,18.3,55.8,877.0,Good,2,11.1,11
S00502,P56654,64,Female,Ophthalmic,74,Local,Medium,120.0,No,Medium,5,7.0,H014,23.8,45.3,714.0,Good,2,8.1,9
S00503,P13929,87,Male,Cardiac,253,Local,High,571.0,No,High,27,10.0,H006,24.5,65.8,907.0,Poor,4,11.6,27
S00504,P36783,80,Female,Orthopedic,90,Regional,Low,90.0,No,Low,12,13.0,H011,20.9,64.0,514.0,Good,2,7.6,14
S00505,P37917,37,Male,Urological,32,General,High,93.0,Yes,High,13,2.0,H007,24.3,73.1,791.0,Poor,1,8.9,13
S00506,P19800,50,Female,Gynecological,116,Regional,Medium,126.0,No,Low,13,21.0,H005,27.7,58.8,669.0,Good,2,8.4,17
S00507,P73831,56,Female,General,132,Regional,High,176.0,No,High,7,4.0,H011,20.9,40.7,710.0,Moderate,5,2.5,11
S00508,P24566,35,Male,Urological,69,General,Low,99.0,No,Low,13,4.0,H017,21.9,60.3,864.0,Good,2,8.7,17
S00509,P33307,37,Male,Urological,45,Local,Low,78.0,No,Medium,5,1.0,H015,,40.1,1178.0,Moderate,4,7.3,7
S00510,P68264,35,Female,General,77,General,Low,143.0,No,Medium,5,28.0,H006,18.9,45.8,725.0,Good,2,3.6,9
S00511,P56762,89,Male,ENT,81,Regional,Medium,108.0,No,High,4,2.0,H005,20.9,56.6,461.0,Moderate,1,6.0,7
S00512,P59847,71,Female,Gynecological,93,Regional,High,208.0,Yes,High,13,22.0,H017,25.7,45.1,1065.0,Poor,6,15.2,14
S00513,P86863,78,Female,Gynecological,142,Sedation,Low,204.0,No,High,5,19.0,H013,24.6,58.0,895.0,Poor,4,13.9,7
S00514,P48947,76,Female,Neurological,207,General,Low,345.0,Yes,High,25,25.0,H010,21.5,58.0,1078.0,Good,3,12.6,28
S00515,P65621,87,Male,Orthopedic,125,General,Low,230.0,No,High,8,14.0,H016,19.3,73.9,981.0,Poor,2,13.2,8
S00516,P66347,25,Female,Cardiac,181,General,Medium,260.0,Yes,High,33,27.0,H001,22.6,71.1,1114.0,Moderate,2,9.8,37
S00517,P21287,81,Female,Gynecological,79,Regional,High,194.0,Yes,High,17,14.0,H015,21.3,59.4,794.0,Moderate,6,14.1,18
S00518,P55664,22,Male,Gynecological,83,General,Low,94.0,No,Medium,6,6.0,H010,21.5,63.9,772.0,Poor,4,6.3,7
S00519,P59373,52,Male,Neurological,157,General,Medium,266.0,No,Medium,19,27.0,H010,21.3,53.3,713.0,Good,1,16.5,19
S00520,P22718,60,Male,General,95,General,Medium,171.0,Yes,Medium,4,13.0,H013,21.6,49.8,807.0,Good,5,,4
S00521,P21501,43,Male,Orthopedic,126,Local,High,274.0,No,High,15,1.0,H005,23.7,60.8,745.0,Poor,4,8.7,15
S00522,P33539,28,Female,Cardiac,189,General,Medium,216.0,No,High,20,19.0,H017,23.4,55.7,1025.0,Good,1,13.2,22
S00523,P48295,31,Male,ENT,94,Regional,Low,135.0,No,Low,1,10.0,H002,23.9,52.5,374.0,Moderate,1,9.6,1
S00524,P48860,77,Female,General,90,General,Medium,143.0,Yes,High,10,24.0,H012,24.7,71.9,942.0,Poor,4,15.0,14
S00525,P30550,40,Male,Cardiac,250,General,Medium,408.0,No,High,25,5.0,H010,24.7,40.2,986.0,Moderate,4,11.4,27
S00526,P45804,40,Male,General,112,General,High,221.0,No,High,10,22.0,H019,24.6,57.5,782.0,Poor,2,18.4,14
S00527,P36228,84,Male,Neurological,156,General,Medium,300.0,No,High,19,25.0,H013,20.5,64.9,1004.0,Moderate,5,11.8,20
S00528,P91226,28,Female,Gynecological,137,Regional,Low,152.0,No,High,7,4.0,H008,23.4,53.9,1059.0,Moderate,4,13.5,10
S00529,P69015,83,Female,ENT,65,General,Medium,92.0,Yes,High,6,17.0,H009,24.9,47.2,874.0,Moderate,3,18.2,8
S00530,P94771,84,Male,General,135,General,Medium,134.0,No,High,6,19.0,H005,22.9,71.3,,Moderate,2,11.7,8
S00531,P68423,61,Female,General,63,General,Low,106.0,No,Low,1,27.0,H001,23.2,41.1,628.0,Moderate,1,10.0,2
S00532,P58064,29,Male,Neurological,223,General,High,421.0,No,High,17,9.0,H009,25.1,66.0,892.0,Moderate,6,12.0,18
S00533,P54125,29,Male,General,62,General,Low,155.0,No,Low,3,15.0,H001,22.5,51.8,669.0,Poor,2,10.7,6
S00534,P33908,38,Male,Cardiac,316,General,High,621.0,No,High,17,12.0,H013,27.6,73.2,867.0,Poor,4,13.7,18
S00535,P26030,59,Female,Orthopedic,91,General,Low,145.0,No,Low,15,11.0,H018,22.2,,1026.0,Good,2,8.9,19
S00536,P81897,29,Female,Urological,111,Regional,Low,174.0,No,Low,7,29.0,H002,20.2,40.5,561.0,Good,2,10.2,10
S00537,P45068,50,Female,General,79,Sedation,Medium,110.0,No,Medium,5,20.0,H019,23.1,42.0,419.0,Good,3,7.5,5
S00538,P26364,26,Male,General,111,Regional,Medium,170.0,No,Low,9,5.0,H002,22.0,69.9,581.0,Good,2,2.5,11
S00539,P47558,56,Male,Orthopedic,118,General,High,236.0,Yes,High,17,26.0,H010,21.5,51.4,853.0,Poor,3,18.0,18
S00540,P54294,19,Female,Urological,47,Sedation,Medium,42.0,No,Low,3,4.0,H012,18.0,42.8,642.0,Good,2,8.9,3
S00541,P70378,69,Male,Orthopedic,36,Sedation,Low,56.0,No,Low,17,26.0,H013,21.9,44.5,510.0,Moderate,2,11.6,17
S00542,P99481,21,Female,General,165,Regional,High,302.0,Yes,High,21,12.0,H008,24.1,62.3,1161.0,Poor,1,17.4,24
S00543,P97706,32,Female,Urological,82,General,Medium,166.0,No,Medium,10,20.0,H001,24.8,49.4,641.0,Moderate,5,5.8,13
S00544,P88728,30,Male,General,20,Local,Low,29.0,No,Low,8,26.0,H015,22.6,56.8,671.0,Poor,1,9.0,12
S00545,P84463,77,Female,Ophthalmic,69,Sedation,High,137.0,Yes,High,9,26.0,H009,26.9,65.0,1191.0,Poor,3,18.5,12
S00546,P93661,21,Female,Cardiac,260,Local,Low,410.0,No,High,19,5.0,H006,25.2,52.8,843.0,Moderate,2,13.0,20
S00547,P74422,48,Male,Gynecological,78,Regional,Low,118.0,No,Low,10,12.0,H009,21.6,58.7,333.0,Good,4,1.7,12
S00548,P18808,60,Female,ENT,48,Regional,Medium,70.0,No,Medium,9,3.0,H009,22.8,51.8,570.0,Good,3,10.1,12
S00549,P31528,55,Female,General,89,Sedation,Medium,99.0,No,Low,8,19.0,H012,20.5,65.9,325.0,Good,3,4.8,10
S00550,P51592,67,Male,Gynecological,136,General,Medium,197.0,No,High,12,13.0,H010,20.6,70.1,792.0,Poor,3,8.4,13
S00551,P80647,75,Female,Neurological,182,General,High,291.0,No,High,18,29.0,H012,21.8,58.9,300.0,Moderate,4,5.7,21
S00552,P79218,46,Male,Gynecological,143,Local,Low,205.0,No,Medium,11,19.0,H018,21.3,54.0,863.0,Good,2,10.3,11
S00553,P89014,77,Female,Ophthalmic,93,General,High,209.0,Yes,High,8,13.0,H018,26.7,57.2,728.0,Moderate,2,16.2,10
S00554,P24041,40,Female,Gynecological,93,General,Low,120.0,No,Medium,10,5.0,H001,19.2,54.1,843.0,Moderate,3,12.5,12
S00555,P63754,88,Female,Ophthalmic,20,General,Low,28.0,No,Medium,4,9.0,H013,20.5,48.6,603.0,Good,2,10.4,4
S00556,P79205,54,Male,General,83,General,Low,137.0,No,Low,5,24.0,H005,,44.7,546.0,Poor,3,3.2,8
S00557,P45446,70,Female,General,105,General,Low,149.0,No,Low,3,5.0,H002,21.3,57.5,925.0,Good,3,1.4,4
S00558,P40760,81,Male,Cardiac,241,Regional,Low,550.0,No,High,22,25.0,H002,23.6,65.0,892.0,Good,3,12.1,22
S00559,P69487,75,Male,Gynecological,119,General,High,237.0,No,High,12,18.0,H013,25.0,60.7,792.0,Good,5,17.8,15
S00560,P89848,79,Male,Ophthalmic,85,Regional,Medium,95.0,No,High,3,16.0,H019,28.2,59.8,696.0,Poor,4,15.3,7
S00561,P50934,56,Female,General,105,General,Medium,131.0,No,Medium,8,,H015,22.9,50.4,425.0,Poor,2,15.9,9
S00562,P47583,21,Male,Cardiac,231,Sedation,Low,281.0,No,High,24,1.0,H003,23.1,59.2,1215.0,Moderate,3,8.4,27
S00563,P16870,53,Male,General,105,Regional,High,181.0,No,Medium,11,7.0,H004,,61.8,762.0,Moderate,2,6.3,15
S00564,P32523,31,Female,Gynecological,167,Sedation,Low,277.0,No,Low,11,15.0,H016,22.8,59.6,540.0,Good,2,10.2,13
S00565,P17177,82,Male,Ophthalmic,20,General,Medium,23.0,No,Medium,1,15.0,H012,25.6,59.6,877.0,Poor,3,8.4,1
S00566,P92516,35,Male,Orthopedic,134,General,Medium,187.0,No,High,12,7.0,H010,23.6,51.2,786.0,Poor,6,16.3,16
S00567,P85929,34,Male,Orthopedic,174,Local,Low,320.0,No,Low,15,24.0,H004,22.3,54.5,545.0,Good,1,3.2,17
S00568,P74150,35,Male,General,54,Local,Medium,72.0,No,High,5,13.0,H015,23.7,62.5,1201.0,Poor,5,14.9,7
S00569,P29343,64,Female,Orthopedic,150,General,High,305.0,No,High,18,12.0,H016,24.9,63.1,860.0,Poor,4,,22
S00570,P51667,59,Male,ENT,104,Regional,Low,103.0,No,Low,2,23.0,H006,25.4,71.9,468.0,Moderate,1,9.8,4
S00571,P11073,86,Male,General,45,Regional,Medium,62.0,No,Medium,12,5.0,H019,21.6,53.0,300.0,Good,3,2.1,13
S00572,P96491,47,Female,General,111,General,High,186.0,Yes,High,15,2.0,H010,25.9,61.2,747.0,Poor,3,20.6,15
S00573,P14772,38,Female,Cardiac,231,Regional,Low,367.0,No,Medium,21,10.0,H001,23.2,47.1,786.0,Moderate,2,11.1,25
S00574,P64214,21,Female,General,88,General,Low,104.0,No,Medium,5,1.0,H019,19.7,49.4,484.0,Moderate,4,12.3,8
S00575,P54648,18,Female,ENT,60,General,Low,127.0,No,Medium,10,11.0,H004,25.0,40.5,870.0,Moderate,4,3.8,13
S00576,P62833,44,Female,General,129,Local,Medium,130.0,No,High,3,4.0,H002,25.6,56.4,765.0,Poor,5,11.7,5
S00577,P17441,84,Male,Orthopedic,116,Regional,Low,213.0,Yes,High,16,20.0,H009,25.3,38.3,918.0,Moderate,6,9.5,20
S00578,P42510,55,Female,Cardiac,226,Local,Low,398.0,No,High,23,2.0,H012,22.1,51.3,890.0,Moderate,6,19.7,24
S00579,P84536,82,Female,ENT,56,Local,Low,89.0,No,Medium,5,6.0,H012,20.0,45.3,578.0,Good,3,5.6,8
S00580,P85123,25,Male,ENT,59,Sedation,High,139.0,No,Medium,6,8.0,H019,23.7,52.0,500.0,Poor,3,8.0,7
S00581,P46317,24,Male,Cardiac,207,General,High,475.0,Yes,High,27,18.0,H009,21.9,46.8,746.0,Moderate,6,10.8,28
S00582,P62674,78,Male,General,75,General,Medium,168.0,No,Medium,6,12.0,H003,21.3,65.2,311.0,Poor,1,10.0,9
S00583,P82043,25,Female,Orthopedic,123,General,High,226.0,Yes,High,22,23.0,H009,23.2,,1351.0,Poor,7,17.5,25
S00584,P65947,21,Female,General,102,Regional,Medium,157.0,No,Medium,11,23.0,H016,24.7,62.2,773.0,Moderate,4,13.8,12
S00585,P47618,47,Female,Orthopedic,156,Regional,High,258.0,No,High,18,12.0,H001,23.5,65.3,649.0,Moderate,7,13.6,22
S00586,P94258,84,Male,Urological,87,Local,Low,,No,Medium,11,1.0,H006,21.9,73.8,851.0,Poor,3,13.3,12
S00587,P99500,67,Male,Ophthalmic,45,General,Low,73.0,No,Low,1,28.0,H013,21.8,61.7,363.0,Good,1,7.7,2
S00588,P34293,25,Male,Orthopedic,89,General,High,190.0,No,Medium,18,11.0,H004,20.7,44.6,764.0,Good,3,14.7,19
S00589,P14385,78,Female,General,98,Local,Low,99.0,No,Medium,2,16.0,H010,22.4,65.9,796.0,Moderate,2,11.6,5
S00590,P81181,78,Female,Orthopedic,116,Local,Low,189.0,No,Low,14,27.0,H004,18.8,53.8,465.0,Good,1,10.9,17
S00591,P19653,75,Female,Neurological,177,General,Medium,280.0,No,High,18,19.0,H003,25.7,71.9,534.0,Poor,1,27.5,19
S00592,P82968,82,Female,Orthopedic,127,Regional,Medium,167.0,No,Medium,19,17.0,H014,28.8,57.3,584.0,Good,3,9.3,21
S00593,P80160,35,Female,Cardiac,255,Regional,Low,331.0,No,Medium,25,10.0,H015,21.7,62.8,762.0,Poor,3,11.3,29
S00594,P15704,88,Female,ENT,78,Local,Low,126.0,No,Low,4,24.0,H001,24.4,51.2,300.0,Good,3,7.4,8
S00595,P59339,41,Male,Orthopedic,114,General,Low,226.0,No,Medium,11,6.0,H011,22.3,51.5,634.0,Good,2,12.7,15
S00596,P75009,75,Male,Urological,55,Regional,Low,89.0,No,Medium,5,15.0,H008,20.0,59.0,969.0,Moderate,2,14.0,9
S00597,P17276,59,Male,Orthopedic,101,General,Low,175.0,No,Low,13,11.0,H007,26.5,46.2,580.0,Good,3,11.1,15
S00598,P84733,74,Male,General,115,General,Medium,143.0,No,High,10,3.0,H014,22.8,64.8,1455.0,Poor,4,11.4,14
S00599,P19800,63,Male,General,77,Local,Medium,105.0,No,Medium,8,9.0,H013,23.4,33.5,767.0,Moderate,1,13.2,8
S00600,P58272,64,Male,Ophthalmic,20,General,Low,33.0,No,Low,4,6.0,H003,22.4,55.8,556.0,Good,4,5.3,4
S00601,P11819,62,Female,Orthopedic,154,General,Low,168.0,No,Medium,16,3.0,H019,25.3,40.4,498.0,Moderate,1,10.8,17
S00602,P20006,74,Male,Orthopedic,91,General,Medium,142.0,No,Medium,11,22.0,H005,22.2,58.1,493.0,Moderate,3,12.9,13
S00603,P76045,71,Female,Gynecological,101,General,Low,166.0,No,Medium,7,21.0,H011,20.6,15.0,764.0,Good,1,14.3,8
S00604,P17103,27,Female,Gynecological,114,Local,Low,169.0,No,Low,11,26.0,H003,20.7,28.2,498.0,Good,4,11.1,13
S00605,P90877,77,Female,Gynecological,100,General,Low,159.0,No,High,7,1.0,H012,30.2,62.9,825.0,Moderate,7,9.9,8
S00606,P12119,56,Female,Orthopedic,45,Local,Medium,68.0,No,Medium,9,14.0,H001,23.2,50.4,714.0,Good,4,14.1,9
S00607,P66452,41,Male,Cardiac,251,Local,Low,329.0,No,Medium,17,20.0,H006,26.1,47.8,513.0,Good,4,5.4,18
S00608,P42949,55,Female,Urological,119,General,Low,136.0,No,Low,11,15.0,H009,21.3,58.7,767.0,Good,3,8.2,12
S00609,P64505,87,Male,General,113,Local,Medium,166.0,No,High,5,1.0,H002,,80.2,1037.0,Moderate,2,16.4,5
S00610,P65908,79,Female,General,26,General,Medium,49.0,No,High,7,14.0,H010,23.3,95.0,652.0,Poor,6,16.8,9
S00611,P67942,78,Male,Cardiac,303,General,Medium,547.0,No,High,17,4.0,H012,23.0,55.5,1086.0,Moderate,7,14.7,21
S00612,P61310,51,Male,Cardiac,200,General,High,329.0,Yes,High,30,1.0,H018,26.3,74.1,523.0,Poor,5,11.2,33
S00613,P95981,74,Female,ENT,37,General,Medium,51.0,Yes,High,9,22.0,H008,22.8,45.3,905.0,Poor,1,14.9,9
S00614,P55879,45,Female,Gynecological,123,General,Low,168.0,No,Low,11,3.0,H014,20.6,43.4,671.0,Moderate,2,4.1,15
S00615,P86706,67,Male,Orthopedic,133,General,Low,181.0,No,Low,12,9.0,H006,23.7,40.1,300.0,Moderate,1,6.8,14
S00616,P47552,64,Female,Ophthalmic,62,Local,Low,,No,Medium,4,29.0,H019,23.2,54.0,300.0,Good,1,10.1,5
S00617,P64968,35,Male,General,72,Regional,Low,130.0,No,Low,5,28.0,H019,25.8,52.7,535.0,Good,2,8.1,8
S00618,P71277,37,Female,Neurological,219,Sedation,Low,477.0,Yes,High,22,2.0,H015,24.1,76.4,577.0,Good,3,18.3,23
S00619,P44848,22,Male,Neurological,178,Regional,Low,222.0,No,Medium,17,12.0,H005,22.5,59.4,735.0,Good,2,13.8,20
S00620,P89490,28,Male,Gynecological,53,Regional,Medium,89.0,No,Low,10,11.0,H019,22.6,66.0,609.0,Good,2,6.5,13
S00621,P34382,49,Male,Neurological,216,General,Medium,359.0,No,High,18,19.0,H008,21.7,80.4,1226.0,Moderate,5,16.1,21
S00622,P84382,52,Male,General,96,Regional,Low,134.0,No,Low,5,21.0,H005,19.4,50.5,526.0,Good,2,13.0,9
S00623,P27083,29,Male,Gynecological,133,General,Medium,158.0,No,High,9,3.0,H008,21.2,56.4,1060.0,Moderate,3,15.1,10
S00624,P74352,48,Male,Orthopedic,137,Sedation,Low,216.0,No,Low,14,13.0,H004,16.0,31.7,504.0,Poor,4,8.1,18
S00625,P84890,61,Male,ENT,141,Sedation,Medium,301.0,No,High,6,9.0,H007,23.2,52.1,873.0,Moderate,6,15.4,8
S00626,P36309,34,Male,Neurological,170,General,Medium,268.0,No,Medium,17,29.0,H008,20.4,40.3,623.0,Poor,4,7.7,21
S00627,P33031,42,Female,General,90,Regional,Low,,No,Low,4,9.0,H019,20.9,40.8,335.0,Good,4,1.1,4
S00628,P94639,44,Male,Gynecological,121,Regional,Low,175.0,No,Medium,10,1.0,H010,24.6,50.5,541.0,Good,2,10.3,13
S00629,P67042,54,Female,General,80,Regional,High,142.0,No,Medium,12,19.0,H015,21.2,55.1,768.0,Good,1,10.3,12
S00630,P87509,44,Female,General,114,General,Medium,171.0,No,Low,3,26.0,H016,23.4,53.5,366.0,Poor,4,6.7,5
S00631,P95344,71,Male,General,20,Regional,Medium,34.0,No,Medium,3,24.0,H018,19.1,68.0,747.0,Good,4,9.0,6
S00632,P95298,41,Female,Ophthalmic,57,Local,Low,73.0,No,Low,1,4.0,H011,20.6,54.6,662.0,Good,3,5.8,4
S00633,P83778,49,Male,Urological,76,General,Low,39.0,No,Low,7,22.0,H012,25.5,42.9,,Moderate,4,7.9,8
S00634,P65714,45,Male,Urological,75,Regional,Low,118.0,No,Low,1,6.0,H019,21.1,59.1,746.0,Good,3,7.3,5
S00635,P95278,31,Female,Cardiac,213,General,High,337.0,No,High,25,,H013,26.9,41.5,1368.0,Poor,1,6.4,25
S00636,P39967,67,Female,General,117,Sedation,Low,,No,Medium,6,16.0,H006,26.0,64.5,459.0,Good,1,5.6,7
S00637,P59066,34,Female,General,74,General,Low,94.0,No,Low,1,24.0,H012,21.2,40.8,522.0,Poor,1,6.0,5
S00638,P50693,39,Male,Orthopedic,126,General,High,254.0,No,High,13,26.0,H011,22.0,,826.0,Poor,3,11.4,13
S00639,P40622,75,Female,Gynecological,98,General,Low,135.0,No,Medium,9,18.0,H012,17.9,57.5,652.0,Moderate,2,11.9,9
S00640,P39462,86,Male,Neurological,195,Local,Low,346.0,No,High,12,13.0,H013,23.7,54.6,1295.0,Poor,2,9.7,14
S00641,P97494,66,Male,Cardiac,282,Local,Medium,503.0,No,High,23,17.0,H009,,76.3,1060.0,Poor,3,14.0,24
S00642,P41583,83,Male,Cardiac,245,General,Low,347.0,No,High,21,9.0,H003,25.6,77.4,1378.0,Moderate,4,10.1,25
S00643,P19538,79,Female,Cardiac,265,General,High,406.0,No,High,26,4.0,H007,26.3,48.2,713.0,Moderate,2,5.7,28
S00644,P48301,52,Male,Neurological,184,Local,Low,283.0,No,High,14,12.0,H015,23.3,72.5,586.0,Moderate,3,12.0,17
S00645,P43704,73,Female,General,74,General,Medium,107.0,No,High,8,5.0,H019,28.6,39.7,765.0,Moderate,2,20.3,8
S00646,P94149,41,Female,General,85,General,Low,82.0,No,Low,5,3.0,H013,21.4,55.6,405.0,Good,1,8.8,8
S00647,P80193,51,Female,Cardiac,231,Sedation,Medium,479.0,No,High,20,22.0,H015,24.5,73.1,1037.0,Poor,6,11.1,21
S00648,P54771,56,Female,Cardiac,257,General,Medium,440.0,Yes,High,27,25.0,H004,24.8,49.2,971.0,Good,1,16.0,29
S00649,P84573,87,Female,Urological,83,Regional,Medium,112.0,No,High,7,22.0,H015,23.5,88.4,1068.0,Moderate,4,12.2,9
S00650,P46393,79,Male,Orthopedic,96,General,High,138.0,No,High,19,27.0,H008,23.2,62.4,1163.0,Good,5,7.1,19
S00651,P30079,53,Male,General,83,Local,Medium,120.0,No,Low,7,15.0,H014,22.4,54.5,602.0,Good,4,6.0,7
S00652,P67542,64,Female,General,44,Local,Low,58.0,No,Low,5,20.0,H013,20.1,64.1,470.0,Good,2,3.3,6
S00653,P65951,32,Male,General,84,General,Low,124.0,No,Low,9,6.0,H015,,55.0,590.0,Moderate,2,5.9,10
S00654,P35770,75,Male,Ophthalmic,60,Regional,Low,51.0,No,Low,6,13.0,H014,21.2,34.1,405.0,Good,3,6.7,7
S00655,P25407,57,Male,General,144,Sedation,Low,195.0,No,High,7,3.0,H013,23.1,18.5,864.0,Poor,1,12.0,10
S00656,P10792,56,Male,ENT,110,Local,Low,151.0,No,Low,9,18.0,H008,18.4,38.3,602.0,Good,2,5.8,11
S00657,P44604,73,Male,Ophthalmic,28,General,Medium,40.0,Yes,High,7,13.0,H016,,49.6,1144.0,Moderate,5,12.5,10
S00658,P75689,63,Male,Cardiac,246,General,Medium,351.0,No,High,20,17.0,H014,26.6,46.4,768.0,Moderate,4,17.7,22
S00659,P82400,23,Female,Cardiac,246,Local,High,422.0,No,High,24,25.0,H003,26.2,52.9,543.0,Moderate,1,4.4,27
S00660,P39920,38,Male,Neurological,173,General,Low,338.0,No,Medium,17,2.0,H005,17.8,21.0,807.0,Good,3,5.1,18
S00661,P69657,30,Female,Neurological,174,General,Medium,234.0,No,High,17,13.0,H006,,46.4,719.0,Poor,7,15.4,17
S00662,P31373,70,Female,General,79,General,Medium,96.0,No,Medium,4,12.0,H006,23.2,61.1,716.0,Moderate,2,7.3,6
S00663,P26875,20,Male,Cardiac,296,Local,High,340.0,No,Medium,21,22.0,H014,20.0,67.2,826.0,Good,4,9.5,21
S00664,P58151,32,Female,Cardiac,227,General,Medium,305.0,No,Medium,21,20.0,H001,23.7,47.5,894.0,Good,4,6.1,23
S00665,P38030,61,Female,Neurological,190,General,Low,205.0,No,Medium,21,21.0,H005,24.6,54.6,875.0,Good,3,11.0,23
S00666,P24498,68,Female,Gynecological,24,Regional,Low,,No,Low,12,25.0,H010,24.1,18.9,817.0,Moderate,2,6.1,16
S00667,P31603,54,Male,Gynecological,124,General,High,232.0,Yes,High,19,9.0,H004,26.5,61.4,911.0,Moderate,6,15.5,22
S00668,P35017,79,Male,ENT,105,General,Medium,187.0,No,High,8,11.0,H004,26.4,74.8,606.0,Moderate,6,21.1,11
S00669,P38300,84,Male,Cardiac,208,Regional,Medium,403.0,No,High,21,11.0,H009,21.7,73.7,1288.0,Good,6,15.3,25
S00670,P56106,27,Female,Neurological,164,General,Medium,203.0,No,Low,15,24.0,H012,22.0,49.7,688.0,Good,1,2.9,15
S00671,P88467,86,Female,ENT,83,Sedation,Medium,115.0,No,Medium,3,14.0,H007,22.5,30.4,796.0,Good,2,10.6,3
S00672,P97694,62,Female,Gynecological,100,General,Medium,189.0,No,Medium,9,22.0,H019,25.3,75.4,778.0,Moderate,4,7.5,13
S00673,P61737,63,Female,General,103,Local,High,210.0,Yes,High,13,8.0,H008,23.1,70.9,561.0,Poor,4,16.8,17
S00674,P31952,24,Female,General,81,Regional,High,184.0,No,Medium,11,27.0,H019,21.6,63.5,522.0,Moderate,1,12.3,13
S00675,P27512,62,Female,Orthopedic,175,General,Low,316.0,No,Medium,16,15.0,H011,20.3,66.0,1076.0,Moderate,1,9.5,16
S00676,P52032,70,Male,Ophthalmic,39,General,Low,68.0,No,Medium,1,29.0,H008,24.0,47.9,342.0,Moderate,4,11.5,5
S00677,P70722,59,Female,General,170,Regional,Low,275.0,No,Medium,6,13.0,H003,23.0,61.5,551.0,Good,2,7.8,9
S00678,P57520,24,Male,General,127,General,Low,243.0,No,High,1,2.0,H014,22.7,68.3,896.0,Poor,2,22.3,5
S00679,P21880,55,Male,General,114,General,Medium,168.0,No,Medium,6,8.0,H011,23.5,51.4,682.0,Good,1,16.7,9
S00680,P74161,85,Male,Neurological,148,Sedation,Medium,245.0,No,High,17,13.0,H019,23.1,,1289.0,Poor,2,11.9,21
S00681,P37994,70,Female,Cardiac,267,Regional,Low,,No,High,26,4.0,H019,20.9,76.7,593.0,Good,6,21.1,30
S00682,P56979,27,Male,Gynecological,118,Sedation,Low,213.0,No,Low,14,23.0,H010,24.7,72.5,454.0,Moderate,3,7.2,16
S00683,P87340,87,Male,General,26,General,Medium,33.0,No,High,9,11.0,H005,19.1,69.5,1063.0,Good,4,12.4,9
S00684,P76005,87,Male,Orthopedic,77,General,Medium,76.0,No,High,11,24.0,H007,24.8,60.6,1101.0,Moderate,4,14.7,14
S00685,P57390,30,Male,Neurological,190,Regional,Medium,322.0,Yes,High,19,28.0,H002,23.5,55.0,941.0,Poor,6,17.3,23
S00686,P87778,75,Male,Ophthalmic,56,General,Low,66.0,No,Medium,1,3.0,H003,19.6,56.2,831.0,Poor,4,9.3,5
S00687,P28096,47,Female,Neurological,164,General,Low,190.0,No,Low,22,9.0,H008,22.7,22.6,472.0,Good,3,14.0,25
S00688,P35450,60,Female,General,122,General,Medium,229.0,No,High,4,18.0,H004,21.5,52.7,923.0,Poor,5,17.1,8
S00689,P34171,50,Male,General,63,General,Medium,112.0,No,Medium,5,26.0,H017,24.8,50.1,406.0,Good,4,13.2,9
S00690,P85208,74,Male,Urological,66,Local,Medium,92.0,No,High,5,27.0,H017,26.5,46.1,931.0,Moderate,2,16.1,8
S00691,P85474,89,Male,Gynecological,80,General,High,96.0,No,High,9,6.0,H004,24.9,,699.0,Good,2,12.7,9
S00692,P33645,75,Male,Urological,95,Sedation,Low,157.0,No,Medium,8,7.0,H005,17.4,63.8,541.0,Good,4,3.5,12
S00693,P27255,85,Female,Orthopedic,68,General,Low,115.0,No,Low,14,6.0,H016,20.9,18.6,775.0,Good,4,12.8,18
S00694,P82840,86,Female,Ophthalmic,45,General,Low,74.0,No,Medium,1,11.0,H006,21.3,55.8,630.0,Poor,4,7.8,3
S00695,P50543,24,Female,Ophthalmic,20,General,Low,32.0,No,Low,1,18.0,H005,24.4,65.3,1082.0,Good,2,8.0,5
S00696,P67298,36,Male,General,80,Regional,Low,115.0,No,Low,7,12.0,H015,22.4,42.9,507.0,Moderate,2,9.2,9
S00697,P27781,69,Female,General,111,Local,Low,152.0,No,Low,6,22.0,H008,22.6,37.7,508.0,Moderate,3,9.2,6
S00698,P61167,60,Male,Cardiac,262,Local,Low,306.0,No,High,19,12.0,H016,24.3,47.7,1337.0,Poor,3,13.1,20
S00699,P71614,21,Male,General,68,General,Medium,87.0,No,Low,8,18.0,H011,25.3,51.2,795.0,Good,1,10.6,9
S00700,P51753,24,Female,Cardiac,255,General,Low,407.0,No,Medium,16,17.0,H004,24.7,44.9,752.0,Moderate,2,9.9,17
S00701,P83830,55,Female,Orthopedic,114,Local,Medium,182.0,No,Medium,12,8.0,H003,22.6,40.5,639.0,Moderate,4,6.9,14
S00702,P59087,62,Female,ENT,110,General,Low,191.0,No,Medium,6,2.0,H014,22.0,74.6,920.0,Poor,4,14.3,6
S00703,P58450,30,Female,Cardiac,236,Regional,Low,254.0,No,High,19,7.0,H009,23.5,64.4,1046.0,Moderate,6,5.8,23
S00704,P31111,30,Female,General,20,General,Low,20.0,No,Low,7,23.0,H009,21.9,43.7,533.0,Moderate,4,8.3,10
S00705,P70109,27,Female,Cardiac,266,General,Low,368.0,Yes,High,22,22.0,H013,24.3,79.4,1043.0,Poor,4,11.1,23
S00706,P54825,58,Male,Neurological,166,General,Low,198.0,No,Medium,15,4.0,H006,20.5,57.3,1169.0,Moderate,3,7.2,18
S00707,P68404,18,Male,Neurological,171,General,Medium,266.0,No,Medium,12,12.0,H019,24.1,50.8,642.0,Good,2,9.0,15
S00708,P64764,59,Male,Neurological,190,Local,High,260.0,Yes,High,19,24.0,H010,25.3,61.5,918.0,Poor,3,14.3,19
S00709,P43156,52,Male,General,47,Regional,Low,87.0,No,Low,5,24.0,H017,22.8,43.7,592.0,Good,1,9.7,7
S00710,P44340,51,Male,ENT,72,Sedation,Low,90.0,No,Low,6,1.0,H015,19.6,48.3,612.0,Good,3,2.2,9
S00711,P38077,66,Male,General,106,Local,Low,209.0,No,Low,6,23.0,H012,21.5,57.0,452.0,Moderate,4,11.6,9
S00712,P44364,55,Female,ENT,80,General,Medium,132.0,No,Medium,8,23.0,H002,23.9,75.0,1008.0,Good,3,8.1,11
S00713,P86074,70,Female,Gynecological,82,Regional,Low,97.0,No,Medium,8,4.0,H014,21.6,52.1,683.0,Poor,1,10.5,10
S00714,P41267,73,Female,General,119,General,Low,253.0,No,Medium,1,11.0,H002,17.9,57.9,820.0,Good,5,8.4,1
S00715,P20977,84,Male,Cardiac,210,Local,High,381.0,No,High,25,2.0,H015,21.3,47.0,1476.0,Poor,5,16.1,25
S00716,P83610,75,Female,Orthopedic,101,General,High,206.0,No,High,13,20.0,H018,24.7,61.7,654.0,Poor,4,12.3,16
S00717,P29606,55,Male,Urological,75,Sedation,Medium,111.0,No,Low,8,25.0,H011,25.0,71.6,681.0,Good,2,6.7,9
S00718,P44599,53,Male,General,98,Regional,Low,160.0,No,Low,1,6.0,H019,21.5,50.3,356.0,Good,4,6.9,4
S00719,P28222,34,Male,General,80,Regional,Low,132.0,No,Low,6,11.0,H012,21.0,43.1,447.0,Good,1,5.5,8
S00720,P62228,61,Male,Urological,116,Regional,Low,143.0,No,Low,10,16.0,H011,24.1,43.6,631.0,Good,3,7.7,11
S00721,P33965,28,Male,Cardiac,248,Regional,Medium,356.0,No,High,22,3.0,H011,24.2,65.2,869.0,Moderate,7,13.1,23
S00722,P97498,85,Female,Urological,82,Regional,Medium,125.0,Yes,High,12,9.0,H003,25.1,61.9,929.0,Good,5,10.1,13
S00723,P48458,78,Female,Neurological,187,Regional,Low,313.0,No,High,17,7.0,H002,23.7,55.8,841.0,Poor,1,15.9,17
S00724,P12708,26,Female,Ophthalmic,81,General,High,186.0,No,High,4,1.0,H002,23.8,60.1,833.0,Good,4,15.2,7
S00725,P59756,74,Male,Cardiac,247,Regional,Low,382.0,No,High,20,20.0,H018,24.6,48.0,752.0,Moderate,4,19.4,24
S00726,P29791,26,Female,Orthopedic,65,General,Medium,86.0,No,Medium,15,22.0,H003,24.5,64.5,969.0,Moderate,3,11.9,17
S00727,P41545,69,Female,Gynecological,132,Regional,Low,174.0,Yes,High,12,3.0,H013,23.4,56.3,694.0,Moderate,7,13.2,13
S00728,P93269,24,Male,Orthopedic,123,Regional,Low,140.0,No,Medium,12,4.0,H006,20.2,62.5,601.0,Moderate,5,13.6,13
S00729,P26171,53,Female,ENT,90,General,Low,151.0,No,Low,1,3.0,H008,18.7,60.1,430.0,Good,1,5.9,3
S00730,P74502,65,Male,Gynecological,87,Local,Medium,114.0,No,Medium,11,28.0,H013,19.0,27.4,422.0,Moderate,4,9.6,14
S00731,P72053,70,Male,Cardiac,185,Regional,Low,266.0,No,Medium,20,17.0,H017,21.4,50.8,823.0,Good,3,9.4,22
S00732,P43880,48,Male,Cardiac,171,Regional,Low,268.0,No,Low,17,16.0,H003,22.6,31.7,587.0,Good,2,1.0,21
S00733,P49880,84,Male,Ophthalmic,31,Regional,Medium,46.0,Yes,High,10,3.0,H010,19.5,39.3,1486.0,Poor,4,8.5,13
S00734,P18079,73,Male,General,105,Regional,Medium,157.0,No,High,6,1.0,H003,19.8,66.0,827.0,Moderate,5,9.6,6
S00735,P52992,32,Male,Ophthalmic,98,Local,Medium,120.0,Yes,High,5,27.0,H004,24.3,69.7,586.0,Poor,1,6.8,7
S00736,P56253,66,Male,Orthopedic,129,General,Medium,203.0,No,Medium,16,28.0,H014,25.3,31.9,639.0,Moderate,4,16.8,20
S00737,P63848,70,Female,Ophthalmic,28,General,Medium,39.0,No,Medium,1,16.0,H001,24.2,57.0,1209.0,Poor,4,6.7,3
S00738,P80547,42,Male,General,66,Regional,Medium,97.0,No,Low,2,4.0,H005,18.3,39.5,673.0,Poor,4,9.5,5
S00739,P93631,71,Male,Gynecological,140,General,Low,258.0,No,High,12,1.0,H011,27.5,52.8,988.0,Moderate,5,,12
S00740,P48059,82,Male,Neurological,140,General,Low,231.0,No,High,15,25.0,H005,25.3,83.6,911.0,Moderate,3,14.5,15
S00741,P89438,76,Female,Orthopedic,183,General,Low,243.0,No,High,22,16.0,H008,23.7,63.0,778.0,Good,2,20.8,22
S00742,P85957,72,Female,ENT,126,General,Low,183.0,No,Medium,3,10.0,H012,22.2,39.6,970.0,Good,2,12.5,3
S00743,P37621,63,Female,ENT,134,Sedation,Low,265.0,No,High,1,1.0,H018,25.1,54.9,796.0,Good,5,6.6,2
S00744,P36143,37,Male,Neurological,191,General,Low,268.0,No,Medium,23,17.0,H002,23.6,49.6,778.0,Good,4,15.9,24
S00745,P58276,75,Male,ENT,59,General,Low,89.0,No,Low,4,26.0,H010,22.8,45.9,630.0,Good,4,7.1,8
S00746,P54563,44,Female,Orthopedic,130,Sedation,Medium,220.0,No,High,14,25.0,H012,26.8,59.1,,Poor,5,14.2,18
S00747,P43517,56,Male,Orthopedic,147,Sedation,Medium,229.0,No,High,14,22.0,H010,23.1,59.3,810.0,Good,4,17.8,17
S00748,P18116,40,Female,Orthopedic,100,General,Medium,138.0,No,Medium,9,2.0,H001,22.0,36.3,,Moderate,2,10.1,9
S00749,P81480,40,Female,Neurological,146,Local,High,236.0,No,High,14,22.0,H015,22.7,79.9,1091.0,Poor,5,9.5,17
S00750,P57300,29,Male,Orthopedic,111,General,Low,166.0,No,Medium,19,20.0,H005,21.4,65.4,639.0,Good,1,9.0,23
S00751,P25840,87,Female,Neurological,156,Local,Low,264.0,No,High,13,25.0,H002,22.6,49.1,1047.0,Poor,5,12.4,15
S00752,P87494,28,Female,Orthopedic,157,General,Low,297.0,No,Medium,18,5.0,H009,24.6,54.5,642.0,Poor,2,5.9,21
S00753,P93262,24,Male,Gynecological,81,General,Medium,85.0,No,Low,11,26.0,H004,20.5,25.5,590.0,Moderate,4,7.9,12
S00754,P23698,85,Male,Urological,82,General,Low,166.0,No,Low,8,21.0,H012,24.1,49.8,632.0,Good,4,2.3,11
S00755,P57320,57,Male,Gynecological,129,Local,High,232.0,Yes,High,16,23.0,H011,23.0,87.2,1052.0,Moderate,6,11.0,19
S00756,P64860,49,Female,Cardiac,278,General,Low,494.0,No,Medium,27,5.0,H004,22.9,64.2,380.0,Moderate,3,15.0,27
S00757,P31281,71,Male,Gynecological,106,Regional,Low,135.0,No,Medium,7,,H018,24.9,52.3,840.0,Moderate,5,3.9,9
S00758,P38282,45,Male,Cardiac,251,Regional,Medium,255.0,No,Medium,18,1.0,H017,,46.2,357.0,Moderate,4,10.0,21
S00759,P44711,27,Female,Gynecological,69,General,Low,76.0,No,Low,11,7.0,H006,18.3,46.4,526.0,Moderate,1,10.3,12
S00760,P41807,70,Male,General,120,Local,Medium,168.0,No,Medium,4,5.0,H018,22.6,58.5,811.0,Poor,4,14.9,5
S00761,P70802,30,Male,Neurological,217,General,Medium,359.0,No,High,14,7.0,H007,20.6,68.9,1266.0,Poor,7,20.5,17
S00762,P10772,57,Female,Orthopedic,63,General,Medium,95.0,No,High,13,19.0,H010,22.1,61.0,,Poor,3,8.6,15
S00763,P68540,86,Male,Urological,132,General,Medium,188.0,No,High,9,27.0,H011,,75.4,775.0,Moderate,2,5.2,10
S00764,P57968,85,Male,Ophthalmic,38,General,Low,69.0,No,Low,8,29.0,H006,19.5,40.3,300.0,Good,1,7.1,12
S00765,P78275,43,Male,Gynecological,117,General,Low,175.0,No,Medium,16,4.0,H012,23.1,42.2,484.0,Moderate,4,8.7,20
S00766,P98678,74,Male,ENT,72,Regional,Medium,114.0,No,Medium,1,29.0,H003,26.0,33.6,1158.0,Poor,1,3.7,1
S00767,P48862,62,Male,Ophthalmic,58,Regional,Low,141.0,No,Medium,5,4.0,H012,23.2,50.6,330.0,Good,2,10.0,7
S00768,P23217,52,Female,Orthopedic,113,General,Low,169.0,No,Medium,10,22.0,H018,22.2,53.5,300.0,Good,2,13.4,13
S00769,P49264,28,Female,Gynecological,70,General,Low,90.0,No,Low,7,6.0,H007,21.7,54.8,,Good,3,6.0,10
S00770,P31082,45,Male,Neurological,195,Local,Medium,,No,High,16,24.0,H003,24.8,61.4,1273.0,Moderate,1,14.8,20
S00771,P55801,64,Female,General,81,General,Low,139.0,Yes,Medium,10,11.0,H011,20.7,59.0,682.0,Good,2,13.6,14
S00772,P30366,89,Female,Orthopedic,80,Regional,High,177.0,No,High,13,26.0,H006,22.1,90.7,993.0,Moderate,1,14.1,15
S00773,P10949,18,Female,ENT,38,Local,Low,58.0,Yes,Low,2,16.0,H015,20.1,58.8,757.0,Good,1,8.3,2
S00774,P60591,69,Female,Gynecological,61,General,Low,118.0,No,Low,14,16.0,H007,,26.3,761.0,Moderate,4,6.8,18
S00775,P38955,78,Female,Cardiac,224,Regional,Low,427.0,No,High,23,13.0,H002,25.3,60.4,785.0,Moderate,3,4.9,27
S00776,P27091,86,Female,Neurological,194,Sedation,Low,284.0,No,High,17,7.0,H006,23.7,48.7,650.0,Good,3,9.9,18
S00777,P10222,48,Male,General,68,Regional,Low,88.0,No,Low,3,15.0,H016,23.1,31.0,399.0,Good,2,7.9,6
S00778,P95647,26,Female,Gynecological,129,Sedation,Medium,210.0,No,Medium,13,20.0,H001,24.2,60.3,466.0,Good,4,3.5,14
S00779,P85486,37,Male,Ophthalmic,56,General,Low,73.0,No,Low,2,5.0,H017,20.1,71.5,745.0,Moderate,1,6.0,5
S00780,P72668,79,Male,Neurological,171,Regional,Low,301.0,No,Medium,16,5.0,H004,20.9,44.2,910.0,Moderate,2,5.4,18
S00781,P43396,81,Female,General,90,General,Low,146.0,No,Low,1,13.0,H006,23.2,,531.0,Moderate,3,8.2,5
S00782,P66276,63,Male,General,131,General,Low,301.0,No,Medium,8,25.0,H015,23.3,61.4,760.0,Moderate,3,11.1,11
S00783,P58342,26,Male,Neurological,138,Sedation,High,317.0,Yes,High,24,11.0,H018,23.0,60.1,,Good,3,,26
S00784,P10357,26,Male,General,139,General,Low,163.0,No,Low,7,12.0,H004,22.9,60.0,433.0,Moderate,2,12.3,10
S00785,P92143,52,Male,Orthopedic,148,Sedation,Medium,198.0,No,Low,14,28.0,H018,24.0,40.8,424.0,Good,2,4.3,15
S00786,P52351,60,Female,Orthopedic,119,Regional,Low,110.0,No,Low,15,8.0,H015,21.9,63.8,613.0,Moderate,3,10.7,18
S00787,P51818,20,Female,General,125,Sedation,Low,107.0,No,Low,7,11.0,H001,20.9,65.2,751.0,Moderate,1,8.7,9
S00788,P82848,67,Male,Ophthalmic,50,Sedation,Medium,76.0,No,Medium,1,25.0,H008,23.1,61.5,858.0,Moderate,2,7.5,2
S00789,P74099,57,Male,Neurological,188,Regional,Low,214.0,No,Medium,19,16.0,H005,20.1,51.5,743.0,Good,4,13.1,23
S00790,P55628,18,Male,Cardiac,223,Sedation,High,494.0,No,High,26,4.0,H002,24.9,55.9,1124.0,Moderate,1,13.8,29
S00791,P86604,24,Male,Gynecological,128,Local,Low,236.0,No,High,14,7.0,H018,25.0,72.6,1216.0,Moderate,4,14.7,16
S00792,P76444,50,Female,ENT,48,Regional,Low,68.0,No,Low,1,29.0,H016,20.4,50.2,300.0,Good,2,6.6,3
S00793,P61797,70,Female,General,88,Regional,High,173.0,No,Low,13,24.0,H017,21.2,48.4,,Moderate,3,5.1,14
S00794,P71384,77,Male,Orthopedic,140,General,Low,272.0,No,High,9,28.0,H013,21.9,64.8,675.0,Good,4,13.3,11
S00795,P24747,49,Male,Gynecological,131,General,High,313.0,No,High,15,14.0,H014,27.1,,1057.0,Poor,6,10.8,19
S00796,P93651,39,Female,General,65,General,High,129.0,Yes,Medium,13,18.0,H012,20.7,,605.0,Good,5,8.1,16
S00797,P89392,87,Female,Gynecological,122,General,Low,144.0,No,Medium,12,4.0,H001,20.5,65.2,787.0,Good,1,7.2,14
S00798,P42997,51,Male,Cardiac,210,General,Low,296.0,No,Medium,25,21.0,H003,21.1,38.0,831.0,Poor,5,10.1,27
S00799,P13568,40,Male,Orthopedic,55,Regional,Medium,89.0,Yes,Medium,19,17.0,H017,23.9,67.0,746.0,Good,5,5.3,22
S00800,P84282,49,Male,Neurological,157,Regional,Low,211.0,No,Medium,17,2.0,H012,23.1,42.8,617.0,Poor,4,8.3,18
S00801,P55432,18,Female,Gynecological,125,Regional,Medium,204.0,No,Medium,9,25.0,H007,23.4,33.2,447.0,Good,4,4.1,13
S00802,P33438,39,Male,Neurological,179,Local,Low,373.0,No,Medium,16,13.0,H016,24.8,62.8,721.0,Moderate,4,16.5,19
S00803,P99710,55,Male,Cardiac,223,Sedation,Low,240.0,No,Low,24,29.0,H011,,53.9,760.0,Moderate,1,6.6,24
S00804,P60177,84,Female,General,91,Local,Medium,124.0,No,Medium,6,26.0,H019,22.3,50.5,376.0,Moderate,3,8.4,8
S00805,P28435,71,Female,Gynecological,100,Regional,Medium,108.0,Yes,High,8,,H010,20.7,51.7,777.0,Poor,5,15.3,12
S00806,P65614,74,Male,Orthopedic,138,General,Medium,172.0,Yes,High,21,1.0,H013,21.9,68.6,550.0,Moderate,7,14.0,24
S00807,P78490,57,Male,Gynecological,51,Sedation,Medium,71.0,No,Medium,12,5.0,H019,20.4,45.4,856.0,Poor,4,11.3,15
S00808,P49844,25,Male,Gynecological,96,General,Low,123.0,No,Low,10,9.0,H009,22.8,59.5,300.0,Poor,1,9.8,14
S00809,P71659,46,Female,Neurological,183,General,Low,303.0,No,Low,15,9.0,H018,21.0,43.1,300.0,Moderate,2,9.1,16
S00810,P19212,89,Male,ENT,29,General,Low,44.0,No,Medium,1,11.0,H016,22.3,46.1,903.0,Poor,1,9.0,4
S00811,P34806,21,Female,Ophthalmic,20,Regional,Low,31.0,No,Low,1,28.0,H001,,63.3,471.0,Good,4,9.9,3
S00812,P49077,81,Female,Cardiac,229,Regional,Low,322.0,Yes,High,26,20.0,H001,22.0,44.5,580.0,Poor,4,8.8,28
S00813,P20261,67,Female,Orthopedic,120,General,Medium,172.0,No,Low,8,6.0,H002,22.5,32.5,,Moderate,1,10.4,9
S00814,P27728,38,Female,Cardiac,240,Local,Low,334.0,No,Medium,22,21.0,H008,22.3,42.5,707.0,Poor,4,9.3,24
S00815,P58523,74,Male,Cardiac,223,General,Low,317.0,No,High,21,2.0,H016,22.7,60.9,1436.0,Poor,2,14.1,23
S00816,P53857,78,Male,General,72,General,Medium,117.0,No,High,10,2.0,H014,21.1,83.8,647.0,Poor,4,13.0,11
S00817,P42495,21,Female,Ophthalmic,48,General,Low,44.0,No,Low,5,19.0,H015,22.7,51.8,402.0,Good,1,10.3,6
S00818,P11856,25,Male,Ophthalmic,68,General,High,157.0,No,High,3,7.0,H007,21.8,44.9,757.0,Poor,5,17.0,6
S00819,P45805,65,Male,Cardiac,277,Local,Low,343.0,No,Medium,15,13.0,H001,25.7,41.0,960.0,Poor,3,7.9,15
S00820,P53506,89,Male,General,23,General,Low,32.0,No,Low,4,24.0,H002,24.6,54.9,300.0,Good,2,14.0,6
S00821,P98750,19,Male,Orthopedic,138,General,High,192.0,No,Medium,21,12.0,H003,18.9,35.1,705.0,Good,4,10.8,21
S00822,P43959,65,Male,General,86,General,Medium,119.0,No,Medium,7,6.0,H003,25.1,37.1,694.0,Moderate,3,11.2,10
S00823,P56312,27,Female,Orthopedic,135,Local,Medium,213.0,No,High,15,29.0,H018,26.5,64.3,987.0,Moderate,3,10.3,17
S00824,P11215,64,Female,Ophthalmic,95,Sedation,Low,155.0,No,Low,1,9.0,H004,20.8,60.6,422.0,Good,3,14.2,3
S00825,P26158,62,Female,Urological,57,Regional,Low,65.0,No,Low,9,20.0,H007,22.7,60.9,651.0,Good,1,7.6,9
S00826,P66047,24,Female,Cardiac,268,Regional,Medium,434.0,No,High,16,5.0,H016,23.0,65.6,821.0,Moderate,4,19.7,18
S00827,P53569,67,Male,Gynecological,62,Sedation,Low,114.0,No,Low,12,5.0,H004,23.4,64.4,347.0,Good,3,10.6,14
S00828,P38170,82,Female,General,93,General,Medium,125.0,No,Medium,3,22.0,H014,21.5,50.7,757.0,Poor,2,7.5,7
S00829,P45592,80,Male,Urological,72,General,Low,108.0,No,Low,2,27.0,H009,24.0,45.5,537.0,Good,3,,5
S00830,P62413,20,Male,General,91,Regional,Low,80.0,No,Medium,13,1.0,H015,22.3,56.4,753.0,Moderate,4,14.0,17
S00831,P48712,35,Female,Orthopedic,90,General,Low,110.0,No,Low,14,29.0,H006,21.4,53.5,987.0,Moderate,3,8.1,16
S00832,P89731,35,Male,General,103,Regional,Medium,162.0,No,Low,7,9.0,H018,23.3,95.0,680.0,Good,1,9.0,8
S00833,P29704,50,Male,Orthopedic,167,Regional,Low,298.0,No,Low,8,29.0,H014,,47.6,592.0,Poor,1,14.5,8
S00834,P87796,28,Male,General,60,General,High,129.0,Yes,Medium,16,16.0,H006,17.4,53.3,814.0,Poor,5,9.4,17
S00835,P93091,79,Male,Cardiac,245,Regional,Low,563.0,No,High,23,23.0,H013,17.3,79.7,693.0,Good,4,16.2,24
S00836,P55320,73,Male,Gynecological,125,General,Low,199.0,No,Medium,9,1.0,H015,23.7,65.3,795.0,Poor,3,12.4,13
S00837,P25584,76,Female,Urological,71,General,Low,79.0,No,Low,10,5.0,H019,20.7,29.8,459.0,Good,1,8.8,13
S00838,P52412,32,Female,Orthopedic,160,Local,Medium,301.0,No,High,17,28.0,H007,24.2,77.0,987.0,Moderate,4,19.1,17
S00839,P91478,19,Male,General,77,Local,Medium,86.0,No,Medium,8,5.0,H019,22.1,59.1,760.0,Good,3,7.4,10
S00840,P57997,83,Female,Gynecological,96,General,Low,153.0,No,Low,3,26.0,H015,27.8,15.9,537.0,Good,3,11.5,4
S00841,P66492,38,Male,Orthopedic,90,General,Low,109.0,No,Low,10,4.0,H009,19.3,45.1,909.0,Good,4,10.0,14
S00842,P45128,65,Female,General,93,General,Medium,101.0,No,Medium,12,,H014,23.8,42.7,461.0,Good,5,8.6,16
S00843,P62369,83,Male,Gynecological,100,General,Low,178.0,No,Medium,10,11.0,H011,21.3,45.1,851.0,Moderate,4,11.4,12
S00844,P36558,20,Male,Neurological,199,General,Medium,282.0,No,Medium,18,13.0,H019,19.9,50.4,689.0,Good,1,12.8,20
S00845,P33739,18,Male,Urological,60,General,Medium,121.0,No,Medium,5,21.0,H002,21.7,59.3,795.0,Good,3,8.6,9
S00846,P24186,18,Female,General,69,Local,Low,82.0,No,Low,5,5.0,H015,19.2,65.2,326.0,Moderate,2,5.9,9
S00847,P72901,29,Female,General,103,Local,Medium,106.0,No,Low,10,10.0,H016,18.9,65.6,523.0,Good,2,8.6,12
S00848,P92357,21,Female,Orthopedic,161,Local,Medium,218.0,No,Medium,18,17.0,H001,21.8,76.4,496.0,Good,3,13.8,20
S00849,P42230,77,Female,Orthopedic,138,Regional,Low,,No,Medium,16,11.0,H010,20.2,52.9,1076.0,Moderate,3,8.2,17
S00850,P15547,61,Male,Orthopedic,175,Local,Low,306.0,No,Low,15,7.0,H014,21.7,24.9,848.0,Good,4,7.6,17
S00851,P46292,88,Male,Ophthalmic,76,Local,Low,126.0,No,High,4,2.0,H017,24.7,25.9,,Good,2,13.4,5
S00852,P41059,75,Male,Ophthalmic,75,Local,Medium,125.0,No,Medium,2,19.0,H002,19.5,63.5,384.0,Good,2,14.6,2
S00853,P65907,87,Male,Urological,100,Local,Medium,135.0,No,High,4,2.0,H006,26.7,57.6,934.0,Moderate,6,14.7,8
S00854,P24979,35,Male,Orthopedic,164,Local,Low,380.0,No,Medium,9,5.0,H011,21.7,,860.0,Poor,4,14.1,9
S00855,P80546,38,Male,General,127,Local,Low,207.0,No,Medium,10,7.0,H013,22.3,57.2,673.0,Good,3,2.7,11
S00856,P15448,79,Male,Urological,47,Regional,Low,75.0,No,Low,7,21.0,H003,17.7,28.9,515.0,Good,3,8.2,8
S00857,P44571,35,Female,Gynecological,124,General,Low,222.0,No,Medium,11,4.0,H016,22.2,47.1,794.0,Moderate,3,12.2,12
S00858,P25547,22,Male,Orthopedic,127,General,Low,141.0,No,Low,14,10.0,H010,26.5,55.1,664.0,Moderate,1,12.6,17
S00859,P88535,66,Female,Ophthalmic,54,General,Low,66.0,No,Low,3,3.0,H008,23.6,36.6,424.0,Moderate,2,11.5,7
S00860,P51036,75,Female,Orthopedic,66,General,Low,94.0,No,Low,15,15.0,H016,,68.1,,Good,4,6.4,19
S00861,P91988,87,Male,Orthopedic,73,General,Medium,131.0,No,Low,16,6.0,H010,19.7,44.7,1008.0,Good,2,,17
S00862,P60304,84,Male,Ophthalmic,49,General,Medium,54.0,No,Medium,1,5.0,H006,,47.6,547.0,Good,3,13.8,5
S00863,P78203,26,Female,General,46,General,Low,68.0,No,Low,10,10.0,H009,21.7,30.7,300.0,Good,3,4.2,13
S00864,P90491,73,Female,Neurological,169,Sedation,Medium,242.0,No,High,15,8.0,H003,24.0,83.2,948.0,Poor,3,15.3,15
S00865,P84173,78,Male,General,111,General,Low,114.0,No,Medium,7,2.0,H017,20.9,47.9,300.0,Moderate,2,13.7,11
S00866,P71544,68,Male,ENT,52,General,Low,70.0,No,Low,1,14.0,H006,26.1,53.5,854.0,Good,4,10.7,3
S00867,P81455,77,Female,Orthopedic,122,General,High,252.0,No,High,16,15.0,H007,24.1,52.0,1162.0,Moderate,4,17.2,20
S00868,P82175,78,Female,Gynecological,67,General,Medium,70.0,Yes,High,13,14.0,H004,25.3,51.8,1005.0,Poor,2,13.6,16
S00869,P70295,50,Male,Neurological,188,Regional,Low,361.0,No,Low,18,13.0,H008,21.6,53.7,377.0,Good,1,7.1,19
S00870,P59796,20,Male,Orthopedic,135,Regional,Low,221.0,No,Medium,16,29.0,H004,22.4,62.8,759.0,Good,2,15.2,18
S00871,P55860,50,Female,General,47,General,Medium,75.0,No,Medium,7,8.0,H001,21.9,59.3,990.0,Moderate,4,3.9,8
S00872,P28113,32,Male,General,67,Regional,Low,100.0,No,Medium,12,10.0,H014,24.6,60.9,687.0,Moderate,2,13.8,12
S00873,P61836,26,Female,Cardiac,201,General,High,285.0,Yes,High,31,15.0,H008,24.3,72.4,786.0,Good,6,17.9,35
S00874,P86486,26,Male,General,105,Regional,Low,137.0,No,Medium,6,3.0,H014,20.1,58.8,545.0,Good,4,5.5,8
S00875,P86636,68,Male,General,94,Sedation,Low,151.0,No,Low,6,29.0,H005,22.8,42.1,530.0,Good,2,10.9,10
S00876,P52705,54,Male,General,88,Sedation,Medium,114.0,Yes,Medium,13,16.0,H011,22.3,51.6,545.0,Good,3,17.8,17
S00877,P53699,56,Male,Gynecological,96,General,Medium,149.0,No,Medium,12,21.0,H004,22.9,40.4,551.0,Moderate,3,15.2,12
S00878,P79411,71,Female,Urological,89,Local,Low,109.0,No,Medium,4,10.0,H005,22.0,41.7,530.0,Good,3,3.5,5
S00879,P98199,57,Male,General,100,Local,High,,No,High,11,21.0,H019,25.3,65.4,1287.0,Poor,2,20.4,12
S00880,P10571,63,Female,General,75,Local,High,174.0,No,Medium,6,26.0,H011,25.0,60.7,704.0,Good,3,13.1,9
S00881,P73072,24,Male,General,70,General,Low,70.0,No,Low,8,17.0,H001,25.7,58.0,494.0,Good,1,12.2,11
S00882,P50107,79,Female,General,88,Regional,Low,133.0,No,Medium,10,7.0,H019,18.6,73.3,694.0,Good,5,13.5,13
S00883,P30759,50,Female,Orthopedic,114,General,Low,118.0,No,Medium,14,20.0,H016,23.3,36.5,711.0,Moderate,4,10.8,16
S00884,P40498,29,Female,Cardiac,301,General,Medium,283.0,No,High,14,25.0,H008,22.8,48.1,1055.0,Moderate,4,20.0,15
S00885,P99453,76,Male,Orthopedic,108,Regional,Medium,142.0,No,Medium,8,21.0,H005,21.0,49.4,497.0,Good,3,8.6,11
S00886,P36747,70,Female,Neurological,188,General,Low,439.0,No,High,19,20.0,H009,19.7,77.9,854.0,Poor,2,19.4,22
S00887,P55307,21,Female,ENT,83,General,High,193.0,Yes,High,5,14.0,H015,25.8,72.2,816.0,Moderate,4,17.6,9
S00888,P70735,31,Female,General,132,Local,Low,253.0,No,Medium,8,6.0,H010,21.4,63.6,816.0,Good,3,6.9,12
S00889,P33768,19,Male,General,65,Regional,Medium,109.0,No,Low,9,21.0,H004,20.9,46.6,653.0,Good,3,9.6,10
S00890,P84208,37,Male,General,130,Sedation,Medium,203.0,No,High,10,12.0,H004,26.6,65.2,797.0,Moderate,1,18.3,11
S00891,P16517,25,Male,Gynecological,95,Local,Low,168.0,No,Low,9,7.0,H019,21.1,63.4,385.0,Good,4,5.4,13
S00892,P87755,69,Female,General,165,Local,Low,215.0,No,Medium,8,15.0,H005,21.0,38.6,1208.0,Poor,2,8.0,10
S00893,P72611,55,Female,General,100,Local,Low,164.0,No,Low,7,1.0,H011,19.3,43.1,691.0,Moderate,3,1.0,11
S00894,P82064,88,Male,Gynecological,63,General,High,166.0,Yes,High,13,16.0,H014,23.4,62.2,1091.0,Poor,4,11.8,13
S00895,P18284,71,Female,Orthopedic,114,General,Low,194.0,No,Medium,16,16.0,H003,25.3,65.0,841.0,Good,3,5.0,16
S00896,P83048,62,Female,General,130,Sedation,Medium,243.0,No,High,11,12.0,H004,23.7,70.8,893.0,Poor,6,12.4,14
S00897,P35268,54,Male,General,92,General,Low,143.0,No,Low,9,21.0,H006,24.6,26.4,400.0,Good,3,11.9,12
S00898,P85156,21,Male,Gynecological,98,General,Low,196.0,No,Low,8,17.0,H012,20.3,60.1,556.0,Good,4,6.8,9
S00899,P41557,23,Female,ENT,91,Regional,High,180.0,No,Medium,10,11.0,H017,23.3,49.8,431.0,Moderate,4,,11
S00900,P72420,62,Female,Urological,69,General,Low,,Yes,Low,16,21.0,H008,24.1,,300.0,Good,1,5.8,18
S00901,P99389,18,Male,General,83,General,Medium,138.0,No,High,10,4.0,H006,24.2,58.4,1227.0,Moderate,3,15.7,12
S00902,P78391,21,Female,Orthopedic,91,Regional,Low,126.0,No,Low,17,15.0,H006,25.2,56.0,762.0,Good,4,13.1,19
S00903,P17328,33,Female,General,141,General,Low,161.0,No,Low,2,5.0,H015,22.8,50.6,620.0,Good,2,9.9,3
S00904,P29904,81,Female,Urological,43,Regional,Low,54.0,No,Medium,9,18.0,H011,23.0,46.0,779.0,Poor,1,,12
S00905,P21531,51,Female,Ophthalmic,65,General,Low,78.0,No,Low,4,1.0,H012,17.3,40.9,721.0,Moderate,4,11.3,8
S00906,P96151,69,Female,Urological,94,Regional,Medium,138.0,No,Medium,11,25.0,H005,23.6,47.5,598.0,Good,3,10.6,12
S00907,P39073,47,Male,Orthopedic,119,General,Low,133.0,No,Low,15,1.0,H013,23.2,34.5,475.0,Good,3,3.0,18
S00908,P55282,30,Male,Gynecological,62,Regional,Low,117.0,No,Low,14,15.0,H006,24.3,44.7,871.0,Poor,2,11.6,18
S00909,P61950,44,Male,Ophthalmic,30,General,Low,45.0,No,Low,1,20.0,H017,20.4,46.1,,Poor,1,7.3,5
S00910,P33647,24,Male,Gynecological,115,General,Medium,174.0,No,Low,11,13.0,H010,21.9,62.4,835.0,Good,3,2.6,14
S00911,P43227,73,Female,Gynecological,76,Local,Medium,87.0,No,Medium,11,7.0,H003,19.5,62.8,767.0,Good,2,10.5,13
S00912,P50908,31,Male,General,27,General,Medium,34.0,No,Medium,9,8.0,H013,19.8,84.1,742.0,Good,5,20.4,12
S00913,P11286,45,Male,General,101,Local,High,134.0,No,Medium,14,25.0,H001,24.1,38.2,648.0,Poor,1,13.4,18
S00914,P84093,88,Male,Cardiac,213,General,Low,422.0,No,High,18,4.0,H016,26.4,54.8,458.0,Poor,4,11.2,20
S00915,P91468,60,Male,Orthopedic,138,General,Low,,No,Medium,18,21.0,H008,24.8,67.4,492.0,Good,4,10.8,22
S00916,P72323,51,Male,Urological,73,General,Medium,80.0,No,Medium,10,9.0,H016,22.3,56.4,729.0,Moderate,1,7.7,10
S00917,P49268,57,Female,ENT,62,Local,Low,119.0,No,High,4,1.0,H018,27.6,52.1,899.0,Poor,5,11.0,6
S00918,P23734,74,Female,Urological,81,General,Medium,130.0,No,Medium,5,12.0,H010,21.6,41.0,558.0,Poor,4,,5
S00919,P39506,36,Male,Neurological,145,General,Medium,222.0,No,High,18,3.0,H003,25.9,66.3,,Moderate,1,21.3,21
S00920,P49477,63,Female,Orthopedic,95,Regional,Low,152.0,No,Low,14,23.0,H002,19.4,52.2,677.0,Good,3,4.6,15
S00921,P27866,80,Female,Cardiac,232,General,High,464.0,No,High,25,23.0,H007,17.2,58.3,579.0,Moderate,7,15.1,28
S00922,P77961,59,Male,Urological,45,Local,Low,68.0,No,Low,6,7.0,H004,21.0,,832.0,Good,1,7.2,6
S00923,P50599,50,Female,Gynecological,121,Sedation,Medium,125.0,No,Medium,11,23.0,H014,21.4,82.9,993.0,Moderate,3,8.4,13
S00924,P72457,28,Male,ENT,60,Regional,Low,103.0,No,Low,3,21.0,H001,22.5,39.3,,Good,1,2.6,6
S00925,P56372,35,Male,Neurological,136,Regional,Medium,221.0,No,High,21,20.0,H014,24.0,77.0,488.0,Moderate,4,7.6,24
S00926,P27061,86,Female,General,73,General,Low,135.0,Yes,High,17,3.0,H004,24.4,63.6,700.0,Moderate,3,9.2,17
S00927,P68701,56,Male,Urological,83,Sedation,High,143.0,No,High,8,4.0,H003,27.5,61.1,761.0,Good,5,14.2,9
S00928,P76857,39,Female,Cardiac,226,Regional,High,339.0,No,High,24,5.0,H001,25.2,73.9,1105.0,Poor,4,14.5,26
S00929,P48257,48,Female,ENT,81,General,Medium,131.0,No,Low,7,24.0,H016,20.5,67.1,627.0,Good,4,11.8,8
S00930,P70735,59,Female,General,107,Sedation,Medium,130.0,No,Medium,7,10.0,H014,17.2,48.7,431.0,Moderate,4,2.4,11
S00931,P98484,56,Female,Orthopedic,192,Sedation,Medium,,No,High,9,16.0,H018,21.6,42.5,1241.0,Good,4,16.8,11
S00932,P31993,68,Female,Orthopedic,154,General,Medium,240.0,No,High,16,14.0,H011,27.6,70.2,1014.0,Moderate,4,10.8,16
S00933,P90062,36,Female,Ophthalmic,20,General,Medium,35.0,No,Low,1,29.0,H012,21.0,48.9,759.0,Good,3,7.8,3
S00934,P37681,64,Male,General,79,Regional,Medium,115.0,No,Low,7,6.0,H001,23.4,17.0,534.0,Moderate,1,7.0,11
S00935,P13912,49,Male,Gynecological,92,Local,High,203.0,Yes,High,15,23.0,H001,24.4,80.1,553.0,Good,6,8.1,17
S00936,P47745,85,Female,Urological,97,Regional,Medium,157.0,No,High,10,4.0,H012,26.3,52.4,418.0,Poor,2,14.1,11
S00937,P83791,29,Male,General,61,General,Low,91.0,No,Low,5,29.0,H010,21.8,49.4,430.0,Good,3,8.2,8
S00938,P70634,28,Male,Urological,64,General,High,148.0,No,Low,13,17.0,H016,20.7,43.2,659.0,Good,4,13.9,16
S00939,P39921,51,Male,Ophthalmic,22,General,Low,41.0,No,Low,2,8.0,H011,26.5,,684.0,Good,2,8.4,3
S00940,P95628,54,Female,Orthopedic,101,General,Low,122.0,No,Low,12,12.0,H001,20.1,65.3,,Good,3,7.0,15
S00941,P98562,67,Male,Gynecological,83,Local,High,193.0,No,Medium,14,22.0,H013,24.0,53.5,757.0,Moderate,2,5.0,14
S00942,P99525,47,Male,Cardiac,230,General,Low,263.0,No,Medium,17,13.0,H003,23.6,77.8,755.0,Good,2,8.9,18
S00943,P59813,83,Male,Neurological,144,General,Low,181.0,No,High,23,2.0,H017,25.9,59.7,767.0,Moderate,3,11.1,24
S00944,P72031,52,Male,General,119,Local,Medium,221.0,No,High,7,9.0,H009,22.9,67.9,1141.0,Good,2,10.3,9
S00945,P57722,27,Female,Urological,94,General,Medium,106.0,No,Low,6,27.0,H009,19.0,47.5,889.0,Moderate,1,9.4,10
S00946,P47119,26,Male,Orthopedic,76,General,Low,108.0,No,Low,12,11.0,H001,,49.3,473.0,Moderate,1,5.5,12
S00947,P57271,88,Female,General,90,Sedation,Low,198.0,No,Low,7,15.0,H006,20.5,62.4,575.0,Good,1,11.0,8
S00948,P16161,27,Female,Gynecological,53,General,Low,95.0,No,Low,12,6.0,H001,22.7,64.2,669.0,Poor,2,7.9,16
S00949,P24663,86,Male,Orthopedic,160,Local,Low,204.0,No,High,11,1.0,H003,27.2,68.4,807.0,Poor,1,18.9,15
S00950,P63368,38,Female,Urological,128,General,Low,170.0,No,Low,6,8.0,H012,22.6,56.7,,Poor,2,7.1,7
S00951,P47704,24,Female,ENT,68,General,Low,98.0,No,Low,4,26.0,H010,22.5,48.3,627.0,Good,3,5.7,5
S00952,P53355,39,Female,Orthopedic,94,Regional,High,227.0,No,High,21,16.0,H011,27.4,67.1,1045.0,Moderate,6,17.5,23
S00953,P92381,62,Male,Orthopedic,100,General,Medium,119.0,No,Medium,16,11.0,H016,18.4,56.6,490.0,Poor,4,8.9,19
S00954,P70364,48,Male,ENT,56,Regional,Medium,66.0,No,Medium,9,16.0,H016,17.9,55.4,701.0,Good,3,12.9,9
S00955,P16485,74,Female,Orthopedic,116,General,High,248.0,No,High,17,24.0,H017,21.5,74.9,1178.0,Moderate,1,13.4,17
S00956,P96801,61,Female,Orthopedic,161,Regional,High,210.0,No,High,21,27.0,H002,25.7,56.5,924.0,Good,7,1.0,21
S00957,P87686,46,Female,ENT,98,General,Medium,120.0,No,Low,8,,H002,18.0,42.5,700.0,Good,1,13.2,12
S00958,P25012,63,Female,Ophthalmic,89,Local,Low,131.0,No,Medium,5,25.0,H018,22.2,52.9,656.0,Moderate,3,8.8,5
S00959,P86604,87,Male,Gynecological,105,Regional,Medium,156.0,Yes,High,17,24.0,H017,22.1,62.7,1259.0,Poor,2,5.9,21
S00960,P43355,47,Female,General,55,Regional,Medium,59.0,No,High,5,1.0,H001,,69.1,559.0,Moderate,4,14.0,7
S00961,P43504,29,Male,Ophthalmic,36,General,Low,57.0,No,Low,8,26.0,H001,21.7,43.3,579.0,Good,3,2.5,9
S00962,P61852,47,Female,Gynecological,101,Regional,Low,168.0,No,Low,9,7.0,H006,22.5,63.5,494.0,Moderate,3,10.9,9
S00963,P91504,78,Male,Gynecological,63,Regional,Low,81.0,No,Low,11,23.0,H011,21.2,46.8,749.0,Good,2,8.2,11
S00964,P41563,33,Male,Urological,89,General,Low,177.0,No,Low,10,26.0,H001,23.4,68.8,300.0,Good,1,8.8,12
S00965,P61804,86,Female,Gynecological,124,Regional,Medium,198.0,Yes,High,10,17.0,H009,27.3,63.8,1397.0,Poor,5,12.8,12
S00966,P25844,60,Female,General,106,General,Low,127.0,No,Low,6,10.0,H005,24.5,56.3,511.0,Moderate,4,4.7,9
S00967,P17690,61,Female,Neurological,195,General,Low,387.0,No,Medium,18,25.0,H018,21.9,65.2,1012.0,Moderate,4,7.5,22
S00968,P63868,40,Male,General,34,Local,Low,45.0,No,Low,6,14.0,H016,20.3,64.7,745.0,Moderate,4,10.7,7
S00969,P31171,84,Male,General,130,General,High,251.0,No,High,9,23.0,H010,24.7,65.6,984.0,Moderate,4,13.2,10
S00970,P13544,20,Female,Neurological,132,General,Low,178.0,No,Low,22,20.0,H003,26.0,81.5,,Moderate,1,7.2,22
S00971,P10761,39,Male,General,85,Regional,Low,143.0,No,Low,4,10.0,H006,21.9,50.0,615.0,Moderate,3,8.4,5
S00972,P43933,48,Male,Urological,98,Local,Medium,132.0,No,Low,4,16.0,H004,23.7,,503.0,Poor,3,10.1,6
S00973,P32409,52,Female,General,100,General,Medium,137.0,No,Low,5,6.0,H017,23.6,49.6,684.0,Good,1,3.0,9
S00974,P97541,52,Male,Orthopedic,81,General,Medium,117.0,No,Medium,16,1.0,H012,23.5,67.2,687.0,Good,4,11.3,19
S00975,P53060,28,Female,Cardiac,207,General,Medium,279.0,No,High,23,20.0,H007,26.9,71.8,931.0,Good,2,16.6,25
S00976,P53038,34,Male,Cardiac,248,Regional,Low,451.0,No,Medium,22,6.0,H001,19.0,44.2,700.0,Good,4,10.2,24
S00977,P24038,24,Female,Urological,95,Regional,High,156.0,Yes,High,18,16.0,H016,23.6,62.8,812.0,Moderate,7,24.7,21
S00978,P19142,59,Female,General,56,Regional,Medium,83.0,Yes,High,12,3.0,H012,23.7,58.2,893.0,Moderate,5,12.6,12
S00979,P36947,43,Female,Cardiac,251,Local,Medium,383.0,No,Medium,19,19.0,H005,24.6,48.9,750.0,Good,2,4.6,19
S00980,P85085,58,Female,Urological,34,Sedation,Low,49.0,No,Low,5,5.0,H017,24.5,48.9,684.0,Good,2,9.6,9
S00981,P65865,60,Male,Orthopedic,138,General,Medium,247.0,No,Medium,10,8.0,H015,22.5,55.5,612.0,Good,5,8.4,13
S00982,P26113,68,Female,Orthopedic,93,General,Low,97.0,No,Low,13,5.0,H002,24.0,41.3,398.0,Moderate,1,13.6,14
S00983,P13318,57,Female,Urological,82,General,Low,136.0,No,Low,10,27.0,H001,21.2,42.4,651.0,Moderate,2,8.8,14
S00984,P32574,64,Female,General,87,General,Medium,98.0,No,High,7,19.0,H001,21.9,66.3,836.0,Poor,3,15.5,7
S00985,P34582,60,Female,Urological,114,General,Medium,153.0,Yes,High,13,20.0,H006,21.3,48.1,1004.0,Poor,3,17.0,14
S00986,P96618,64,Female,Urological,87,Local,Low,95.0,No,Low,4,12.0,H008,21.7,39.2,581.0,Good,3,8.1,8
S00987,P25346,62,Female,ENT,52,General,High,122.0,Yes,High,20,25.0,H018,22.3,95.0,1141.0,Good,1,15.9,20
S00988,P79758,40,Female,Orthopedic,130,General,Low,172.0,No,Medium,11,2.0,H017,24.5,,496.0,Moderate,3,7.5,15
S00989,P44744,35,Male,Urological,144,Regional,Medium,286.0,No,Medium,8,12.0,H019,24.1,32.8,567.0,Good,3,20.1,9
S00990,P38971,74,Male,Gynecological,122,Sedation,Low,191.0,No,High,13,3.0,H018,25.0,44.6,843.0,Poor,5,18.1,16
S00991,P28825,42,Female,Cardiac,238,General,Low,388.0,No,Medium,21,21.0,H001,22.4,28.1,715.0,Moderate,4,8.9,23
S00992,P68253,57,Male,Ophthalmic,34,Local,High,89.0,No,High,3,28.0,H016,22.3,88.4,786.0,Poor,5,16.2,7
S00993,P72160,32,Female,General,71,Local,Low,122.0,No,Low,9,23.0,H018,18.4,49.1,477.0,Poor,4,10.1,12
S00994,P53898,49,Female,Ophthalmic,80,General,High,209.0,No,High,1,5.0,H013,22.3,52.2,1017.0,Poor,4,23.1,3
S00995,P95312,56,Male,General,63,Regional,Low,110.0,No,Low,12,23.0,H019,23.6,56.7,583.0,Good,1,7.6,15
S00996,P90323,63,Female,General,90,General,Medium,99.0,No,Medium,7,8.0,H009,21.1,78.0,976.0,Good,4,7.9,11
S00997,P80983,55,Female,Orthopedic,163,General,Low,221.0,No,Low,13,11.0,H015,19.4,47.9,601.0,Moderate,4,10.5,15
S00998,P60425,43,Female,Ophthalmic,64,General,Medium,98.0,No,Medium,1,17.0,H015,25.9,77.3,591.0,Poor,3,15.4,2
S00999,P56864,87,Male,General,57,General,High,125.0,Yes,High,11,14.0,H005,29.6,51.3,1053.0,Good,4,17.1,14
S01000,P69472,54,Female,Orthopedic,185,Local,Medium,418.0,No,High,13,6.0,H015,26.8,46.5,690.0,Poor,2,17.8,16
S01001,P62437,76,Male,Orthopedic,172,Local,Low,233.0,No,Medium,19,16.0,H010,23.5,71.9,742.0,Moderate,2,11.4,22
S01002,P23422,71,Female,Urological,95,General,Medium,141.0,No,High,8,6.0,H004,23.8,62.7,1080.0,Poor,4,11.1,9
S01003,P68900,58,Male,Orthopedic,158,Regional,Medium,208.0,No,High,15,21.0,H003,23.8,50.6,897.0,Moderate,7,11.3,15
S01004,P32487,81,Female,General,81,General,Low,127.0,No,High,8,3.0,H014,25.0,72.8,881.0,Moderate,2,11.4,8
S01005,P76563,27,Female,Gynecological,121,General,Medium,231.0,No,Medium,17,24.0,H016,24.2,,505.0,Moderate,5,11.9,21
S01006,P12388,84,Female,Cardiac,227,Regional,Medium,348.0,No,High,19,29.0,H016,,52.8,968.0,Good,5,,21
S01007,P14438,79,Male,General,49,General,Medium,70.0,No,Medium,11,22.0,H019,22.1,52.2,,Moderate,2,10.2,14
S01008,P62941,54,Female,Cardiac,317,Local,Low,373.0,No,Medium,19,18.0,H018,16.2,42.4,505.0,Good,4,3.8,21
S01009,P80658,70,Female,ENT,27,General,Low,50.0,No,Medium,2,13.0,H004,23.6,62.9,628.0,Moderate,5,13.8,6
S01010,P60626,55,Male,Urological,88,Local,High,178.0,Yes,High,15,16.0,H014,24.3,67.9,838.0,Moderate,6,12.6,15
S01011,P25280,37,Female,Cardiac,248,General,Medium,358.0,No,High,20,15.0,H005,20.2,57.0,934.0,Moderate,4,11.2,21
S01012,P37703,75,Female,General,105,General,Medium,83.0,No,High,8,26.0,H014,24.5,66.9,1092.0,Poor,4,15.6,12
S01013,P49931,35,Female,General,87,Local,High,177.0,No,High,3,4.0,H009,24.8,61.7,1032.0,Poor,4,16.5,3
S01014,P30891,40,Female,ENT,67,Regional,Low,92.0,No,Low,5,18.0,H018,18.9,54.6,300.0,Good,4,10.2,8
S01015,P96627,55,Female,Neurological,184,General,Low,175.0,No,Low,16,16.0,H003,20.7,46.6,607.0,Poor,3,13.6,20
S01016,P50772,78,Female,General,104,Local,Medium,186.0,No,Medium,4,8.0,H004,19.7,47.1,1137.0,Good,4,6.7,4
S01017,P90259,45,Female,Ophthalmic,59,General,Medium,79.0,No,Low,1,12.0,H012,20.1,54.4,618.0,Poor,3,5.7,4
S01018,P19340,53,Male,Orthopedic,117,General,High,292.0,No,High,15,14.0,H011,24.8,36.1,958.0,Poor,5,9.5,15
S01019,P51917,20,Female,General,50,General,Medium,96.0,Yes,High,10,2.0,H017,22.4,95.0,1098.0,Poor,3,10.3,10
S01020,P86765,26,Female,Orthopedic,180,Regional,Low,231.0,No,Medium,12,14.0,H017,24.0,20.2,746.0,Moderate,3,15.4,12
S01021,P35224,22,Female,General,106,Regional,Low,202.0,No,Low,2,5.0,H005,23.5,43.3,833.0,Good,1,7.9,3
S01022,P84868,23,Female,Neurological,186,Local,Low,368.0,No,High,18,12.0,H013,23.7,63.8,916.0,Moderate,4,13.9,18
S01023,P78117,80,Male,ENT,51,Regional,High,117.0,No,High,5,9.0,H015,25.8,70.0,1005.0,Moderate,7,13.8,9
S01024,P63652,78,Male,General,59,General,Low,70.0,No,Low,2,22.0,H018,24.7,39.9,472.0,Good,1,3.7,2
S01025,P13975,77,Male,Orthopedic,145,General,Medium,123.0,No,Medium,12,28.0,H007,23.7,48.8,875.0,Poor,3,4.5,14
S01026,P91141,22,Male,Urological,75,General,Low,121.0,No,Low,5,4.0,H001,23.2,50.6,589.0,Good,3,9.2,6
S01027,P52951,23,Male,Urological,98,Local,Low,118.0,No,Low,8,8.0,H007,23.7,33.7,625.0,Moderate,3,14.2,12
S01028,P65213,38,Male,Gynecological,59,General,Low,95.0,No,Low,8,5.0,H005,22.8,35.6,786.0,Good,2,15.7,9
S01029,P71976,58,Female,Gynecological,146,Regional,Medium,194.0,No,High,5,15.0,H001,26.8,79.3,958.0,Poor,3,11.3,7
S01030,P54181,42,Male,Cardiac,267,Regional,Low,338.0,No,Medium,18,11.0,H005,20.0,65.9,611.0,Good,1,6.3,20
S01031,P24342,53,Male,General,87,Local,High,165.0,Yes,High,9,14.0,H004,25.0,73.0,572.0,Poor,4,10.1,9
S01032,P63997,30,Male,Orthopedic,134,General,High,198.0,No,High,20,3.0,H002,24.1,79.4,834.0,Moderate,5,18.4,22
S01033,P63974,70,Male,Orthopedic,142,General,Low,189.0,No,Low,17,26.0,H015,21.9,51.1,528.0,Good,3,4.6,19
S01034,P17689,40,Male,Ophthalmic,20,Sedation,High,75.0,No,High,10,29.0,H012,30.7,55.6,963.0,Good,4,13.7,14
S01035,P27917,22,Female,Gynecological,150,Regional,Low,224.0,No,Medium,8,27.0,H003,22.0,40.1,596.0,Moderate,3,11.8,11
S01036,P29573,71,Female,Cardiac,254,Regional,Low,388.0,No,High,24,15.0,H008,20.6,,1299.0,Good,2,22.3,24
S01037,P42590,83,Male,Orthopedic,98,Local,Low,115.0,No,Medium,15,20.0,H016,22.7,49.7,797.0,Moderate,5,14.7,17
S01038,P60248,19,Female,ENT,37,Sedation,Medium,67.0,No,Low,2,2.0,H005,23.7,59.7,530.0,Good,1,3.9,5
S01039,P65165,49,Male,Orthopedic,149,General,Medium,216.0,No,Medium,12,18.0,H005,21.0,53.7,809.0,Poor,3,9.6,16
S01040,P20101,77,Male,Cardiac,246,Sedation,Low,479.0,No,High,20,18.0,H014,23.4,72.0,1067.0,Moderate,2,14.0,23
S01041,P87302,68,Female,Orthopedic,134,General,Medium,210.0,No,High,14,22.0,H008,23.0,52.7,768.0,Moderate,3,7.9,17
S01042,P82862,79,Female,Orthopedic,120,Sedation,Medium,182.0,No,High,15,23.0,H013,23.5,47.4,829.0,Moderate,1,15.8,17
S01043,P18315,47,Female,Cardiac,209,General,Medium,282.0,No,High,20,1.0,H004,22.3,60.3,917.0,Good,6,4.3,23
S01044,P25320,44,Male,ENT,85,General,Medium,143.0,No,Medium,3,12.0,H001,24.5,47.8,815.0,Moderate,3,10.2,7
S01045,P85604,69,Male,Neurological,174,General,Medium,262.0,No,High,22,15.0,H011,28.3,60.0,1311.0,Moderate,5,12.6,25
S01046,P47660,29,Male,General,89,Local,Medium,156.0,No,Medium,6,14.0,H009,21.2,55.9,926.0,Good,5,7.5,10
S01047,P49910,35,Male,Gynecological,171,Sedation,Low,338.0,No,Low,9,16.0,H017,19.4,43.8,536.0,Good,2,6.3,13
S01048,P53610,61,Female,General,116,General,Medium,148.0,No,Medium,6,21.0,H014,21.9,50.8,802.0,Moderate,2,7.5,10
S01049,P99199,66,Male,Gynecological,127,General,Low,213.0,No,Medium,9,18.0,H007,25.1,22.9,1046.0,Moderate,3,11.8,10
S01050,P24213,26,Female,Gynecological,181,General,Medium,303.0,No,High,5,7.0,H002,22.2,89.7,639.0,Poor,3,21.3,7
S01051,P94714,54,Female,General,101,General,Medium,165.0,Yes,High,8,20.0,H011,26.3,,769.0,Good,4,17.5,11
S01052,P31794,44,Female,General,93,Local,Low,127.0,No,Low,14,18.0,H016,20.2,55.2,786.0,Good,2,7.9,15
S01053,P90877,54,Male,Urological,59,General,Low,81.0,No,Low,3,6.0,H006,25.6,25.0,305.0,Good,1,9.8,5
S01054,P53594,87,Male,Gynecological,86,Sedation,Medium,113.0,No,High,10,19.0,H012,23.8,47.0,930.0,Good,5,7.5,14
S01055,P78272,23,Male,Urological,20,Sedation,Medium,26.0,No,Low,9,16.0,H001,22.5,53.0,745.0,Good,4,7.3,12
S01056,P19610,89,Female,Orthopedic,143,General,Medium,178.0,No,High,17,24.0,H014,21.6,77.4,1018.0,Poor,4,18.3,17
S01057,P42862,50,Male,Gynecological,61,Regional,Medium,89.0,No,Medium,11,12.0,H016,21.1,61.2,663.0,Poor,3,13.2,11
S01058,P26844,73,Female,Gynecological,127,Sedation,Low,161.0,No,Medium,15,26.0,H005,24.0,54.5,1013.0,Good,3,5.9,16
S01059,P61637,48,Female,Cardiac,238,Local,Low,388.0,No,Medium,21,16.0,H013,23.1,52.8,868.0,Poor,2,12.4,22
S01060,P12087,40,Male,Ophthalmic,63,Local,Medium,95.0,No,Low,7,28.0,H015,23.7,49.7,1041.0,Good,1,6.5,11
S01061,P44287,73,Female,Cardiac,238,General,Low,369.0,Yes,High,29,3.0,H005,20.4,57.5,766.0,Moderate,5,18.7,30
S01062,P55579,67,Male,Cardiac,281,General,Medium,398.0,Yes,High,30,4.0,H004,20.5,61.5,841.0,Moderate,1,13.5,30
S01063,P52975,28,Female,Urological,116,Local,Low,176.0,No,Low,8,7.0,H008,20.6,64.8,587.0,Good,4,9.8,10
S01064,P84004,68,Male,Cardiac,239,General,Low,340.0,Yes,High,27,24.0,H017,23.7,48.1,1345.0,Poor,4,,27
S01065,P64624,72,Female,General,63,Regional,Medium,109.0,No,Medium,5,15.0,H007,19.9,,738.0,Good,3,12.1,6
S01066,P82972,45,Female,Neurological,207,Local,Medium,283.0,No,Medium,18,20.0,H004,21.7,45.2,603.0,Good,4,11.3,19
S01067,P55028,84,Female,Ophthalmic,30,General,Medium,48.0,No,High,3,1.0,H006,22.9,52.7,801.0,Moderate,5,18.5,6
S01068,P41940,64,Male,General,43,General,Low,47.0,No,Medium,1,11.0,H006,22.2,67.0,423.0,Poor,3,13.5,5
S01069,P36323,42,Female,Gynecological,114,General,Medium,195.0,No,Medium,9,11.0,H011,21.5,61.6,1043.0,Poor,2,8.9,12
S01070,P71869,18,Male,Urological,116,Local,Low,154.0,No,Low,10,27.0,H013,20.0,53.7,595.0,Good,3,7.6,13
S01071,P92958,66,Female,General,77,General,Medium,94.0,No,Medium,2,4.0,H006,23.5,56.0,767.0,Poor,2,9.0,5
S01072,P99090,33,Male,ENT,82,General,Medium,94.0,No,Low,2,25.0,H007,24.2,39.5,401.0,Good,4,8.7,5
S01073,P30891,72,Male,Urological,67,Sedation,Low,76.0,No,Medium,11,11.0,H010,24.3,66.9,704.0,Poor,4,1.5,13
S01074,P48106,55,Male,General,111,Regional,Medium,150.0,No,Low,11,23.0,H006,24.2,60.0,429.0,Moderate,4,3.4,15
S01075,P65905,51,Male,ENT,102,Regional,Medium,198.0,No,Medium,3,9.0,H009,26.0,65.8,709.0,Good,2,10.4,6
S01076,P92243,29,Male,General,82,Local,Medium,107.0,No,Medium,7,2.0,H002,21.8,56.6,550.0,Good,2,9.2,11
S01077,P37875,69,Female,Orthopedic,89,General,Medium,74.0,No,Low,13,20.0,H008,25.7,40.6,457.0,Good,2,1.4,17
S01078,P80068,29,Male,Cardiac,196,Sedation,Low,315.0,No,Medium,24,6.0,H016,24.1,65.2,996.0,Good,3,8.6,26
S01079,P85664,48,Female,General,117,Local,High,186.0,No,Medium,8,5.0,H009,20.8,68.4,946.0,Moderate,2,12.7,8
S01080,P25915,78,Male,Orthopedic,85,General,Low,148.0,No,Low,12,27.0,H009,20.7,60.0,699.0,Good,4,6.4,13
S01081,P38227,84,Female,General,101,General,Low,138.0,No,Medium,11,7.0,H012,22.8,44.0,377.0,Moderate,3,15.5,13
S01082,P49980,89,Female,Neurological,203,General,Medium,287.0,No,High,14,29.0,H008,25.2,52.5,667.0,Poor,3,9.5,14
S01083,P86433,86,Male,General,74,Regional,Low,137.0,No,Medium,5,11.0,H009,22.3,27.6,488.0,Good,5,11.4,6
S01084,P93770,58,Female,Orthopedic,115,Regional,High,243.0,No,High,17,9.0,H005,23.0,84.1,1436.0,Good,6,13.6,18
S01085,P24971,32,Female,Urological,109,Regional,Low,122.0,No,Medium,12,14.0,H015,25.0,55.0,986.0,Poor,3,8.6,14
S01086,P25079,78,Female,Neurological,155,Sedation,Low,181.0,No,Medium,14,9.0,H011,20.5,57.3,1076.0,Poor,2,13.0,14
S01087,P44572,75,Male,Orthopedic,92,Regional,Low,88.0,No,Medium,11,27.0,H001,23.0,74.0,579.0,Good,1,13.7,11
S01088,P15187,89,Male,General,82,Local,Low,187.0,No,Medium,8,18.0,H011,23.2,43.1,391.0,Moderate,1,12.1,12
S01089,P56366,64,Female,General,128,Regional,Low,158.0,No,Medium,9,22.0,H007,18.8,54.3,900.0,Moderate,1,8.5,10
S01090,P34053,28,Male,General,138,Regional,Low,255.0,No,Medium,7,3.0,H001,25.5,43.6,300.0,Moderate,1,6.8,7
S01091,P44802,54,Female,General,87,General,Low,116.0,No,Low,6,7.0,H010,22.0,32.0,616.0,Good,4,9.5,8
S01092,P10436,50,Male,Orthopedic,98,Regional,Low,115.0,No,Low,14,18.0,H002,19.6,53.3,721.0,Good,3,11.7,18
S01093,P30826,78,Female,Ophthalmic,91,Regional,Low,137.0,No,Medium,1,15.0,H004,23.0,55.3,607.0,Good,5,8.9,5
S01094,P21438,46,Male,General,39,General,Low,,No,Low,7,29.0,H012,18.5,24.5,902.0,Moderate,2,8.9,9
S01095,P30130,41,Male,Orthopedic,127,Local,Low,221.0,No,Low,18,21.0,H010,22.7,58.8,543.0,Good,3,10.2,21
S01096,P48363,23,Female,Urological,78,Regional,Low,136.0,No,Low,4,9.0,H006,23.7,49.5,665.0,Good,3,9.0,5
S01097,P31125,78,Female,Gynecological,138,General,Low,182.0,No,High,7,14.0,H017,28.1,69.8,1061.0,Good,4,8.3,7
S01098,P78798,72,Female,General,131,Local,Low,139.0,No,Medium,5,22.0,H019,23.3,49.2,697.0,Moderate,5,10.8,6
S01099,P50651,20,Female,General,61,General,Low,69.0,Yes,Low,10,12.0,H002,20.7,62.5,488.0,Good,3,5.8,10
S01100,P29234,49,Male,General,95,Regional,Low,77.0,No,Low,12,16.0,H005,22.4,63.9,438.0,Good,4,,16
S01101,P66201,52,Male,General,72,Regional,High,152.0,No,High,7,24.0,H001,26.2,63.8,869.0,Moderate,2,12.4,10
S01102,P86468,51,Male,Orthopedic,111,General,Low,166.0,No,Low,10,9.0,H003,,61.1,,Good,1,5.9,11
S01103,P54862,84,Male,Cardiac,258,General,Low,298.0,No,High,23,3.0,H007,25.8,74.3,,Poor,4,11.7,25
S01104,P98909,28,Male,ENT,59,General,Medium,66.0,No,Medium,3,12.0,H001,23.2,37.6,701.0,Poor,4,1.1,3
S01105,P42066,40,Female,Gynecological,105,General,Low,156.0,No,Low,12,7.0,H018,23.0,39.4,616.0,Poor,4,8.4,15
S01106,P51775,31,Male,General,118,Regional,Low,154.0,No,Low,6,16.0,H014,19.2,37.9,423.0,Good,1,6.9,6
S01107,P48166,35,Male,Cardiac,285,General,Medium,409.0,No,High,22,25.0,H002,22.0,62.3,1114.0,Poor,2,13.6,26
S01108,P99291,83,Male,Gynecological,108,Sedation,Medium,150.0,No,High,5,23.0,H006,19.6,59.3,792.0,Good,5,15.2,8
S01109,P74897,85,Male,Cardiac,243,General,High,432.0,Yes,High,30,22.0,H014,21.2,45.5,1052.0,Poor,2,14.1,32
S01110,P62002,21,Male,Orthopedic,86,General,High,164.0,No,High,17,16.0,H006,21.8,46.5,943.0,Poor,4,14.2,20
S01111,P42877,63,Female,Orthopedic,167,Sedation,Medium,226.0,No,Medium,13,26.0,H010,27.0,42.8,973.0,Good,2,2.3,17
S01112,P15420,34,Male,Gynecological,114,Regional,Medium,106.0,No,Medium,6,27.0,H003,21.0,59.7,363.0,Poor,2,14.6,6
S01113,P91190,31,Female,General,94,Regional,Low,139.0,No,Low,7,22.0,H017,22.2,65.5,300.0,Good,3,5.9,8
S01114,P19951,39,Female,Orthopedic,122,Regional,High,236.0,Yes,High,24,4.0,H001,22.3,69.7,669.0,Poor,2,9.4,27
S01115,P75384,31,Female,Orthopedic,130,Local,Medium,188.0,No,High,12,9.0,H002,23.3,,698.0,Poor,3,10.0,12
S01116,P56163,53,Female,General,113,General,Low,234.0,No,Low,5,28.0,H005,22.1,40.1,1022.0,Good,1,5.9,7
S01117,P72983,89,Male,General,116,General,Low,179.0,No,Low,9,3.0,H007,19.5,25.9,674.0,Moderate,4,6.3,10
S01118,P92962,60,Male,Gynecological,148,Sedation,Medium,215.0,No,High,15,16.0,H008,25.7,57.6,537.0,Poor,7,19.0,18
S01119,P27578,70,Male,Orthopedic,127,General,Medium,209.0,No,High,16,19.0,H014,21.6,54.8,,Poor,4,15.1,17
S01120,P18863,53,Female,Gynecological,152,Local,Medium,324.0,No,High,10,12.0,H013,23.9,55.8,1336.0,Poor,3,19.8,11
S01121,P43339,19,Female,Ophthalmic,91,Regional,Low,143.0,No,Medium,2,21.0,H001,22.0,55.8,959.0,Good,5,11.1,4
S01122,P61453,24,Male,General,88,Regional,Medium,73.0,No,Medium,6,3.0,H002,24.8,62.8,432.0,Good,4,11.4,9
S01123,P16018,37,Male,Orthopedic,69,Local,Low,112.0,No,Medium,10,7.0,H007,21.4,45.4,844.0,Moderate,4,16.6,10
S01124,P82989,35,Female,Gynecological,102,Sedation,Medium,126.0,No,Low,9,9.0,H007,22.2,45.2,537.0,Good,3,7.5,9
S01125,P64499,78,Female,Neurological,226,General,Low,208.0,No,High,21,5.0,H015,22.8,50.1,888.0,Poor,5,6.2,21
S01126,P98477,78,Female,Orthopedic,96,Regional,Low,192.0,No,Low,14,13.0,H019,22.5,40.4,329.0,Poor,3,7.4,15
S01127,P35758,79,Female,Cardiac,242,Local,Low,470.0,No,High,19,14.0,H005,24.9,55.3,831.0,Moderate,7,24.8,21
S01128,P91719,63,Female,Ophthalmic,64,General,Low,78.0,No,Low,1,28.0,H013,19.2,81.1,393.0,Good,1,1.0,3
S01129,P44529,58,Female,General,118,Local,Low,145.0,No,Medium,6,15.0,H006,22.8,75.5,981.0,Poor,3,13.2,7
S01130,P19543,64,Male,Urological,68,Regional,Medium,,No,Medium,4,22.0,H019,20.6,34.6,476.0,Good,5,10.8,7
S01131,P85532,47,Male,General,63,General,Low,77.0,No,Low,4,3.0,H012,18.5,54.7,832.0,Good,2,9.3,7
S01132,P16912,66,Female,General,107,Local,Medium,156.0,No,High,11,2.0,H002,23.0,41.4,858.0,Poor,5,16.4,11
S01133,P74116,75,Female,Orthopedic,97,Sedation,Medium,124.0,Yes,High,15,12.0,H002,22.5,72.7,646.0,Poor,7,20.7,19
S01134,P28473,72,Male,General,34,General,Low,46.0,No,Medium,4,10.0,H008,27.9,42.4,461.0,Good,2,12.4,7
S01135,P70321,62,Female,Orthopedic,175,Local,High,238.0,No,High,17,27.0,H009,25.4,61.2,622.0,Poor,5,11.8,17
S01136,P35189,22,Male,General,117,General,Medium,204.0,Yes,High,10,15.0,H005,24.9,70.2,,Moderate,4,14.4,12
S01137,P17254,70,Female,Cardiac,296,General,Medium,550.0,No,High,21,15.0,H002,21.5,60.4,659.0,Good,7,16.0,24
S01138,P87921,44,Male,Neurological,206,General,Medium,302.0,No,High,20,25.0,H018,,65.0,701.0,Poor,5,19.3,20
S01139,P41706,71,Female,General,110,Local,Medium,163.0,No,High,2,26.0,H014,28.7,63.0,819.0,Poor,6,5.9,2
S01140,P68068,56,Female,Orthopedic,131,General,High,271.0,No,High,19,23.0,H018,21.6,50.3,700.0,Moderate,4,13.4,23
S01141,P13565,81,Male,Cardiac,234,General,Low,351.0,No,High,19,13.0,H006,25.1,45.5,1077.0,Moderate,2,12.0,20
S01142,P94799,42,Male,ENT,85,Local,Low,171.0,Yes,Low,9,7.0,H011,25.7,46.4,626.0,Good,3,5.5,10
S01143,P65873,85,Female,Orthopedic,103,General,Medium,113.0,No,High,19,2.0,H013,23.1,67.5,897.0,Good,1,14.6,20
S01144,P47695,78,Male,Cardiac,207,General,Low,363.0,No,High,16,2.0,H006,25.0,61.7,,Moderate,4,19.5,18
S01145,P91021,41,Male,Neurological,170,General,Medium,249.0,No,High,19,24.0,H013,25.1,45.7,673.0,Good,2,15.0,21
S01146,P46910,52,Female,Neurological,218,Local,Low,253.0,No,High,21,4.0,H011,21.2,57.4,910.0,Good,4,11.9,23
S01147,P39627,56,Male,Gynecological,63,Regional,Low,136.0,No,Low,7,13.0,H017,23.5,65.9,339.0,Moderate,2,8.6,7
S01148,P35165,73,Male,Cardiac,203,Local,High,499.0,No,High,21,15.0,H017,20.2,40.7,909.0,Poor,2,13.2,22
S01149,P68745,67,Male,General,107,General,Low,153.0,No,Low,5,,H018,23.6,35.1,590.0,Good,1,9.8,6
S01150,P49376,79,Female,General,77,Regional,Low,125.0,No,Medium,4,3.0,H011,23.8,53.7,434.0,Moderate,1,12.8,8
S01151,P61213,44,Male,Neurological,194,Local,Medium,263.0,No,Low,18,16.0,H002,23.8,27.7,514.0,Good,1,9.3,21
S01152,P81181,54,Male,ENT,99,General,Medium,139.0,No,Low,7,8.0,H015,21.6,32.7,589.0,Good,3,5.3,7
S01153,P68993,49,Male,ENT,83,General,Medium,96.0,No,Low,3,10.0,H008,22.8,75.4,980.0,Good,4,6.4,6
S01154,P72702,83,Male,Orthopedic,101,General,Low,112.0,No,Low,16,24.0,H014,24.1,56.7,661.0,Good,4,9.5,16
S01155,P64889,39,Male,Neurological,218,General,High,497.0,Yes,High,30,14.0,H013,21.9,93.7,811.0,Poor,3,8.6,30
S01156,P81075,60,Male,Cardiac,262,General,Medium,389.0,No,High,22,12.0,H002,23.8,39.1,760.0,Poor,4,16.9,26
S01157,P75007,26,Male,Orthopedic,120,Sedation,Medium,181.0,No,High,15,1.0,H004,22.9,87.7,770.0,Poor,3,15.0,15
S01158,P84761,79,Male,General,89,Regional,Low,111.0,No,Medium,5,29.0,H015,23.5,32.9,670.0,Good,4,13.4,8
S01159,P66903,45,Female,General,101,Regional,Low,157.0,No,Low,1,18.0,H011,22.3,60.7,659.0,Good,4,3.2,1
S01160,P10386,42,Male,General,80,General,Medium,83.0,No,Medium,8,22.0,H004,24.6,30.2,742.0,Moderate,4,8.2,10
S01161,P91808,59,Male,Cardiac,191,Regional,Medium,242.0,No,High,23,13.0,H017,22.0,70.1,1026.0,Good,3,18.4,23
S01162,P31355,53,Female,Cardiac,262,Regional,Low,298.0,No,High,21,8.0,H017,27.4,71.4,521.0,Poor,3,18.7,24
S01163,P74761,79,Female,ENT,90,Sedation,Medium,169.0,Yes,High,12,8.0,H005,23.5,54.3,996.0,Good,7,16.7,13
S01164,P68882,56,Female,Ophthalmic,20,General,Medium,20.0,No,High,1,1.0,H006,23.6,54.3,712.0,Poor,5,5.7,3
S01165,P69464,55,Male,Orthopedic,135,Local,Low,154.0,No,Low,15,26.0,H004,24.8,46.6,687.0,Good,3,8.6,18
S01166,P50159,25,Male,Gynecological,152,General,Medium,134.0,No,Medium,14,16.0,H011,24.3,53.5,445.0,Good,4,12.9,14
S01167,P50671,19,Male,General,56,Regional,Low,69.0,No,Low,8,11.0,H015,21.1,36.2,,Good,2,10.5,10
S01168,P20570,46,Male,Gynecological,97,Sedation,High,182.0,No,Medium,17,21.0,H006,21.8,52.5,864.0,Good,5,13.5,19
S01169,P32078,89,Male,General,84,Regional,Medium,150.0,No,Medium,11,4.0,H001,22.8,50.5,,Good,4,5.5,12
S01170,P15831,84,Female,Ophthalmic,109,Local,Medium,156.0,No,Medium,1,14.0,H001,20.7,59.3,549.0,Poor,4,16.3,2
S01171,P91683,63,Male,Orthopedic,153,Local,High,260.0,No,High,19,13.0,H006,26.2,39.6,1305.0,Poor,2,10.3,21
S01172,P94900,63,Female,Neurological,153,Sedation,Medium,243.0,No,High,16,27.0,H015,23.1,55.1,1017.0,Poor,4,12.3,17
S01173,P19670,46,Male,ENT,80,General,Low,109.0,No,Low,1,24.0,H007,22.4,52.1,510.0,Poor,3,6.3,1
S01174,P86359,30,Male,Orthopedic,189,General,Medium,420.0,No,High,13,23.0,H014,20.2,57.9,840.0,Moderate,3,13.2,15
S01175,P71217,18,Female,Orthopedic,101,Regional,High,183.0,No,High,22,8.0,H018,22.6,46.3,914.0,Poor,4,13.8,25
S01176,P38713,42,Female,Gynecological,99,Sedation,Low,160.0,No,Low,8,16.0,H018,22.5,61.2,437.0,Good,1,13.2,8
S01177,P24201,40,Male,Urological,95,Regional,Medium,166.0,No,Medium,2,29.0,H006,24.4,68.3,408.0,Good,1,4.5,3
S01178,P67535,31,Female,Gynecological,81,General,Low,106.0,No,Medium,5,1.0,H011,22.2,69.4,438.0,Good,1,5.1,6
S01179,P12493,36,Male,Urological,132,Regional,Medium,204.0,No,Medium,9,19.0,H014,23.6,52.0,300.0,Good,2,,11
S01180,P23207,19,Male,Gynecological,85,General,Medium,114.0,No,Low,7,10.0,H004,19.0,47.5,611.0,Good,3,4.9,7
S01181,P19469,61,Female,Orthopedic,78,General,High,173.0,No,Medium,10,22.0,H014,20.2,61.4,1012.0,Good,2,10.5,14
S01182,P22147,84,Male,General,74,General,Medium,113.0,Yes,High,7,15.0,H004,24.8,66.1,1174.0,Good,2,14.0,7
S01183,P10606,67,Male,Urological,99,General,Low,144.0,No,Low,8,21.0,H011,21.9,65.2,597.0,Moderate,4,9.0,9
S01184,P40027,50,Male,Urological,56,Local,Medium,64.0,No,Low,10,8.0,H008,23.5,51.0,,Moderate,3,8.8,13
S01185,P82132,48,Male,Cardiac,249,General,High,562.0,No,High,22,26.0,H008,22.7,61.9,1279.0,Good,6,1.3,25
S01186,P35311,40,Male,Orthopedic,136,General,Low,,No,Low,15,25.0,H007,21.5,58.0,797.0,Good,4,6.0,16
S01187,P32301,28,Male,Urological,43,Regional,Low,44.0,No,Low,10,19.0,H010,23.3,67.3,335.0,Poor,1,4.6,10
S01188,P98143,61,Female,Cardiac,223,General,Medium,306.0,No,High,18,13.0,H008,23.3,34.5,1291.0,Moderate,4,14.0,18
S01189,P53354,58,Female,Orthopedic,130,General,Medium,133.0,No,High,13,5.0,H005,21.3,68.8,1108.0,Good,3,8.6,14
S01190,P12192,18,Male,Urological,101,General,Low,174.0,No,Low,6,6.0,H005,22.9,61.4,381.0,Good,2,1.7,7
S01191,P62948,47,Male,General,73,General,Low,109.0,No,Low,8,12.0,H010,20.1,64.1,,Poor,3,5.7,9
S01192,P59255,38,Female,Neurological,184,Regional,Low,276.0,No,Low,16,23.0,H019,24.8,44.6,555.0,Moderate,2,12.3,18
S01193,P48214,30,Male,Orthopedic,111,General,Medium,138.0,No,Medium,10,28.0,H013,19.2,59.2,320.0,Good,3,6.2,11
S01194,P86870,68,Female,Orthopedic,141,General,Low,198.0,No,Low,14,18.0,H002,21.4,58.8,410.0,Moderate,1,7.3,15
S01195,P71374,55,Female,Urological,95,General,Low,164.0,No,Low,11,28.0,H002,25.3,65.1,745.0,Good,2,4.5,14
S01196,P12331,63,Male,General,78,General,Medium,141.0,No,Medium,8,6.0,H015,27.5,61.1,748.0,Moderate,3,6.2,10
S01197,P43598,69,Male,Orthopedic,134,General,Low,235.0,No,Medium,17,22.0,H011,22.0,50.4,1307.0,Good,4,12.6,17
S01198,P59834,88,Male,Neurological,167,General,Medium,172.0,Yes,High,25,16.0,H011,25.6,51.0,895.0,Moderate,3,16.7,29
S01199,P69581,75,Male,Orthopedic,133,General,Low,192.0,No,High,14,5.0,H008,25.0,81.3,586.0,Moderate,5,5.3,14
S01200,P44199,62,Male,Orthopedic,134,General,Low,211.0,No,Medium,12,21.0,H011,22.1,72.7,567.0,Moderate,2,17.8,16
S01201,P50038,81,Female,Cardiac,311,Local,Medium,397.0,No,High,18,27.0,H012,23.1,68.4,750.0,Poor,3,10.4,21
S01202,P29430,52,Male,General,79,General,Medium,79.0,No,Low,2,14.0,H012,20.3,58.9,532.0,Good,2,5.5,5
S01203,P64023,88,Female,Cardiac,235,General,High,,Yes,High,32,8.0,H018,21.8,62.4,941.0,Poor,5,6.0,33
S01204,P31182,72,Female,Neurological,160,Regional,Low,311.0,No,High,17,9.0,H018,25.4,48.7,992.0,Moderate,3,15.1,19
S01205,P53984,64,Male,General,59,General,Low,67.0,No,Low,1,18.0,H016,23.1,41.1,889.0,Moderate,2,12.7,1
S01206,P83299,83,Male,General,76,Local,Low,115.0,Yes,Medium,15,21.0,H013,20.1,62.0,765.0,Good,3,11.8,16
S01207,P92452,55,Male,Orthopedic,139,General,Medium,201.0,No,Medium,14,7.0,H014,21.4,66.4,378.0,Moderate,2,7.8,18
S01208,P51800,69,Female,Orthopedic,142,Regional,Low,206.0,No,Medium,16,20.0,H006,20.3,61.0,709.0,Moderate,4,13.4,20
S01209,P28672,38,Male,Orthopedic,128,Sedation,High,,No,Medium,16,22.0,H017,21.7,53.4,351.0,Poor,1,6.2,19
S01210,P14129,87,Female,Neurological,171,General,Medium,296.0,No,High,15,1.0,H006,22.6,66.9,697.0,Good,4,13.2,19
S01211,P86027,62,Female,Gynecological,85,General,Low,128.0,Yes,Medium,16,12.0,H003,24.1,66.7,1035.0,Moderate,3,12.9,18
S01212,P46794,74,Female,Orthopedic,92,Regional,Low,120.0,No,Medium,15,7.0,H016,21.4,60.1,318.0,Good,4,11.1,18
S01213,P26964,51,Female,Urological,63,Sedation,Low,95.0,No,Low,7,24.0,H008,19.5,44.8,977.0,Moderate,3,8.9,10
S01214,P83504,80,Female,Gynecological,61,General,Medium,68.0,Yes,Medium,18,19.0,H010,26.1,58.1,834.0,Good,1,10.2,20
S01215,P53350,23,Female,Orthopedic,160,Regional,Medium,262.0,No,Medium,16,16.0,H012,23.4,35.1,778.0,Good,3,10.9,18
S01216,P72023,26,Female,Orthopedic,175,General,High,276.0,Yes,High,23,7.0,H014,24.5,52.8,674.0,Moderate,2,6.6,23
S01217,P15737,54,Female,Orthopedic,61,Regional,Medium,80.0,No,Low,10,14.0,H002,23.2,29.0,600.0,Good,2,9.9,14
S01218,P95944,70,Female,Orthopedic,128,General,Low,211.0,No,Medium,10,28.0,H008,23.8,45.8,568.0,Moderate,4,10.5,11
S01219,P38326,76,Female,General,98,Regional,Low,135.0,No,Low,10,29.0,H015,22.9,40.8,,Good,4,10.0,11
S01220,P79577,49,Male,Orthopedic,126,General,Low,175.0,No,Low,7,5.0,H015,22.9,25.0,557.0,Good,2,12.8,7
S01221,P36725,64,Female,Urological,62,Regional,High,164.0,No,Medium,10,15.0,H012,23.2,71.2,1176.0,Good,4,14.9,13
S01222,P25385,57,Male,General,120,General,Medium,144.0,No,Medium,7,22.0,H009,22.3,43.2,768.0,Poor,2,7.3,7
S01223,P46945,87,Female,Gynecological,112,Regional,Medium,184.0,No,High,8,9.0,H007,24.6,52.5,793.0,Poor,5,22.2,9
S01224,P16014,65,Male,Gynecological,131,Local,Medium,233.0,No,High,9,29.0,H010,21.8,59.3,1019.0,Poor,3,15.0,9
S01225,P55700,48,Female,General,67,Local,Low,123.0,No,Low,8,14.0,H004,22.2,56.8,496.0,Moderate,3,5.9,8
S01226,P51629,87,Female,Ophthalmic,20,Sedation,Medium,43.0,No,Medium,1,11.0,H018,23.3,68.5,823.0,Moderate,4,7.6,2
S01227,P16952,25,Female,ENT,83,Regional,Medium,108.0,No,Low,7,28.0,H004,22.9,56.3,337.0,Good,4,9.1,10
S01228,P50032,88,Male,Neurological,151,Regional,Low,187.0,No,Low,19,18.0,H010,20.0,54.2,754.0,Good,4,7.0,19
S01229,P61304,29,Female,Orthopedic,151,General,Low,263.0,No,Medium,13,2.0,H015,23.7,28.9,372.0,Poor,3,9.7,13
S01230,P59292,38,Female,Neurological,116,Sedation,Medium,206.0,No,Medium,15,4.0,H005,20.5,52.3,590.0,Moderate,4,10.3,15
S01231,P16472,77,Female,Cardiac,225,Regional,High,334.0,Yes,High,28,29.0,H019,24.6,65.3,940.0,Moderate,1,12.3,30
S01232,P70447,70,Female,General,71,General,Low,116.0,No,Low,13,19.0,H011,23.6,64.4,946.0,Good,3,9.8,16
S01233,P39825,87,Female,Neurological,170,General,High,443.0,No,High,18,26.0,H003,26.7,65.9,380.0,Poor,6,13.8,18
S01234,P32888,71,Female,General,97,Local,High,198.0,No,High,14,29.0,H001,26.5,87.6,769.0,Poor,5,7.4,17
S01235,P86800,63,Male,Gynecological,111,Local,High,247.0,No,High,7,22.0,H006,25.6,54.0,835.0,Moderate,4,18.1,7
S01236,P98947,42,Female,Cardiac,259,Local,Low,511.0,No,Low,18,29.0,H006,19.8,41.3,729.0,Good,2,6.5,21
S01237,P20208,18,Male,General,112,Regional,Low,252.0,No,Low,5,28.0,H001,23.1,54.6,463.0,Good,2,10.6,9
S01238,P54528,26,Female,Neurological,174,General,Medium,273.0,No,Low,20,12.0,H012,19.8,65.3,,Moderate,3,12.7,22
S01239,P33824,39,Female,Urological,143,Sedation,Low,268.0,No,Low,8,19.0,H010,24.4,67.3,,Moderate,1,6.5,8
S01240,P74346,20,Male,General,131,Regional,Low,165.0,No,Low,10,24.0,H002,19.9,25.6,572.0,Good,4,8.8,11
S01241,P64678,54,Male,Orthopedic,110,Regional,Medium,165.0,No,Low,13,28.0,H016,20.0,51.3,583.0,Poor,1,9.5,15
S01242,P46755,73,Male,Gynecological,95,Regional,Low,129.0,No,Medium,9,24.0,H009,23.6,64.2,,Moderate,4,13.4,9
S01243,P77229,87,Female,Orthopedic,110,Regional,Low,102.0,No,Medium,13,24.0,H012,26.2,66.1,991.0,Good,3,5.8,13
S01244,P71597,53,Male,Gynecological,110,Local,High,162.0,Yes,High,24,10.0,H012,25.8,71.7,985.0,Poor,2,17.3,24
S01245,P93493,81,Male,General,60,Regional,Low,97.0,No,High,3,13.0,H016,23.9,57.7,1016.0,Poor,4,17.5,5
S01246,P98504,88,Female,General,66,Local,High,157.0,Yes,High,13,24.0,H005,22.2,28.4,821.0,Poor,3,9.9,15
S01247,P47227,79,Male,Gynecological,34,Local,Low,40.0,No,Medium,7,4.0,H001,21.4,75.5,543.0,Poor,1,,10
S01248,P23822,51,Female,Urological,68,General,Low,133.0,No,Low,9,5.0,H005,22.3,57.3,544.0,Good,2,11.0,9
S01249,P93033,41,Male,Urological,111,General,Low,129.0,No,Low,4,23.0,H013,21.8,39.4,300.0,Good,2,10.8,8
S01250,P49232,88,Male,General,85,Regional,Low,134.0,No,Medium,12,29.0,H013,20.3,52.0,505.0,Moderate,3,6.5,14
S01251,P89972,35,Male,Gynecological,97,Regional,Low,133.0,No,Low,10,13.0,H006,24.6,53.1,451.0,Good,3,3.3,10
S01252,P72731,47,Male,General,98,Regional,Medium,150.0,No,Low,8,26.0,H019,24.6,55.7,625.0,Poor,4,11.3,11
S01253,P57116,23,Male,Urological,49,Local,High,136.0,No,Medium,12,11.0,H014,26.3,33.1,1009.0,Good,5,5.6,14
S01254,P87116,75,Female,Urological,80,General,Low,138.0,No,Medium,7,15.0,H006,19.3,37.7,575.0,Good,4,9.8,9
S01255,P77873,64,Male,Orthopedic,146,General,Low,250.0,No,Medium,14,29.0,H019,21.5,58.2,507.0,Poor,3,14.2,16
S01256,P67346,24,Male,Cardiac,249,Local,Medium,416.0,No,High,21,12.0,H004,25.4,56.7,989.0,Moderate,1,17.1,21
S01257,P56621,33,Male,Cardiac,269,Sedation,Low,300.0,No,Low,22,26.0,H001,22.0,28.7,637.0,Good,1,4.8,24
S01258,P30815,57,Male,Orthopedic,157,General,Low,288.0,No,Medium,11,28.0,H019,21.6,44.0,969.0,Moderate,2,10.3,11
S01259,P29034,56,Female,Neurological,199,General,Low,235.0,No,High,15,22.0,H009,21.3,61.6,1151.0,Moderate,2,17.7,19
S01260,P68063,75,Male,Orthopedic,98,General,Low,143.0,No,Medium,16,3.0,H016,20.4,33.4,797.0,Poor,5,10.4,20
S01261,P44630,37,Female,General,79,Regional,Medium,110.0,No,Low,6,28.0,H017,26.1,69.6,671.0,Good,4,6.5,6
S01262,P66045,84,Male,Orthopedic,177,Regional,Low,284.0,No,High,7,15.0,H018,23.8,71.4,1123.0,Moderate,3,16.4,10
S01263,P74487,50,Male,Cardiac,249,General,Medium,337.0,No,High,19,9.0,H015,20.5,66.5,1134.0,Good,5,12.2,22
S01264,P13927,77,Male,Gynecological,105,General,Low,152.0,No,Low,14,15.0,H001,19.6,,789.0,Good,1,1.0,17
S01265,P17764,35,Male,Neurological,154,Regional,Low,305.0,No,Medium,17,13.0,H011,22.5,36.4,865.0,Good,2,12.6,17
S01266,P64619,20,Female,General,87,Regional,Medium,96.0,No,Medium,5,12.0,H018,21.4,45.9,709.0,Good,1,11.0,6
S01267,P97881,21,Male,Urological,101,Regional,Low,151.0,No,Low,3,20.0,H015,22.8,65.9,438.0,Good,1,11.2,5
S01268,P57932,44,Male,ENT,70,General,High,131.0,No,Medium,6,4.0,H016,21.2,43.1,716.0,Good,5,11.6,9
S01269,P70709,86,Female,General,74,General,Medium,125.0,No,Medium,3,19.0,H015,23.0,49.3,614.0,Moderate,2,9.6,3
S01270,P36051,21,Female,Orthopedic,111,General,High,192.0,No,Medium,18,8.0,H006,22.8,52.0,559.0,Poor,4,,19
S01271,P29457,44,Female,Orthopedic,155,Sedation,Low,234.0,No,Low,14,23.0,H015,25.1,48.1,920.0,Good,2,12.7,14
S01272,P31502,25,Female,ENT,90,General,Low,99.0,No,Low,3,29.0,H012,25.6,48.5,598.0,Good,1,7.6,5
S01273,P94662,85,Female,Gynecological,116,Regional,Low,218.0,Yes,High,12,14.0,H012,23.6,51.6,730.0,Poor,3,16.6,13
S01274,P79109,66,Female,Gynecological,113,Regional,Medium,171.0,No,Medium,14,24.0,H004,23.6,,891.0,Poor,3,9.5,16
S01275,P42043,72,Female,Gynecological,64,Local,Medium,98.0,No,Medium,7,10.0,H003,22.3,48.8,710.0,Good,3,13.2,11
S01276,P15842,69,Male,Orthopedic,128,General,Low,223.0,No,Medium,11,25.0,H008,23.8,52.3,930.0,Poor,4,7.2,13
S01277,P87322,65,Female,General,122,General,Low,137.0,No,Medium,6,16.0,H005,23.4,41.6,659.0,Good,1,14.6,9
S01278,P35605,73,Male,Urological,72,Local,Low,94.0,No,Low,7,15.0,H012,23.5,33.2,719.0,Moderate,3,8.3,8
S01279,P31460,18,Female,Urological,109,General,Low,169.0,No,Low,9,3.0,H006,23.7,45.6,728.0,Moderate,3,8.9,12
S01280,P73095,80,Female,Cardiac,256,Regional,Low,248.0,No,High,23,20.0,H003,25.8,,843.0,Good,5,19.0,24
S01281,P21065,71,Male,General,114,General,Medium,114.0,No,Medium,9,23.0,H001,22.7,50.9,528.0,Moderate,3,11.3,9
S01282,P28828,71,Female,Orthopedic,121,Sedation,High,201.0,No,High,24,15.0,H019,25.6,45.3,1041.0,Good,5,16.4,24
S01283,P55036,46,Female,ENT,96,Local,Low,111.0,No,Low,1,5.0,H003,21.7,27.3,720.0,Moderate,2,,1
S01284,P20584,75,Male,Cardiac,196,General,Low,273.0,Yes,High,26,20.0,H018,21.3,,764.0,Poor,4,10.9,28
S01285,P92232,45,Female,Gynecological,100,Local,Low,165.0,No,Low,8,19.0,H011,18.9,42.4,1084.0,Good,1,9.7,12
S01286,P98459,21,Female,Cardiac,261,Local,Low,450.0,Yes,High,32,26.0,H017,25.2,37.8,1313.0,Moderate,2,4.6,36
S01287,P84791,83,Female,General,98,Regional,Medium,200.0,Yes,High,12,28.0,H018,26.0,71.7,1010.0,Good,6,10.3,13
S01288,P60906,34,Male,Gynecological,132,General,Low,197.0,No,Low,3,8.0,H003,18.6,44.1,771.0,Good,1,,5
S01289,P59074,25,Male,Neurological,175,General,High,320.0,No,High,22,9.0,H011,23.2,61.8,881.0,Moderate,5,16.0,25
S01290,P34188,62,Female,Urological,63,Regional,High,144.0,No,Medium,11,28.0,H013,23.7,,592.0,Moderate,4,15.2,14
S01291,P23455,34,Male,Ophthalmic,20,General,Low,31.0,No,Low,5,4.0,H012,21.7,61.0,790.0,Good,2,6.2,5
S01292,P23856,79,Male,Urological,71,Local,High,164.0,Yes,High,13,27.0,H017,25.5,63.9,589.0,Good,4,6.5,14
S01293,P23465,49,Male,Neurological,195,General,Medium,346.0,No,High,18,5.0,H004,27.7,47.2,1010.0,Poor,6,18.9,21
S01294,P10639,18,Male,Gynecological,122,Regional,High,266.0,No,High,12,13.0,H003,23.7,49.3,905.0,Moderate,4,21.1,16
S01295,P76862,86,Female,General,48,General,Low,79.0,No,Medium,4,5.0,H016,23.3,32.8,585.0,Moderate,4,21.1,4
S01296,P77476,55,Female,General,125,Regional,High,294.0,No,High,11,29.0,H013,21.6,50.4,936.0,Moderate,2,,12
S01297,P75593,36,Female,General,60,General,Low,90.0,No,Low,7,15.0,H018,22.7,53.6,809.0,Moderate,3,6.3,7
S01298,P42174,66,Female,General,86,General,Low,,No,Low,10,26.0,H004,19.3,39.2,652.0,Good,2,4.9,11
S01299,P19204,56,Male,Orthopedic,102,General,High,189.0,No,High,17,1.0,H002,22.7,48.8,928.0,Poor,5,18.9,19
S01300,P27510,20,Male,General,102,Regional,Low,149.0,No,Low,8,2.0,H014,21.0,40.3,300.0,Good,1,3.4,9
S01301,P83813,72,Male,Orthopedic,122,General,Low,143.0,No,Low,10,16.0,H015,23.1,41.9,560.0,Good,1,6.7,10
S01302,P91316,46,Male,Cardiac,260,Local,Low,342.0,No,High,25,2.0,H013,23.8,67.4,580.0,Poor,4,8.9,26
S01303,P15163,68,Male,Orthopedic,175,General,Low,202.0,No,Medium,11,16.0,H001,21.7,50.7,725.0,Poor,4,1.8,11
S01304,P72669,82,Male,Cardiac,251,Regional,Low,402.0,Yes,High,28,21.0,H017,25.8,69.6,745.0,Poor,5,10.8,28
S01305,P90692,61,Male,Urological,62,Regional,Low,99.0,No,Low,8,15.0,H005,22.6,42.6,588.0,Good,4,11.2,10
S01306,P82936,66,Male,General,103,General,Medium,99.0,No,Medium,7,23.0,H010,24.6,55.1,645.0,Good,3,10.8,11
S01307,P32325,36,Female,Orthopedic,178,General,Medium,232.0,No,High,16,3.0,H001,23.0,57.4,962.0,Good,5,,18
S01308,P69015,35,Female,Urological,99,General,Low,,No,Low,1,8.0,H015,24.9,52.5,713.0,Good,1,5.6,3
S01309,P83699,47,Female,Ophthalmic,88,Regional,Medium,148.0,No,Low,1,5.0,H016,25.2,55.5,668.0,Moderate,3,,4
S01310,P92503,79,Female,Ophthalmic,20,Sedation,Medium,32.0,No,Medium,5,15.0,H004,24.7,56.1,812.0,Good,5,16.7,8
S01311,P71250,55,Female,Urological,91,General,Medium,118.0,No,Low,13,12.0,H002,23.0,81.5,300.0,Good,2,8.9,17
S01312,P41000,43,Male,ENT,61,Local,Medium,96.0,No,Low,4,16.0,H013,23.0,67.5,400.0,Good,4,7.5,7
S01313,P70191,74,Female,General,69,Regional,High,153.0,No,High,2,5.0,H011,24.7,64.3,1058.0,Moderate,1,11.4,3
S01314,P24076,79,Male,ENT,69,Regional,Low,87.0,No,Medium,4,13.0,H017,19.9,68.8,656.0,Poor,5,5.6,5
S01315,P17965,82,Male,ENT,73,Regional,Medium,98.0,Yes,High,9,23.0,H006,23.7,69.0,748.0,Poor,3,11.1,12
S01316,P10600,39,Male,Cardiac,221,Sedation,High,350.0,No,High,27,3.0,H014,23.7,44.9,899.0,Moderate,5,15.0,27
S01317,P59446,69,Male,Urological,85,Regional,Medium,89.0,No,Medium,8,23.0,H017,20.3,23.5,993.0,Moderate,2,14.4,12
S01318,P13043,60,Male,Urological,74,Local,Low,81.0,No,Medium,4,7.0,H017,26.0,61.1,532.0,Moderate,4,4.2,4
S01319,P22202,50,Female,Urological,101,General,Medium,145.0,No,Medium,10,26.0,H002,23.5,47.5,570.0,Poor,4,13.8,10
S01320,P86846,46,Female,Ophthalmic,66,Local,Medium,82.0,No,Low,4,24.0,H012,25.6,19.9,300.0,Moderate,2,8.9,8
S01321,P46825,26,Female,Neurological,191,Sedation,Low,269.0,No,Medium,15,13.0,H007,23.8,,674.0,Moderate,2,10.7,19
S01322,P65336,37,Female,General,119,Sedation,Medium,121.0,No,Medium,9,3.0,H011,19.6,51.1,740.0,Poor,3,8.8,12
S01323,P49655,57,Female,General,106,General,Medium,184.0,No,Low,5,12.0,H013,24.6,,388.0,Poor,1,7.8,9
S01324,P14100,81,Male,Gynecological,99,Local,Medium,210.0,No,High,9,19.0,H018,23.9,82.8,697.0,Poor,7,6.4,12
S01325,P63423,80,Female,Ophthalmic,20,General,Low,36.0,No,Medium,1,10.0,H009,25.6,52.1,651.0,Poor,3,11.7,3
S01326,P19605,31,Female,Ophthalmic,75,Regional,Medium,137.0,No,Low,2,19.0,H007,25.0,45.0,784.0,Good,3,3.6,2
S01327,P70469,66,Male,Gynecological,72,General,Medium,121.0,Yes,High,17,24.0,H004,26.0,58.9,697.0,Good,3,18.5,20
S01328,P72685,24,Male,ENT,67,Regional,Low,105.0,No,Low,1,28.0,H015,24.1,33.3,419.0,Good,4,7.4,1
S01329,P74294,66,Female,Orthopedic,131,General,Medium,199.0,No,High,17,12.0,H007,24.3,44.6,1085.0,Poor,3,16.3,18
S01330,P44639,42,Female,ENT,109,General,Low,133.0,No,Low,5,29.0,H014,22.0,15.9,739.0,Moderate,2,,8
S01331,P53070,50,Male,Orthopedic,175,General,High,348.0,No,High,15,8.0,H006,27.7,55.6,571.0,Poor,2,5.2,15
S01332,P79695,69,Female,General,62,General,Medium,104.0,No,Medium,7,28.0,H016,22.7,,853.0,Good,4,7.0,9
S01333,P49560,48,Male,Orthopedic,80,General,Medium,,No,Medium,11,5.0,H013,21.8,56.5,607.0,Moderate,4,10.8,13
S01334,P94289,76,Male,General,99,Local,Medium,164.0,No,High,2,16.0,H010,24.2,62.8,1039.0,Poor,4,13.1,5
S01335,P68524,56,Male,Neurological,187,Local,Low,241.0,No,High,15,20.0,H019,25.4,62.5,790.0,Good,5,10.2,18
S01336,P78039,89,Male,Orthopedic,83,Local,Medium,108.0,No,High,8,2.0,H010,25.0,,385.0,Moderate,6,8.1,10
S01337,P69925,63,Female,General,89,Local,Low,154.0,No,Low,2,13.0,H011,19.8,47.8,486.0,Good,3,11.3,3
S01338,P26341,39,Male,Gynecological,117,General,Medium,190.0,Yes,High,10,9.0,H001,25.5,75.9,639.0,Poor,3,25.3,14
S01339,P51786,73,Female,Orthopedic,83,Regional,Low,,No,Low,17,24.0,H013,23.4,59.1,467.0,Moderate,2,9.6,19
S01340,P68469,47,Male,Gynecological,70,Regional,Medium,97.0,No,Low,6,14.0,H018,21.3,33.0,300.0,Good,1,7.5,9
S01341,P56532,56,Female,Orthopedic,100,General,Medium,155.0,No,High,13,4.0,H012,22.4,75.6,1065.0,Good,3,15.8,14
S01342,P63580,27,Female,Orthopedic,113,Regional,Low,107.0,No,Medium,17,2.0,H008,25.7,41.4,350.0,Moderate,5,5.5,20
S01343,P91613,26,Female,Orthopedic,140,Local,Low,178.0,No,Low,16,1.0,H013,25.1,,575.0,Good,4,11.9,16
S01344,P86311,59,Female,General,80,Regional,Low,89.0,No,High,6,2.0,H011,27.3,65.0,418.0,Poor,4,19.7,9
S01345,P29307,31,Female,Urological,81,Local,Low,121.0,No,Low,7,15.0,H005,19.4,64.5,381.0,Good,3,5.8,8
S01346,P28025,89,Male,General,157,General,Low,286.0,No,High,7,10.0,H004,22.5,48.3,1049.0,Moderate,3,13.0,10
S01347,P23097,79,Female,Urological,51,Local,High,133.0,No,High,17,7.0,H018,25.8,,1189.0,Moderate,4,,17
S01348,P74702,68,Female,General,70,General,High,,No,High,11,12.0,H012,25.6,41.3,621.0,Poor,2,16.4,11
S01349,P54563,70,Male,Urological,100,Local,High,178.0,No,Medium,13,13.0,H017,24.2,48.9,859.0,Good,4,11.7,15
S01350,P63979,60,Male,ENT,99,General,Low,126.0,No,Low,11,17.0,H007,21.6,43.8,300.0,Poor,2,5.7,15
S01351,P88048,22,Male,Neurological,192,Regional,Low,403.0,No,Low,18,15.0,H019,22.3,64.6,795.0,Moderate,1,8.7,21
S01352,P52980,46,Male,Orthopedic,174,Regional,Low,264.0,No,High,17,28.0,H012,25.8,44.6,980.0,Moderate,6,13.7,18
S01353,P66691,53,Male,Orthopedic,129,General,Medium,201.0,No,Medium,15,11.0,H017,23.8,34.6,624.0,Poor,4,13.1,18
S01354,P36197,83,Male,General,30,General,Medium,25.0,No,High,8,12.0,H014,27.0,50.0,941.0,Moderate,3,13.9,11
S01355,P84670,33,Female,General,92,General,Medium,105.0,No,Low,4,12.0,H018,24.9,42.1,300.0,Good,1,9.9,7
S01356,P12342,53,Male,Orthopedic,102,Regional,Low,151.0,No,Low,10,2.0,H012,24.5,52.4,588.0,Poor,2,8.6,12
S01357,P61974,42,Female,Ophthalmic,101,Sedation,Medium,136.0,No,Low,1,22.0,H015,20.5,65.4,732.0,Good,4,8.1,1
S01358,P82503,27,Male,ENT,98,General,High,200.0,No,Medium,10,16.0,H001,21.3,46.0,828.0,Moderate,3,15.5,12
S01359,P74427,25,Female,Cardiac,192,Regional,Low,294.0,No,Low,23,12.0,H011,20.0,53.9,630.0,Good,1,10.4,27
S01360,P19668,44,Male,Cardiac,280,Local,Medium,470.0,No,High,24,11.0,H016,24.5,60.0,452.0,Good,4,16.5,27
S01361,P86790,23,Male,Cardiac,268,Regional,Medium,251.0,Yes,High,25,16.0,H016,24.2,49.6,1132.0,Poor,2,11.8,25
S01362,P43962,22,Male,Neurological,170,Local,Low,198.0,No,Low,19,27.0,H011,23.2,37.9,427.0,Good,4,10.0,20
S01363,P56787,43,Female,Urological,77,General,High,163.0,No,Medium,12,12.0,H018,25.1,50.4,,Moderate,1,14.7,15
S01364,P54653,32,Male,General,131,General,High,221.0,Yes,High,14,13.0,H005,24.2,73.7,1152.0,Poor,5,12.4,18
S01365,P41019,57,Female,Orthopedic,60,General,Medium,84.0,Yes,High,18,4.0,H016,26.2,61.1,976.0,Good,5,9.5,19
S01366,P39674,19,Male,General,103,General,Low,157.0,No,Low,2,10.0,H007,20.8,47.5,608.0,Good,3,13.5,6
S01367,P92259,39,Female,Orthopedic,152,Regional,Low,194.0,No,Low,13,22.0,H005,19.1,48.8,410.0,Good,2,9.3,17
S01368,P69620,50,Male,General,87,Local,Medium,135.0,No,Low,6,21.0,H016,20.6,31.8,437.0,Good,4,6.2,10
S01369,P99342,87,Female,General,109,General,Low,181.0,No,Low,10,24.0,H016,23.7,58.2,983.0,Moderate,4,4.3,10
S01370,P39563,63,Male,General,93,Sedation,Low,141.0,No,Low,10,15.0,H018,25.7,42.7,421.0,Good,3,6.0,12
S01371,P36767,81,Male,General,66,General,Low,113.0,No,Medium,7,27.0,H009,26.8,42.4,695.0,Moderate,4,5.3,9
S01372,P56467,42,Male,Ophthalmic,35,General,Low,29.0,No,Low,9,17.0,H016,21.7,56.9,620.0,Good,4,9.0,13
S01373,P64925,50,Male,Orthopedic,141,Local,Medium,186.0,Yes,High,19,4.0,H015,27.5,65.2,986.0,Poor,2,15.9,19
S01374,P18567,48,Male,Urological,60,Local,Medium,106.0,No,Low,11,5.0,H017,19.3,35.3,636.0,Poor,1,12.1,13
S01375,P42548,81,Female,Orthopedic,74,Regional,Low,91.0,No,Low,13,15.0,H006,25.2,54.6,974.0,Good,3,2.5,14
S01376,P49104,87,Male,Cardiac,243,General,Medium,291.0,No,High,17,11.0,H010,26.2,76.1,896.0,Poor,4,20.2,17
S01377,P17685,87,Male,Ophthalmic,44,General,Low,64.0,No,Medium,1,4.0,H014,25.5,46.3,778.0,Moderate,2,10.2,1
S01378,P62469,72,Female,Gynecological,64,General,Low,95.0,No,Medium,14,2.0,H008,18.8,59.6,650.0,Poor,4,12.9,17
S01379,P20859,54,Male,Orthopedic,122,Local,Low,163.0,No,Low,13,18.0,H019,23.0,54.5,561.0,Moderate,1,1.0,13
S01380,P87563,56,Male,General,113,General,Low,231.0,No,Medium,5,22.0,H016,25.6,58.7,840.0,Good,2,13.8,8
S01381,P56661,88,Female,Gynecological,100,Regional,Low,158.0,No,Medium,9,7.0,H001,22.2,61.2,952.0,Moderate,3,8.2,13
S01382,P26343,38,Female,Ophthalmic,28,General,Medium,34.0,Yes,Medium,6,8.0,H008,22.8,36.1,1013.0,Good,2,7.9,8
S01383,P57036,42,Female,General,104,Regional,Low,111.0,No,Low,10,16.0,H011,21.6,38.3,300.0,Moderate,3,13.4,10
S01384,P40476,82,Male,Orthopedic,151,General,Medium,244.0,No,High,19,4.0,H014,21.2,79.5,591.0,Moderate,3,20.8,20
S01385,P49592,45,Female,General,156,Regional,Low,190.0,No,Low,7,25.0,H011,22.3,46.0,1015.0,Moderate,2,8.6,10
S01386,P33335,34,Male,Orthopedic,163,Regional,Medium,,Yes,High,20,18.0,H012,22.2,47.7,587.0,Moderate,6,4.7,23
S01387,P48192,58,Female,Orthopedic,89,Sedation,Medium,144.0,No,Low,16,11.0,H012,23.0,47.8,523.0,Poor,4,6.0,20
S01388,P23739,41,Female,General,115,Local,Low,191.0,No,Low,7,17.0,H003,24.3,48.5,484.0,Good,3,13.5,10
S01389,P36203,82,Female,Urological,87,Regional,Medium,136.0,No,Medium,5,5.0,H007,22.1,53.6,504.0,Good,2,10.4,6
S01390,P44705,83,Male,Orthopedic,85,General,Medium,,No,Medium,12,10.0,H006,23.0,46.6,521.0,Good,5,8.3,12
S01391,P80160,40,Male,Urological,88,Sedation,Low,68.0,No,Low,9,16.0,H008,22.0,70.7,491.0,Moderate,4,8.4,10
S01392,P91749,56,Female,Gynecological,157,Local,Medium,178.0,No,High,11,28.0,H005,22.7,45.0,,Poor,3,13.4,15
S01393,P88792,88,Male,Gynecological,135,Local,Medium,244.0,No,High,4,25.0,H019,24.7,43.8,618.0,Moderate,3,6.4,5
S01394,P43564,71,Female,Cardiac,209,Regional,Low,407.0,No,High,19,19.0,H003,,42.4,1094.0,Poor,6,10.6,21
S01395,P43275,33,Female,Neurological,180,General,High,253.0,Yes,High,23,10.0,H007,25.4,47.1,923.0,Poor,4,16.0,27
S01396,P34494,60,Female,Orthopedic,134,Local,Low,127.0,No,Low,16,27.0,H008,23.1,55.5,630.0,Good,3,15.3,17
S01397,P56049,62,Male,Cardiac,188,General,Medium,291.0,No,High,18,4.0,H012,25.4,47.8,906.0,Moderate,4,11.2,22
S01398,P96222,65,Male,Cardiac,189,General,High,361.0,No,High,22,9.0,H004,25.7,60.6,660.0,Moderate,6,13.7,22
S01399,P32181,19,Male,Cardiac,244,General,High,426.0,No,High,22,13.0,H014,26.9,48.9,751.0,Poor,4,12.1,26
S01400,P74391,39,Male,Orthopedic,125,Regional,Medium,185.0,No,Medium,16,17.0,H002,22.7,60.1,489.0,Moderate,5,8.8,18
S01401,P32795,79,Male,Orthopedic,64,General,Medium,60.0,No,High,16,20.0,H002,24.4,39.0,,Moderate,2,8.1,16
S01402,P43270,35,Female,Ophthalmic,71,Regional,Low,98.0,No,Low,4,12.0,H004,23.0,51.7,570.0,Good,1,7.8,8
S01403,P57112,39,Female,Urological,112,Regional,Low,160.0,No,Low,11,28.0,H005,20.3,56.9,845.0,Moderate,4,8.4,12
S01404,P77437,41,Female,Neurological,173,Regional,High,281.0,No,High,24,12.0,H012,19.5,52.6,920.0,Moderate,4,13.1,25
S01405,P85667,30,Male,ENT,71,General,Low,65.0,No,Low,1,19.0,H016,22.3,69.9,916.0,Good,2,8.5,4
S01406,P67468,29,Female,Cardiac,257,Sedation,Medium,430.0,No,High,22,2.0,H016,22.0,38.4,739.0,Moderate,6,9.5,23
S01407,P64524,42,Female,General,103,General,Low,181.0,No,Low,5,5.0,H004,26.0,58.2,405.0,Good,4,7.7,8
S01408,P86934,80,Female,Urological,29,General,Low,36.0,No,Low,4,7.0,H009,20.5,59.8,972.0,Good,3,9.6,5
S01409,P66224,18,Female,General,62,Regional,Low,89.0,No,Low,6,1.0,H004,23.6,39.4,831.0,Moderate,3,8.2,9
S01410,P19990,38,Female,Cardiac,228,General,Medium,308.0,No,Medium,23,26.0,H012,,55.6,300.0,Good,2,8.9,27
S01411,P14687,22,Male,Neurological,154,Regional,Low,208.0,No,Medium,22,19.0,H005,23.4,41.9,816.0,Poor,3,16.9,24
S01412,P58586,58,Male,General,134,General,Low,220.0,No,High,2,25.0,H013,22.5,61.3,1155.0,Poor,3,17.9,6
S01413,P10859,36,Female,General,109,Local,High,230.0,No,Medium,11,10.0,H015,19.7,51.4,672.0,Moderate,2,5.9,15
S01414,P73190,75,Male,General,56,General,Medium,102.0,Yes,High,17,4.0,H013,24.2,62.6,550.0,Poor,3,6.0,19
S01415,P80011,60,Male,General,83,Sedation,Medium,150.0,No,Medium,12,10.0,H001,22.1,42.0,650.0,Moderate,5,11.4,14
S01416,P99789,74,Male,Cardiac,273,Regional,Low,,No,High,10,1.0,H019,25.6,,993.0,Poor,7,11.3,12
S01417,P12034,63,Male,General,70,General,Low,164.0,No,Low,13,9.0,H009,24.6,40.4,459.0,Good,1,8.0,13
S01418,P64155,49,Female,Cardiac,265,Regional,Medium,520.0,No,High,23,3.0,H012,21.4,70.2,1038.0,Poor,6,10.3,24
S01419,P94118,79,Female,Urological,121,General,Low,157.0,No,Medium,1,7.0,H014,24.9,70.7,373.0,Poor,4,7.6,5
S01420,P22661,52,Male,Gynecological,136,Sedation,Low,209.0,No,Low,7,19.0,H011,20.1,77.1,635.0,Moderate,4,10.5,11
S01421,P79834,86,Male,General,95,Local,High,135.0,Yes,High,18,28.0,H019,24.0,70.4,1150.0,Poor,4,21.2,22
S01422,P97437,89,Female,Gynecological,137,Regional,Low,206.0,No,High,11,7.0,H017,21.5,58.5,955.0,Good,3,10.4,14
S01423,P16284,60,Male,Orthopedic,104,General,High,258.0,No,Medium,15,29.0,H013,20.6,67.4,906.0,Moderate,4,11.8,15
S01424,P51288,66,Female,Neurological,254,Sedation,Low,592.0,No,High,18,23.0,H012,21.8,63.1,943.0,Moderate,3,17.5,21
S01425,P16496,36,Male,General,97,Regional,Low,141.0,No,Low,8,4.0,H007,21.2,45.6,642.0,Good,3,8.0,9
S01426,P53937,76,Female,General,124,Regional,Low,198.0,No,Medium,5,1.0,H009,22.6,76.3,614.0,Good,2,3.3,6
S01427,P86894,66,Female,Gynecological,89,General,High,199.0,No,High,12,4.0,H001,24.5,58.4,661.0,Poor,3,19.4,12
S01428,P32782,82,Female,ENT,84,General,Medium,175.0,No,High,7,21.0,H015,20.5,61.7,1073.0,Moderate,3,14.7,11
S01429,P81363,37,Male,Neurological,196,Local,Medium,236.0,No,Medium,15,20.0,H003,18.7,63.6,499.0,Poor,5,12.3,18
S01430,P83225,74,Female,Neurological,152,Regional,Low,349.0,No,Medium,13,26.0,H005,22.8,64.8,875.0,Good,1,15.8,15
S01431,P11139,51,Female,General,61,Local,High,135.0,Yes,High,13,16.0,H011,25.7,55.4,935.0,Moderate,6,9.6,13
S01432,P57636,31,Female,Cardiac,233,Regional,Medium,267.0,No,High,18,2.0,H013,,55.9,600.0,Moderate,4,13.2,21
S01433,P32587,30,Male,Orthopedic,153,Regional,Medium,215.0,No,High,12,29.0,H001,26.7,54.6,1020.0,Moderate,5,13.5,15
S01434,P97650,58,Male,ENT,20,Regional,Medium,25.0,Yes,High,4,26.0,H015,,,1054.0,Good,3,10.2,4
S01435,P72641,41,Male,Urological,69,Local,Medium,112.0,Yes,Medium,13,21.0,H003,23.0,38.0,844.0,Moderate,3,13.8,14
S01436,P56712,25,Male,ENT,109,General,Medium,109.0,No,Low,7,27.0,H013,22.0,63.0,300.0,Good,4,8.3,10
S01437,P68535,48,Male,Cardiac,203,Local,Low,313.0,No,High,18,9.0,H015,22.8,49.8,1282.0,Good,4,3.8,18
S01438,P26249,65,Female,Orthopedic,157,General,High,316.0,No,High,15,16.0,H004,25.1,59.6,360.0,Good,3,11.4,15
S01439,P55380,40,Male,General,56,Regional,Low,108.0,No,Low,6,16.0,H008,23.7,65.2,300.0,Moderate,3,4.5,10
S01440,P79326,86,Male,Ophthalmic,32,Local,High,104.0,No,High,3,9.0,H010,24.5,37.4,525.0,Moderate,7,12.8,7
S01441,P95039,74,Male,Orthopedic,115,Local,Low,221.0,No,Medium,16,29.0,H011,22.6,70.5,635.0,Moderate,4,7.1,20
S01442,P23292,54,Male,Orthopedic,176,General,Low,232.0,No,Medium,11,17.0,H016,24.9,48.2,370.0,Good,5,14.0,12
S01443,P91484,85,Male,Orthopedic,100,Local,Low,161.0,Yes,High,17,27.0,H019,25.6,62.1,356.0,Poor,6,17.1,21
S01444,P35501,49,Female,Gynecological,48,General,Medium,39.0,Yes,Medium,12,10.0,H008,23.4,71.0,686.0,Poor,3,11.1,12
S01445,P87834,28,Male,Urological,37,General,Low,54.0,No,Low,11,15.0,H012,25.0,61.6,453.0,Good,3,9.7,15
S01446,P94552,20,Female,Gynecological,127,Local,Medium,205.0,No,Medium,9,28.0,H018,21.0,47.3,590.0,Good,3,6.6,13
S01447,P81540,85,Male,Orthopedic,79,Local,Medium,129.0,No,Medium,19,6.0,H012,25.5,49.7,763.0,Moderate,4,14.6,23
S01448,P97871,87,Male,Gynecological,135,General,Low,138.0,No,High,11,16.0,H001,23.9,50.8,1232.0,Good,2,25.0,15
S01449,P59980,71,Female,General,92,Sedation,Medium,127.0,No,Medium,10,24.0,H006,21.2,44.5,575.0,Good,3,12.8,14
S01450,P79898,25,Male,Orthopedic,119,General,Medium,169.0,No,Low,13,24.0,H013,18.3,65.1,686.0,Moderate,4,12.3,16
S01451,P91713,39,Male,Cardiac,248,Sedation,High,390.0,No,High,21,22.0,H019,23.8,54.2,753.0,Poor,7,13.2,24
S01452,P28620,20,Female,General,65,Local,Low,111.0,No,Low,6,18.0,H005,24.7,52.5,830.0,Good,1,8.2,10
S01453,P74158,21,Female,Neurological,184,Sedation,High,314.0,No,High,18,1.0,H005,,66.0,1182.0,Good,3,14.9,18
S01454,P76772,35,Female,ENT,34,Local,Low,52.0,No,Low,1,9.0,H013,21.4,58.7,479.0,Good,1,5.9,4
S01455,P54309,59,Male,General,130,Sedation,Medium,175.0,Yes,Medium,15,24.0,H003,21.9,33.9,396.0,Good,4,6.5,18
S01456,P63464,22,Female,Neurological,149,Regional,Medium,271.0,No,High,18,15.0,H019,23.9,79.0,712.0,Moderate,4,16.1,20
S01457,P68964,88,Female,Gynecological,113,General,Low,208.0,No,High,7,11.0,H018,20.6,,821.0,Poor,3,12.6,10
S01458,P50206,50,Female,Gynecological,68,General,Low,95.0,No,Low,11,26.0,H011,22.1,38.6,552.0,Poor,3,10.7,15
S01459,P63627,36,Male,Orthopedic,104,Local,Medium,244.0,No,Medium,14,10.0,H007,24.6,64.8,767.0,Moderate,1,9.6,14
S01460,P50151,55,Male,General,78,General,Low,99.0,No,Low,11,12.0,H009,21.0,63.5,553.0,Good,2,3.0,15
S01461,P52325,74,Male,Cardiac,329,Sedation,Low,592.0,No,High,22,12.0,H011,25.3,54.8,640.0,Good,4,9.5,26
S01462,P50774,40,Male,Neurological,179,General,Low,217.0,No,Medium,17,10.0,H017,22.6,68.4,702.0,Good,2,11.8,18
S01463,P51675,21,Female,Gynecological,75,Local,Medium,129.0,No,Low,12,15.0,H014,21.2,62.0,653.0,Good,3,5.1,16
S01464,P39011,21,Male,General,76,Regional,Low,129.0,No,Low,6,28.0,H009,22.6,54.6,899.0,Good,3,8.1,6
S01465,P19615,79,Male,Neurological,134,Local,Low,160.0,No,Low,18,29.0,H013,21.2,30.3,481.0,Moderate,3,6.6,18
S01466,P58422,26,Male,Orthopedic,115,Sedation,High,217.0,No,Medium,20,10.0,H011,22.3,54.3,617.0,Poor,2,12.2,21
S01467,P48087,63,Male,General,145,General,Medium,298.0,No,High,3,11.0,H003,24.5,68.3,827.0,Good,4,22.3,3
S01468,P13288,45,Male,Cardiac,250,Regional,Medium,313.0,No,High,18,25.0,H006,22.4,57.9,576.0,Poor,4,16.2,21
S01469,P57596,73,Male,Ophthalmic,87,General,Medium,140.0,Yes,High,6,17.0,H004,19.8,52.0,866.0,Moderate,4,8.1,6
S01470,P86363,22,Male,General,62,Local,Low,99.0,No,Low,6,6.0,H011,17.7,59.0,300.0,Moderate,1,10.5,9
S01471,P33051,82,Female,Urological,73,Local,Low,108.0,No,Low,11,16.0,H019,21.2,35.1,684.0,Poor,2,7.4,14
S01472,P90732,68,Male,Neurological,186,General,Low,182.0,No,Medium,13,23.0,H014,24.2,65.4,800.0,Moderate,3,6.3,13
S01473,P58650,50,Female,Urological,58,General,Low,101.0,No,Low,7,12.0,H013,20.5,49.4,512.0,Moderate,2,8.7,9
S01474,P45173,32,Male,Orthopedic,132,General,Low,198.0,No,Medium,12,18.0,H010,21.8,47.6,796.0,Good,3,10.9,12
S01475,P88426,88,Male,Cardiac,258,General,Medium,472.0,No,High,26,23.0,H007,22.8,53.1,502.0,Poor,7,16.1,26
S01476,P95370,39,Male,Orthopedic,136,Local,Low,213.0,No,Medium,16,4.0,H005,22.1,53.7,941.0,Poor,3,13.6,20
S01477,P93190,53,Male,Orthopedic,115,General,Low,174.0,No,Low,14,29.0,H018,26.4,67.3,440.0,Good,3,11.1,17
S01478,P79852,46,Male,Ophthalmic,92,Sedation,High,198.0,No,Medium,8,2.0,H001,21.6,57.6,684.0,Moderate,5,10.8,8
S01479,P66382,34,Male,Gynecological,92,Sedation,Low,110.0,No,Medium,6,4.0,H018,20.4,67.1,868.0,Moderate,3,6.7,6
S01480,P86308,47,Female,General,79,Sedation,Medium,,No,Medium,13,9.0,H005,20.6,48.2,407.0,Good,2,8.7,13
S01481,P87241,28,Male,General,133,Regional,Low,184.0,No,Medium,4,1.0,H016,22.6,50.2,536.0,Good,4,12.5,7
S01482,P90214,18,Male,General,56,General,Medium,77.0,No,Low,10,20.0,H017,20.9,72.3,450.0,Poor,2,4.0,12
S01483,P84711,38,Female,General,38,Local,Low,71.0,No,Low,8,16.0,H018,,48.3,704.0,Moderate,4,10.1,11
S01484,P40628,26,Male,Urological,53,Local,Low,83.0,No,Low,8,11.0,H019,20.5,43.4,406.0,Moderate,3,7.7,9
S01485,P97068,47,Male,General,101,Sedation,Medium,144.0,No,Medium,10,29.0,H010,20.9,40.6,880.0,Poor,3,4.9,10
S01486,P83143,80,Male,Gynecological,138,General,Low,224.0,No,High,12,8.0,H011,22.2,68.0,897.0,Poor,3,12.6,16
S01487,P87940,29,Male,Cardiac,220,General,Low,,No,Medium,21,26.0,H001,21.7,34.7,446.0,Moderate,1,6.4,22
S01488,P23061,18,Male,ENT,124,Sedation,Low,181.0,No,Low,3,17.0,H016,23.4,52.2,763.0,Good,2,8.0,6
S01489,P11161,25,Female,Orthopedic,120,Local,Medium,213.0,No,Medium,14,21.0,H012,23.9,59.4,1153.0,Moderate,5,15.6,18
S01490,P97932,54,Female,Neurological,176,General,Low,196.0,No,Low,17,28.0,H001,24.8,57.1,414.0,Good,2,8.3,20
S01491,P65511,37,Female,Ophthalmic,34,Local,Medium,53.0,No,Medium,4,8.0,H007,19.9,35.8,640.0,Moderate,1,9.3,7
S01492,P63574,53,Male,Orthopedic,178,General,Medium,309.0,No,High,17,4.0,H017,21.9,41.4,561.0,Moderate,2,16.8,17
S01493,P73163,20,Male,Orthopedic,115,Regional,Medium,193.0,No,Medium,15,23.0,H008,21.0,43.6,,Good,5,5.1,19
S01494,P72472,41,Male,Neurological,140,General,Medium,115.0,No,High,18,19.0,H006,24.3,60.8,1076.0,Good,3,13.6,19
S01495,P13712,47,Male,General,163,General,Low,238.0,No,Medium,5,6.0,H006,19.8,37.8,587.0,Moderate,4,12.8,5
S01496,P37576,49,Male,Ophthalmic,71,General,High,130.0,No,High,6,27.0,H004,23.1,44.6,668.0,Poor,6,18.3,9
S01497,P58649,57,Male,Urological,103,General,Low,194.0,No,Low,2,21.0,H011,23.4,55.2,850.0,Moderate,2,6.9,2
S01498,P12867,74,Male,General,140,Regional,Low,,No,Low,4,16.0,H006,24.1,46.3,443.0,Good,3,7.0,5
S01499,P89715,51,Male,ENT,88,General,Medium,163.0,No,Medium,6,4.0,H012,23.8,65.5,547.0,Poor,1,1.0,10
S01500,P24678,78,Male,General,119,Regional,Medium,135.0,No,High,9,28.0,H010,23.4,41.6,881.0,Poor,3,21.7,12
S01501,P48690,56,Female,Ophthalmic,61,Regional,Low,98.0,No,Low,2,,H013,20.7,48.7,300.0,Good,4,4.3,6
S01502,P22786,36,Male,Cardiac,262,Local,High,443.0,No,High,24,18.0,H012,26.0,79.6,869.0,Poor,2,16.1,24
S01503,P15631,34,Female,General,88,Regional,High,254.0,No,High,11,1.0,H002,27.4,62.4,1297.0,Good,2,6.5,11
S01504,P49818,41,Male,Orthopedic,119,General,Low,220.0,No,Low,16,20.0,H001,23.3,43.0,740.0,Good,4,8.2,19
S01505,P79938,61,Female,Orthopedic,123,General,Medium,,No,Medium,13,25.0,H006,25.0,61.7,876.0,Good,4,8.7,17
S01506,P36327,35,Male,Gynecological,88,Local,Medium,185.0,No,Medium,7,23.0,H007,24.0,66.9,885.0,Poor,2,5.7,10
S01507,P51289,83,Male,Orthopedic,135,Local,High,263.0,No,Medium,18,11.0,H009,22.3,42.7,830.0,Good,3,10.6,18
S01508,P94993,52,Male,General,105,Sedation,Medium,154.0,No,Medium,12,6.0,H014,24.4,45.3,573.0,Poor,3,7.2,14
S01509,P43808,80,Male,Gynecological,124,Sedation,Low,178.0,No,High,7,13.0,H019,23.5,75.4,832.0,Moderate,6,13.4,7
S01510,P85736,67,Female,Orthopedic,139,Regional,Medium,222.0,No,High,13,17.0,H015,24.4,58.0,935.0,Poor,3,15.5,15
S01511,P98852,42,Male,General,150,Local,Low,100.0,No,Medium,5,8.0,H007,25.6,61.0,530.0,Moderate,2,6.0,8
S01512,P58586,34,Male,Gynecological,131,General,Medium,196.0,No,Medium,17,18.0,H005,26.1,51.8,1078.0,Poor,3,10.3,17
S01513,P65067,71,Female,Ophthalmic,53,Local,Medium,83.0,Yes,High,5,27.0,H007,25.4,55.3,555.0,Poor,4,14.3,7
S01514,P86713,41,Male,Cardiac,253,Sedation,Medium,367.0,No,High,20,4.0,H005,25.8,63.6,891.0,Poor,1,15.4,21
S01515,P71158,35,Female,ENT,112,Local,Low,116.0,No,Low,3,8.0,H011,24.8,66.7,821.0,Good,4,11.2,7
S01516,P62656,84,Female,Urological,51,General,Low,74.0,No,Low,4,14.0,H013,20.3,37.6,799.0,Poor,2,1.2,6
S01517,P89553,52,Male,Gynecological,160,General,Medium,166.0,No,Medium,6,6.0,H005,25.8,62.7,508.0,Good,5,9.5,6
S01518,P92800,21,Male,Neurological,156,General,Low,317.0,No,Low,19,23.0,H012,22.3,49.5,662.0,Good,1,8.3,19
S01519,P37404,53,Male,Gynecological,127,General,Low,180.0,Yes,Medium,17,2.0,H008,21.9,39.1,850.0,Moderate,2,5.6,19
S01520,P77062,51,Female,Urological,80,Local,Low,70.0,No,Low,6,2.0,H010,21.1,38.9,1035.0,Good,2,11.0,9
S01521,P33411,80,Male,Cardiac,238,Local,High,392.0,Yes,High,33,11.0,H005,21.4,60.5,706.0,Moderate,2,12.3,37
S01522,P76166,69,Male,ENT,30,General,Low,53.0,No,Low,1,12.0,H011,24.9,62.7,642.0,Good,4,8.0,1
S01523,P17781,31,Male,Ophthalmic,87,Local,Medium,135.0,No,Low,1,21.0,H002,22.8,37.6,517.0,Good,2,8.8,3
S01524,P34740,28,Female,General,51,General,Medium,62.0,No,Low,4,5.0,H010,21.3,28.4,905.0,Good,2,13.2,4
S01525,P81325,61,Female,Gynecological,56,Regional,Medium,72.0,No,Medium,9,23.0,H009,,47.3,699.0,Poor,3,9.9,11
S01526,P81501,21,Female,General,124,General,Medium,175.0,No,Medium,5,6.0,H008,22.1,46.2,591.0,Good,1,13.2,7
S01527,P52233,40,Female,Gynecological,153,Regional,Low,209.0,No,Medium,9,28.0,H018,20.3,69.6,887.0,Poor,3,16.4,12
S01528,P79512,27,Female,Urological,59,Local,Low,66.0,No,Low,9,15.0,H015,21.6,53.1,440.0,Good,1,7.2,13
S01529,P53755,19,Male,Orthopedic,150,Local,Low,,No,Medium,18,23.0,H011,20.2,61.3,731.0,Good,2,10.4,22
S01530,P17284,84,Female,Orthopedic,143,Local,Medium,157.0,No,High,16,1.0,H017,24.4,60.2,1175.0,Moderate,3,12.5,16
S01531,P83086,24,Male,Neurological,177,General,Medium,315.0,No,High,18,21.0,H013,29.4,51.1,625.0,Poor,2,11.3,22
S01532,P15210,18,Male,Ophthalmic,100,Regional,Medium,182.0,No,Low,2,13.0,H013,20.7,65.7,437.0,Good,4,7.2,4
S01533,P82131,85,Female,Neurological,175,General,Medium,209.0,No,High,21,15.0,H010,25.6,51.6,1141.0,Moderate,5,11.3,24
S01534,P89311,31,Female,Ophthalmic,75,Regional,Medium,96.0,No,Low,8,1.0,H006,20.7,57.8,644.0,Good,1,7.7,12
S01535,P10184,76,Male,General,52,Regional,High,121.0,No,High,11,19.0,H006,23.5,56.4,839.0,Poor,6,15.9,15
S01536,P98095,20,Male,Cardiac,203,Regional,Medium,302.0,No,High,19,27.0,H019,21.2,65.9,888.0,Good,4,10.6,19
S01537,P65531,29,Male,Ophthalmic,95,Sedation,Low,149.0,No,Low,3,29.0,H013,23.2,53.6,300.0,Poor,1,7.2,4
S01538,P64416,25,Female,General,106,General,Low,173.0,No,Low,8,26.0,H002,24.7,51.5,633.0,Good,2,7.8,9
S01539,P39197,68,Male,Neurological,175,Local,Medium,285.0,No,High,16,21.0,H005,25.4,63.5,1142.0,Moderate,6,15.3,18
S01540,P25371,62,Female,Orthopedic,177,General,Medium,348.0,No,Medium,16,7.0,H019,23.3,46.4,670.0,Good,2,9.6,19
S01541,P12047,52,Male,Orthopedic,176,Regional,Medium,267.0,No,High,14,11.0,H004,27.1,29.8,697.0,Good,3,18.1,16
S01542,P47906,35,Female,Orthopedic,133,Local,Low,147.0,No,Low,17,2.0,H011,21.5,53.5,957.0,Good,4,4.1,19
S01543,P81195,24,Male,Neurological,136,Local,Medium,138.0,No,Medium,15,7.0,H007,25.0,62.4,576.0,Moderate,3,6.3,16
S01544,P11894,58,Female,General,86,Local,Low,171.0,No,Medium,1,8.0,H014,21.4,55.4,300.0,Poor,4,7.7,4
S01545,P30097,34,Male,Cardiac,215,Local,Low,355.0,No,Medium,19,20.0,H017,19.4,50.6,585.0,Moderate,2,14.1,23
S01546,P83954,60,Male,Orthopedic,122,General,Medium,190.0,No,High,14,1.0,H009,22.5,62.8,1150.0,Poor,2,13.2,16
S01547,P49430,67,Male,Cardiac,211,Sedation,Medium,344.0,No,High,15,27.0,H001,26.4,68.0,1195.0,Moderate,6,13.2,16
S01548,P19284,79,Male,General,54,Sedation,Low,83.0,No,Low,5,22.0,H007,21.2,46.6,300.0,Good,1,10.0,7
S01549,P98415,53,Male,ENT,20,General,Low,32.0,No,Low,8,20.0,H001,22.2,32.1,433.0,Good,2,9.2,8
S01550,P40163,18,Female,Neurological,185,General,Medium,256.0,Yes,Medium,24,17.0,H005,22.8,,574.0,Good,3,7.2,28
S01551,P25914,38,Female,Orthopedic,51,General,Low,92.0,No,Low,14,8.0,H008,22.4,54.4,633.0,Moderate,2,9.0,18
S01552,P60642,79,Female,General,80,Local,Low,107.0,No,Low,3,16.0,H003,24.2,52.1,327.0,Good,3,6.3,7
S01553,P17669,56,Female,Ophthalmic,80,Sedation,Medium,98.0,No,Low,6,19.0,H001,25.1,44.1,711.0,Poor,2,6.2,6
S01554,P72824,62,Male,Urological,58,Local,Medium,57.0,No,Medium,6,25.0,H006,20.5,55.9,950.0,Moderate,5,10.5,6
S01555,P68050,50,Female,Urological,47,General,Low,67.0,No,Low,8,20.0,H001,23.9,47.2,423.0,Poor,2,6.3,8
S01556,P91635,29,Female,Ophthalmic,57,General,Medium,107.0,Yes,Low,9,24.0,H005,22.4,44.8,591.0,Good,4,9.7,13
S01557,P36455,82,Male,General,65,Regional,Medium,88.0,No,Medium,7,14.0,H003,18.8,52.3,861.0,Poor,4,13.8,7
S01558,P47962,73,Female,ENT,75,General,Low,81.0,No,Medium,9,12.0,H011,22.9,52.7,1037.0,Poor,3,5.5,9
S01559,P70241,89,Male,Orthopedic,89,General,Low,141.0,No,Low,15,23.0,H016,25.7,53.4,811.0,Good,2,5.0,19
S01560,P27192,79,Female,Urological,76,General,Low,99.0,No,Medium,9,18.0,H017,21.6,42.6,481.0,Moderate,3,15.3,12
S01561,P42575,38,Female,Urological,69,General,Low,135.0,No,Low,7,12.0,H012,21.5,52.4,691.0,Good,3,7.5,8
S01562,P19800,36,Female,Ophthalmic,59,General,Medium,107.0,No,Low,4,13.0,H002,18.8,54.6,553.0,Moderate,4,9.7,6
S01563,P73076,35,Male,General,139,Local,Low,155.0,No,Low,6,17.0,H002,21.8,56.7,450.0,Good,3,6.5,7
S01564,P69268,84,Female,Urological,85,General,High,173.0,Yes,High,16,19.0,H015,24.1,69.3,887.0,Poor,2,18.0,19
S01565,P18449,58,Male,Orthopedic,135,General,Low,171.0,Yes,High,17,11.0,H015,28.6,68.0,910.0,Poor,6,15.6,21
S01566,P21592,50,Female,General,71,Regional,Medium,81.0,No,Medium,5,5.0,H006,20.9,63.6,717.0,Moderate,3,14.6,8
S01567,P46049,87,Male,Neurological,186,Sedation,Medium,275.0,No,Medium,15,27.0,H019,24.2,73.8,923.0,Moderate,5,11.7,15
S01568,P69239,61,Female,General,81,Local,Medium,141.0,No,Medium,6,9.0,H013,23.1,66.7,663.0,Good,2,5.1,9
S01569,P81068,83,Female,Gynecological,100,Regional,High,197.0,No,High,11,5.0,H009,30.0,64.7,848.0,Moderate,1,12.9,13
S01570,P51060,88,Male,Neurological,199,Local,Medium,267.0,Yes,High,28,8.0,H012,24.1,43.7,909.0,Moderate,2,15.2,31
S01571,P82323,23,Male,Cardiac,224,Local,Low,187.0,No,Low,23,26.0,H001,21.9,59.1,664.0,Good,2,7.9,25
S01572,P47486,44,Female,Neurological,168,Regional,High,,No,High,20,5.0,H015,,73.9,739.0,Poor,1,17.6,24
S01573,P63362,70,Male,Gynecological,85,Regional,High,191.0,No,Medium,11,21.0,H005,23.8,53.0,1021.0,Moderate,3,,15
S01574,P33482,76,Male,Gynecological,84,Regional,High,142.0,No,High,14,13.0,H001,26.1,33.3,1071.0,Moderate,5,9.4,16
S01575,P67714,28,Male,Gynecological,105,Regional,Low,197.0,No,Low,15,18.0,H012,23.1,22.0,600.0,Good,3,4.6,15
S01576,P91157,40,Male,Orthopedic,109,General,Low,144.0,No,Low,16,22.0,H001,19.0,46.6,605.0,Good,1,5.0,19
S01577,P35751,57,Female,Urological,124,General,Low,193.0,No,Medium,2,7.0,H001,23.9,49.5,696.0,Moderate,3,12.3,3
S01578,P74456,75,Female,Gynecological,180,General,Medium,248.0,No,High,12,12.0,H004,24.6,36.7,1114.0,Poor,5,11.4,16
S01579,P50860,26,Male,Orthopedic,102,General,Low,117.0,No,Low,17,23.0,H019,20.5,54.6,792.0,Good,4,3.9,17
S01580,P57220,61,Male,Neurological,188,Regional,Low,306.0,No,High,24,29.0,H019,,49.5,1027.0,Moderate,5,17.1,27
S01581,P62054,39,Male,General,121,Regional,Medium,159.0,No,Medium,6,25.0,H008,18.6,34.3,1149.0,Moderate,4,11.4,8
S01582,P48140,33,Male,Neurological,172,General,Low,215.0,No,Low,18,9.0,H007,22.5,74.8,718.0,Good,4,3.6,21
S01583,P69945,55,Female,Orthopedic,90,General,Medium,70.0,Yes,Medium,20,7.0,H009,23.4,58.2,566.0,Moderate,3,9.4,24
S01584,P42439,47,Male,Cardiac,292,General,Low,552.0,No,High,18,28.0,H012,26.6,48.6,1085.0,Good,5,13.8,22
S01585,P24723,63,Female,Orthopedic,140,Local,Medium,210.0,No,Medium,11,20.0,H011,23.5,39.2,759.0,Poor,1,7.4,13
S01586,P45924,40,Female,Orthopedic,129,General,Low,236.0,No,Low,15,6.0,H006,20.2,39.4,877.0,Moderate,4,7.4,19
S01587,P49719,77,Female,Cardiac,283,General,Medium,477.0,No,High,16,19.0,H005,21.1,52.9,881.0,Moderate,2,18.3,20
S01588,P86826,23,Female,Urological,103,General,Medium,188.0,No,Low,4,10.0,H010,23.9,43.5,628.0,Moderate,3,11.5,7
S01589,P67704,80,Male,General,88,Regional,Low,117.0,Yes,High,14,5.0,H006,24.9,52.5,1096.0,Poor,2,12.3,15
S01590,P47926,20,Male,General,60,General,Low,65.0,No,Medium,8,5.0,H009,24.3,41.6,314.0,Moderate,3,9.7,12
S01591,P86748,70,Male,Gynecological,85,Regional,Medium,146.0,No,Low,13,11.0,H001,25.4,39.5,696.0,Moderate,3,10.7,15
S01592,P10396,42,Female,General,126,Regional,Medium,193.0,No,Medium,8,7.0,H004,18.9,34.7,732.0,Poor,3,9.7,12
S01593,P71868,45,Female,Orthopedic,140,Sedation,Low,190.0,No,Low,14,23.0,H019,25.6,26.2,333.0,Good,1,10.8,18
S01594,P93091,19,Male,Cardiac,234,Regional,Medium,403.0,No,High,24,5.0,H007,21.2,40.9,956.0,Poor,2,17.9,24
S01595,P72535,68,Male,Cardiac,292,General,Low,464.0,No,High,19,6.0,H009,24.8,46.9,676.0,Moderate,3,7.7,20
S01596,P63356,29,Male,General,85,General,Low,143.0,No,Low,5,19.0,H004,22.0,46.3,513.0,Moderate,1,9.4,7
S01597,P57806,65,Female,General,119,Local,Low,142.0,No,Low,6,13.0,H017,21.3,55.6,785.0,Good,4,9.0,10
S01598,P24910,70,Female,Neurological,186,General,Low,333.0,No,Medium,19,6.0,H006,19.1,,495.0,Poor,2,11.2,20
S01599,P23816,78,Female,General,147,Sedation,Low,220.0,No,High,6,3.0,H006,23.2,62.7,856.0,Moderate,4,12.9,9
S01600,P21392,68,Female,ENT,92,Regional,Low,167.0,No,Medium,1,3.0,H008,22.7,,440.0,Good,2,10.4,1
S01601,P94114,39,Male,Cardiac,241,General,Low,431.0,No,High,20,9.0,H016,22.9,71.1,746.0,Poor,4,13.8,21
S01602,P43891,71,Female,General,84,General,Low,143.0,No,Medium,6,8.0,H016,24.4,25.4,768.0,Moderate,5,12.4,7
S01603,P96880,77,Female,General,89,Sedation,Medium,130.0,No,Medium,7,17.0,H004,20.5,63.1,300.0,Moderate,2,12.0,10
S01604,P65100,40,Male,Gynecological,78,Sedation,Medium,133.0,No,Low,8,20.0,H004,23.5,49.5,532.0,Good,3,6.7,10
S01605,P77805,26,Female,Gynecological,58,Local,Low,106.0,No,Low,11,5.0,H005,22.1,61.5,562.0,Good,3,7.1,12
S01606,P94524,82,Male,Gynecological,109,General,Low,183.0,No,High,5,13.0,H004,25.3,33.3,926.0,Moderate,5,14.4,5
S01607,P56154,28,Female,Cardiac,223,Local,Medium,348.0,No,High,22,14.0,H010,23.6,65.9,1119.0,Poor,6,6.8,26
S01608,P14900,60,Female,General,73,General,Medium,125.0,No,Medium,12,5.0,H005,21.8,35.2,541.0,Moderate,2,15.8,12
S01609,P84108,35,Female,Urological,77,General,Medium,103.0,No,Low,6,15.0,H002,22.5,63.4,518.0,Good,4,8.5,6
S01610,P41749,27,Male,Neurological,181,Regional,Low,353.0,Yes,High,23,2.0,H015,24.9,44.1,1089.0,Moderate,6,4.0,25
S01611,P23842,73,Male,ENT,70,Sedation,Low,69.0,No,Low,4,10.0,H007,23.6,55.0,756.0,Poor,1,11.9,4
S01612,P33145,28,Female,Neurological,232,General,Low,350.0,No,High,17,22.0,H005,25.9,57.3,648.0,Poor,3,15.8,17
S01613,P99248,66,Female,General,109,Regional,Medium,150.0,No,Medium,3,8.0,H003,21.2,65.5,635.0,Poor,4,9.5,7
S01614,P47906,67,Male,General,153,General,Low,200.0,No,Medium,12,21.0,H016,21.0,47.4,721.0,Moderate,2,11.0,13
S01615,P61918,22,Female,General,76,General,Low,120.0,No,Low,8,4.0,H012,24.6,68.8,777.0,Moderate,2,10.7,10
S01616,P81287,30,Male,Urological,103,General,Low,119.0,No,Low,5,14.0,H007,19.4,41.4,664.0,Good,1,11.5,6
S01617,P62135,75,Female,Orthopedic,108,Local,Medium,231.0,No,High,11,27.0,H016,27.1,,1037.0,Poor,3,15.4,12
S01618,P24269,54,Female,General,73,General,Low,79.0,No,Low,7,16.0,H006,20.2,42.2,687.0,Poor,4,12.0,7
S01619,P17643,26,Male,General,154,Regional,Medium,187.0,No,Low,1,24.0,H005,20.7,57.6,609.0,Good,4,7.4,5
S01620,P94146,89,Male,Urological,56,General,Low,66.0,No,Medium,11,7.0,H008,21.9,58.1,359.0,Good,1,13.1,11
S01621,P28087,37,Female,General,23,Regional,Low,35.0,No,Low,5,6.0,H001,19.1,34.6,499.0,Moderate,3,3.2,8
S01622,P33079,18,Female,ENT,48,General,Low,86.0,No,Low,6,15.0,H009,20.1,39.8,847.0,Poor,1,12.6,6
S01623,P13661,84,Female,Ophthalmic,20,General,High,83.0,No,High,7,8.0,H015,19.8,58.5,946.0,Poor,6,8.3,9
S01624,P77743,19,Male,Neurological,151,Regional,Low,293.0,No,High,20,22.0,H008,25.9,72.7,834.0,Good,4,12.1,21
S01625,P55598,57,Female,Urological,54,Regional,Low,67.0,No,Low,9,11.0,H012,22.0,41.6,551.0,Moderate,4,11.1,12
S01626,P67551,89,Male,ENT,71,Sedation,Medium,120.0,No,High,7,23.0,H008,24.6,40.1,599.0,Moderate,4,18.4,11
S01627,P26634,59,Male,Cardiac,178,General,Low,250.0,No,Low,24,2.0,H016,21.9,62.0,427.0,Moderate,2,10.1,28
S01628,P59299,60,Male,General,125,Regional,Low,196.0,No,Low,6,10.0,H019,22.0,29.0,790.0,Good,3,4.4,8
S01629,P59610,45,Female,Cardiac,183,Sedation,Low,335.0,No,Medium,27,8.0,H011,21.7,65.1,589.0,Poor,4,8.3,29
S01630,P85948,27,Female,General,86,General,Medium,85.0,No,Low,8,20.0,H014,23.9,24.0,659.0,Good,2,7.1,12
S01631,P74169,59,Female,Orthopedic,110,Local,Low,230.0,No,Low,13,6.0,H012,18.5,48.6,1081.0,Good,2,3.3,17
S01632,P64643,82,Female,Gynecological,124,Sedation,Medium,180.0,No,High,7,15.0,H017,20.8,52.7,838.0,Poor,5,17.1,7
S01633,P70333,24,Male,General,100,Local,Medium,101.0,No,Medium,6,11.0,H018,25.2,48.4,485.0,Good,3,9.9,8
S01634,P80421,81,Male,General,125,Regional,Medium,161.0,No,High,8,22.0,H017,21.6,75.3,1102.0,Poor,4,10.5,8
S01635,P30014,47,Male,Orthopedic,109,Local,Low,166.0,No,Low,14,11.0,H002,18.0,49.0,815.0,Good,2,7.8,15
S01636,P63023,56,Male,Gynecological,86,Regional,Medium,111.0,No,Medium,15,21.0,H009,22.8,48.3,362.0,Moderate,5,9.2,16
S01637,P94789,29,Male,General,102,Regional,High,140.0,No,High,8,3.0,H010,20.9,56.7,,Moderate,4,12.9,10
S01638,P74841,62,Female,General,120,Sedation,Medium,183.0,No,Medium,9,22.0,H015,24.6,44.6,,Good,3,11.1,9
S01639,P85284,31,Female,Cardiac,264,General,Low,338.0,No,Medium,17,19.0,H011,24.4,78.1,1026.0,Moderate,2,6.5,18
S01640,P14273,37,Female,Orthopedic,129,Local,Medium,218.0,No,Medium,20,5.0,H009,27.1,54.1,938.0,Moderate,4,11.0,24
S01641,P85480,69,Male,General,96,Regional,Medium,113.0,No,Medium,3,4.0,H011,20.9,79.1,723.0,Good,1,18.2,3
S01642,P68059,21,Female,ENT,68,General,High,198.0,Yes,Medium,19,10.0,H012,20.3,46.4,556.0,Poor,4,14.2,23
S01643,P26321,50,Male,Cardiac,252,Regional,Low,416.0,No,High,20,29.0,H012,22.6,61.3,999.0,Good,2,15.0,22
S01644,P90008,60,Male,Gynecological,161,Local,Medium,251.0,No,High,3,8.0,H014,23.1,43.8,949.0,Moderate,6,14.6,5
S01645,P88990,27,Male,Orthopedic,112,Regional,Medium,188.0,No,Low,18,14.0,H008,22.8,,445.0,Good,1,15.0,20
S01646,P68529,39,Male,Gynecological,89,Local,High,134.0,Yes,High,18,13.0,H012,20.4,63.6,1061.0,Poor,2,14.0,19
S01647,P96534,42,Male,Cardiac,226,General,Medium,305.0,No,High,19,9.0,H003,,81.5,640.0,Poor,6,15.3,22
S01648,P83630,65,Female,General,101,Sedation,High,255.0,Yes,High,16,14.0,H010,19.9,,1002.0,Poor,4,11.0,16
S01649,P47840,88,Male,Neurological,116,Regional,Low,162.0,No,Medium,19,6.0,H008,21.5,50.5,794.0,Good,3,7.9,20
S01650,P99186,78,Male,Orthopedic,115,Local,Low,170.0,No,Medium,15,20.0,H001,24.8,35.2,712.0,Good,3,4.8,16
S01651,P52762,31,Male,Neurological,206,General,Low,280.0,Yes,High,26,5.0,H004,27.1,56.8,1135.0,Moderate,5,16.7,29
S01652,P24062,19,Female,Neurological,164,General,Medium,318.0,No,Medium,18,17.0,H019,24.2,46.8,556.0,Moderate,2,1.0,19
S01653,P20440,21,Male,General,95,Sedation,Low,135.0,No,Low,8,10.0,H011,23.3,38.4,472.0,Good,3,9.7,9
S01654,P72019,60,Male,ENT,133,General,Medium,149.0,Yes,High,8,17.0,H001,24.1,73.4,,Moderate,4,8.9,9
S01655,P22715,29,Female,General,99,General,High,275.0,No,Medium,12,16.0,H017,22.6,34.8,843.0,Moderate,4,10.5,12
S01656,P90750,34,Male,Ophthalmic,20,Local,High,71.0,Yes,High,9,19.0,H003,20.8,61.9,913.0,Good,6,18.4,10
S01657,P93651,79,Female,General,47,Local,Medium,,No,Medium,3,18.0,H012,20.0,56.8,358.0,Poor,3,3.2,6
S01658,P12587,80,Male,Orthopedic,112,Local,Medium,139.0,No,Medium,13,8.0,H001,22.0,58.5,609.0,Poor,3,6.9,17
S01659,P25147,78,Male,Cardiac,215,Local,Low,277.0,No,High,20,18.0,H016,21.3,37.2,1169.0,Moderate,1,11.5,22
S01660,P25628,36,Male,General,93,Sedation,Low,109.0,No,Low,9,7.0,H012,23.4,70.1,444.0,Good,1,6.4,11
S01661,P73511,62,Female,Neurological,171,Regional,Medium,228.0,No,Medium,13,12.0,H017,22.6,52.5,300.0,Good,3,15.3,14
S01662,P32468,61,Male,Urological,114,Regional,Medium,204.0,No,Medium,11,7.0,H006,21.8,50.9,673.0,Good,3,9.4,15
S01663,P70347,31,Female,Gynecological,67,Local,Low,62.0,No,Low,8,16.0,H017,20.8,33.8,338.0,Good,1,10.9,11
S01664,P89224,57,Male,General,83,Local,Low,155.0,No,Medium,1,23.0,H017,23.5,42.0,974.0,Good,5,11.3,4
S01665,P69371,55,Female,General,96,General,Medium,175.0,No,Low,3,18.0,H010,23.4,45.4,1061.0,Moderate,3,8.2,4
S01666,P97949,46,Male,Neurological,190,General,Low,314.0,No,High,17,3.0,H012,,53.0,656.0,Poor,3,11.3,20
S01667,P53796,72,Male,General,94,Regional,Medium,144.0,Yes,High,13,3.0,H008,23.3,66.5,,Moderate,4,19.8,13
S01668,P92214,66,Male,Orthopedic,47,Local,Low,74.0,No,Medium,13,10.0,H015,22.4,53.8,803.0,Poor,5,9.8,15
S01669,P79794,56,Female,Orthopedic,122,Regional,Medium,,No,High,10,18.0,H013,24.3,78.6,551.0,Poor,5,17.5,12
S01670,P52659,70,Male,Cardiac,235,Local,Medium,229.0,No,High,18,9.0,H003,26.1,56.1,359.0,Moderate,4,6.8,18
S01671,P35616,72,Female,Orthopedic,145,Local,Medium,249.0,No,High,10,29.0,H008,24.5,67.0,676.0,Poor,3,20.3,10
S01672,P70088,58,Female,Gynecological,121,General,Medium,154.0,No,Medium,10,18.0,H008,24.9,65.2,580.0,Good,3,7.4,10
S01673,P79880,37,Female,Orthopedic,127,Regional,Low,221.0,No,Medium,13,26.0,H009,22.6,43.5,1228.0,Good,5,13.3,17
S01674,P19355,72,Male,Orthopedic,129,Regional,Low,169.0,No,Medium,15,27.0,H012,19.6,37.6,793.0,Good,4,15.8,16
S01675,P38398,69,Female,Ophthalmic,100,General,High,221.0,Yes,High,5,3.0,H006,27.2,52.5,849.0,Poor,4,21.4,9
S01676,P98116,88,Female,ENT,104,Regional,Low,107.0,Yes,Medium,8,26.0,H004,23.8,60.7,511.0,Moderate,4,4.3,12
S01677,P22187,28,Female,General,98,Regional,Medium,97.0,No,Medium,13,2.0,H009,19.6,57.4,523.0,Good,2,,16
S01678,P94963,48,Female,General,154,Local,Low,225.0,No,High,8,4.0,H008,26.7,73.0,706.0,Poor,2,11.1,8
S01679,P21852,84,Female,Urological,61,Regional,Medium,117.0,Yes,High,12,16.0,H018,27.3,41.0,820.0,Poor,1,20.5,16
S01680,P63667,55,Female,Orthopedic,84,General,Low,139.0,No,Low,11,16.0,H015,21.4,30.3,692.0,Good,1,3.9,13
S01681,P38199,85,Female,General,89,Regional,Medium,147.0,No,Medium,10,19.0,H005,24.2,60.8,599.0,Poor,4,11.1,14
S01682,P22881,18,Male,Orthopedic,108,Local,Medium,189.0,No,Medium,18,2.0,H013,25.3,51.6,574.0,Good,1,8.3,19
S01683,P30067,20,Female,General,20,Regional,Low,27.0,No,Medium,3,4.0,H012,23.4,38.2,869.0,Good,2,13.0,4
S01684,P95268,75,Male,ENT,50,General,Low,84.0,No,Low,1,23.0,H018,26.3,35.9,375.0,Good,4,6.4,4
S01685,P34730,43,Female,Gynecological,110,Sedation,High,195.0,No,High,13,18.0,H015,26.8,62.1,958.0,Moderate,1,10.1,15
S01686,P90620,55,Female,ENT,68,General,Medium,95.0,No,Low,6,11.0,H011,,49.1,372.0,Good,4,6.9,10
S01687,P67217,48,Male,Gynecological,76,General,High,159.0,No,Medium,14,6.0,H005,21.5,40.4,784.0,Moderate,4,1.8,16
S01688,P99160,47,Male,General,91,General,Medium,121.0,Yes,Medium,17,7.0,H004,21.9,50.7,691.0,Good,4,12.3,20
S01689,P51667,85,Male,Gynecological,103,Local,Medium,152.0,Yes,High,12,9.0,H008,22.3,53.6,921.0,Poor,1,6.0,13
S01690,P55706,24,Male,Gynecological,121,Local,Medium,,No,Medium,10,15.0,H017,,40.9,677.0,Good,5,14.9,10
S01691,P17282,73,Male,General,70,General,High,140.0,Yes,High,17,24.0,H018,23.0,39.3,1155.0,Poor,4,11.5,20
S01692,P41335,82,Female,Cardiac,266,Local,Medium,387.0,Yes,High,28,13.0,H019,23.5,54.0,646.0,Moderate,4,16.1,28
S01693,P63486,65,Female,General,57,Local,Low,88.0,No,Low,5,13.0,H019,23.6,42.0,802.0,Moderate,4,14.5,7
S01694,P43943,46,Female,Cardiac,224,Local,Medium,262.0,No,High,19,28.0,H010,24.9,77.0,847.0,Moderate,6,8.7,22
S01695,P25495,29,Male,General,140,Sedation,High,277.0,No,High,8,3.0,H012,24.8,58.3,915.0,Good,5,8.9,11
S01696,P54739,67,Male,Orthopedic,89,Local,Low,120.0,No,Medium,19,1.0,H002,26.5,41.3,900.0,Moderate,2,10.7,21
S01697,P97943,51,Male,General,70,General,Low,109.0,No,Low,4,29.0,H004,25.4,60.6,447.0,Poor,2,5.7,7
S01698,P92105,28,Female,Cardiac,202,General,Medium,262.0,No,High,20,28.0,H005,22.8,63.3,1072.0,Poor,5,17.1,23
S01699,P43035,43,Male,Cardiac,215,Sedation,Medium,390.0,No,High,23,12.0,H004,26.2,69.5,718.0,Poor,1,7.9,25
S01700,P21581,87,Male,General,94,Regional,Low,167.0,No,Low,3,7.0,H015,19.6,34.1,300.0,Good,1,5.8,3
S01701,P11220,37,Male,Orthopedic,141,Regional,Medium,167.0,No,Medium,14,4.0,H017,23.6,55.9,794.0,Good,4,4.3,18
S01702,P68366,30,Female,ENT,69,Sedation,Medium,114.0,No,Low,1,5.0,H001,19.3,74.3,1033.0,Good,3,1.8,1
S01703,P71958,67,Male,General,80,Local,Low,154.0,No,Medium,7,26.0,H013,21.8,52.6,594.0,Moderate,4,13.8,7
S01704,P92365,32,Female,Neurological,142,Local,Medium,172.0,No,Low,18,22.0,H006,23.2,42.6,702.0,Poor,3,6.1,22
S01705,P62173,84,Female,Orthopedic,98,Local,Low,121.0,No,Low,14,25.0,H010,21.1,63.5,764.0,Moderate,2,13.6,16
S01706,P34639,79,Female,Urological,33,General,Medium,56.0,No,Medium,5,16.0,H008,19.8,47.1,546.0,Poor,5,14.4,6
S01707,P12272,88,Male,General,112,Local,Low,124.0,No,Low,7,,H003,20.6,55.5,476.0,Good,1,7.1,8
S01708,P57268,83,Male,General,114,Sedation,Medium,144.0,No,Medium,6,26.0,H015,22.0,84.1,862.0,Good,4,7.5,7
S01709,P35896,35,Male,Cardiac,238,General,Low,284.0,No,Medium,24,11.0,H006,22.9,49.0,808.0,Moderate,4,5.2,26
S01710,P81500,33,Male,Gynecological,113,General,High,244.0,Yes,High,19,16.0,H009,26.4,70.6,799.0,Moderate,3,17.0,20
S01711,P67985,42,Female,ENT,96,Local,Medium,124.0,No,Low,1,9.0,H012,21.6,73.8,300.0,Moderate,2,6.6,3
S01712,P56327,51,Male,Neurological,183,Regional,Low,258.0,No,Low,15,15.0,H010,24.1,61.5,485.0,Good,4,7.7,16
S01713,P76819,81,Male,Orthopedic,161,General,High,255.0,Yes,High,20,7.0,H004,23.6,66.5,1058.0,Good,2,17.0,20
S01714,P57472,70,Male,Orthopedic,89,General,Low,164.0,No,Low,14,6.0,H013,21.8,26.1,300.0,Good,2,13.8,18
S01715,P68324,64,Female,Orthopedic,109,General,Medium,135.0,No,Low,13,11.0,H004,25.6,38.1,762.0,Good,2,5.9,13
S01716,P78994,81,Male,Gynecological,85,General,High,141.0,Yes,High,17,28.0,H015,23.7,76.3,895.0,Good,6,13.3,17
S01717,P16333,64,Female,ENT,89,Local,High,144.0,No,High,16,8.0,H013,25.7,56.7,1296.0,Poor,3,11.0,16
S01718,P24823,45,Male,ENT,26,Regional,Medium,44.0,Yes,Medium,8,20.0,H007,22.6,44.7,,Poor,2,10.9,9
S01719,P53173,47,Female,Urological,123,Local,High,262.0,No,High,15,17.0,H007,23.3,73.2,848.0,Moderate,3,14.8,18
S01720,P74341,55,Female,Orthopedic,136,General,Low,254.0,No,Medium,13,18.0,H004,21.6,62.0,942.0,Good,2,14.2,13
S01721,P47599,24,Male,ENT,122,General,Low,136.0,No,Low,1,4.0,H009,22.1,39.8,529.0,Moderate,3,3.6,1
S01722,P92246,71,Male,Neurological,178,General,Low,254.0,No,High,18,23.0,H004,22.7,67.7,780.0,Poor,2,15.8,21
S01723,P98052,64,Male,Neurological,163,Local,Low,363.0,No,High,21,23.0,H010,26.2,41.1,925.0,Poor,4,21.0,25
S01724,P19170,70,Male,Gynecological,119,Sedation,Medium,167.0,No,High,11,3.0,H004,23.6,35.0,709.0,Poor,5,11.4,11
S01725,P69721,56,Male,Orthopedic,150,General,Low,199.0,No,Medium,14,12.0,H017,22.9,52.5,657.0,Moderate,4,7.2,17
S01726,P15417,74,Female,Urological,58,Sedation,Medium,86.0,No,High,8,26.0,H003,24.5,51.4,1440.0,Poor,3,6.1,9
S01727,P80507,86,Female,ENT,20,General,Low,33.0,No,Medium,3,7.0,H014,20.2,36.9,511.0,Good,2,11.1,5
S01728,P17873,59,Male,Urological,25,General,Low,41.0,No,Low,10,15.0,H009,17.0,37.4,647.0,Moderate,3,12.6,14
S01729,P19167,49,Female,Urological,87,Local,Medium,114.0,Yes,Medium,11,24.0,H007,21.3,52.4,472.0,Good,3,5.7,12
S01730,P76185,25,Male,Neurological,226,General,Low,299.0,No,Low,16,24.0,H004,23.2,59.0,436.0,Poor,1,5.7,16
S01731,P45667,74,Female,Orthopedic,80,Sedation,Medium,112.0,No,Medium,15,12.0,H013,22.0,52.9,621.0,Poor,5,9.2,16
S01732,P45209,83,Male,Urological,71,General,Medium,90.0,No,High,7,21.0,H015,22.1,43.9,1014.0,Moderate,2,18.6,9
S01733,P48770,68,Female,General,79,Local,Medium,89.0,No,Low,10,27.0,H013,22.1,36.0,424.0,Good,4,1.7,12
S01734,P51803,80,Female,Ophthalmic,117,General,High,288.0,No,High,7,14.0,H001,23.4,,987.0,Poor,3,9.6,7
S01735,P70408,80,Male,Orthopedic,187,General,High,307.0,Yes,High,19,29.0,H016,20.7,71.7,723.0,Good,5,10.4,20
S01736,P75551,75,Male,Cardiac,252,General,Low,351.0,No,High,17,23.0,H019,22.6,49.6,930.0,Moderate,5,15.9,17
S01737,P95816,54,Male,Neurological,206,Sedation,Medium,289.0,No,High,16,19.0,H014,27.0,68.3,664.0,Poor,2,16.1,20
S01738,P57078,25,Female,Gynecological,126,Regional,Low,185.0,No,Low,17,21.0,H001,21.4,27.8,300.0,Good,4,10.5,17
S01739,P86018,18,Female,Urological,41,Regional,Low,66.0,No,Low,7,6.0,H010,19.0,64.7,754.0,Moderate,1,3.5,11
S01740,P64010,32,Female,ENT,90,General,Medium,122.0,No,Medium,7,1.0,H007,26.8,58.4,700.0,Good,1,8.6,11
S01741,P16129,49,Female,Cardiac,209,General,Medium,384.0,No,High,17,24.0,H013,22.4,37.4,799.0,Good,4,8.7,20
S01742,P86556,71,Female,General,84,General,Medium,141.0,No,Medium,3,21.0,H015,23.1,35.3,789.0,Good,3,6.0,4
S01743,P49526,50,Male,Orthopedic,154,Local,Medium,222.0,No,Medium,13,28.0,H017,24.5,55.7,757.0,Moderate,2,9.6,17
S01744,P50612,19,Male,Cardiac,242,General,Medium,314.0,No,High,26,15.0,H017,24.2,47.9,711.0,Poor,6,12.1,29
S01745,P85357,33,Female,Neurological,213,General,Medium,388.0,No,High,14,12.0,H019,22.2,68.0,,Moderate,2,21.9,16
S01746,P88733,88,Male,General,128,Regional,Low,185.0,No,Medium,5,25.0,H002,19.4,64.8,552.0,Moderate,3,9.1,6
S01747,P99609,89,Female,General,37,Regional,Low,41.0,No,Low,9,28.0,H003,24.3,60.4,604.0,Poor,1,7.9,11
S01748,P57087,45,Male,Neurological,114,General,Medium,205.0,No,Medium,22,24.0,H016,20.3,51.1,905.0,Good,2,8.7,22
S01749,P49927,75,Male,General,124,General,Medium,158.0,No,High,8,24.0,H014,24.3,74.9,1449.0,Good,6,15.3,12
S01750,P46167,69,Female,Urological,116,General,Low,204.0,Yes,Medium,15,5.0,H015,23.8,49.8,806.0,Moderate,2,10.5,16
S01751,P40338,85,Male,Cardiac,247,Local,Low,184.0,No,Medium,18,26.0,H005,19.5,46.0,742.0,Poor,2,8.3,22
S01752,P33494,81,Male,Neurological,191,General,Low,265.0,No,High,14,1.0,H009,21.3,58.1,954.0,Poor,5,15.6,17
S01753,P38646,63,Male,Gynecological,126,Local,Medium,232.0,No,High,6,22.0,H013,23.2,59.8,940.0,Moderate,5,12.8,6
S01754,P75727,46,Female,Urological,106,General,Low,159.0,No,Low,5,6.0,H012,23.8,54.6,458.0,Poor,4,13.0,6
S01755,P36780,63,Female,Urological,70,Sedation,Low,117.0,No,Low,8,2.0,H017,20.8,38.7,867.0,Good,2,6.1,12
S01756,P65973,40,Male,Cardiac,268,Sedation,Low,329.0,Yes,High,22,22.0,H007,25.2,77.5,809.0,Poor,6,7.5,23
S01757,P31951,43,Male,General,79,General,Low,126.0,Yes,Low,12,10.0,H016,,65.0,664.0,Good,4,10.1,13
S01758,P82736,61,Male,Ophthalmic,67,Regional,Medium,100.0,No,Low,2,26.0,H006,23.6,79.1,661.0,Good,2,10.2,6
S01759,P47868,59,Female,Neurological,186,General,High,342.0,Yes,High,24,9.0,H015,20.8,35.5,300.0,Moderate,5,14.9,25
S01760,P59202,59,Male,General,64,Local,Low,135.0,No,Low,9,21.0,H001,20.6,49.8,390.0,Good,3,8.0,10
S01761,P97494,45,Female,ENT,47,Regional,Medium,88.0,No,Medium,2,19.0,H004,20.8,40.8,799.0,Moderate,4,8.8,4
S01762,P88014,47,Female,Orthopedic,187,Regional,Medium,324.0,No,Medium,18,24.0,H001,20.3,59.0,1020.0,Good,3,11.5,19
S01763,P39971,18,Male,Gynecological,73,General,Medium,127.0,No,Low,12,25.0,H005,24.1,64.1,,Good,1,7.4,14
S01764,P35869,61,Female,Urological,91,General,Low,111.0,No,Low,5,18.0,H010,21.3,49.9,733.0,Good,2,8.1,9
S01765,P59290,59,Female,Orthopedic,137,Regional,Low,186.0,No,Low,17,11.0,H017,20.1,45.8,378.0,Moderate,3,7.2,18
S01766,P75744,85,Male,Gynecological,98,Regional,High,151.0,No,High,9,15.0,H001,21.2,52.3,922.0,Poor,1,5.1,11
S01767,P97114,54,Male,General,110,Local,High,173.0,Yes,High,18,18.0,H012,23.9,64.4,619.0,Moderate,7,5.2,22
S01768,P45398,51,Female,Urological,89,Local,Low,109.0,No,Low,8,29.0,H003,20.4,54.1,755.0,Moderate,3,8.5,8
S01769,P62195,22,Female,Ophthalmic,33,Regional,Medium,49.0,No,Medium,1,6.0,H004,20.5,57.0,737.0,Good,4,9.1,1
S01770,P20252,32,Female,Ophthalmic,76,Regional,Low,86.0,No,Medium,1,3.0,H002,19.5,69.8,1054.0,Moderate,5,5.3,5
S01771,P75753,42,Female,Orthopedic,103,Sedation,Low,153.0,No,Low,12,14.0,H012,22.2,47.7,596.0,Moderate,4,10.0,13
S01772,P57547,45,Male,Gynecological,152,Local,Low,220.0,No,Low,12,13.0,H013,19.7,60.6,300.0,Moderate,3,2.8,13
S01773,P68360,44,Female,Ophthalmic,72,Local,Medium,83.0,No,Medium,2,27.0,H006,21.4,44.3,770.0,Moderate,3,6.8,5
S01774,P30819,46,Female,General,68,Sedation,Low,133.0,No,Low,6,9.0,H013,23.8,34.5,508.0,Good,4,9.7,7
S01775,P48647,73,Male,General,100,General,Low,110.0,No,Medium,7,5.0,H008,21.8,64.0,918.0,Good,1,7.5,7
S01776,P15556,27,Male,Orthopedic,92,Local,Low,168.0,No,Low,8,4.0,H015,19.9,54.7,454.0,Good,3,7.6,12
S01777,P42006,41,Male,Urological,87,Regional,Low,71.0,No,Low,10,26.0,H010,24.1,43.5,850.0,Good,1,1.0,10
S01778,P42688,29,Female,Orthopedic,113,General,Low,164.0,No,Low,18,18.0,H019,21.8,38.8,,Good,3,10.8,20
S01779,P51051,40,Male,Cardiac,215,Regional,Medium,245.0,No,High,23,29.0,H013,25.2,55.9,1225.0,Poor,4,,26
S01780,P97977,67,Female,Ophthalmic,34,General,Medium,44.0,No,Medium,1,8.0,H019,24.9,57.2,470.0,Good,4,11.9,4
S01781,P65518,21,Male,ENT,143,Regional,Low,292.0,No,High,2,3.0,H018,23.4,70.9,,Moderate,5,16.1,2
S01782,P90468,42,Male,ENT,72,General,Low,100.0,No,Low,1,14.0,H004,22.1,32.5,736.0,Good,1,12.5,3
S01783,P28048,19,Female,General,77,Local,Medium,89.0,No,Medium,3,6.0,H007,18.9,35.5,1077.0,Good,1,16.9,5
S01784,P98181,86,Male,Orthopedic,101,Regional,Low,166.0,No,Medium,20,4.0,H007,21.1,56.1,774.0,Good,5,16.1,23
S01785,P64369,70,Female,General,104,Regional,Low,144.0,No,Medium,6,26.0,H012,25.6,59.5,328.0,Moderate,1,10.2,7
S01786,P12571,35,Male,Orthopedic,100,General,High,204.0,Yes,High,24,12.0,H011,21.9,55.3,473.0,Moderate,4,14.2,25
S01787,P87696,32,Female,Ophthalmic,27,Regional,Medium,33.0,No,Medium,5,3.0,H009,23.1,36.7,911.0,Poor,3,8.2,5
S01788,P23757,25,Male,General,89,General,Low,110.0,No,Medium,7,6.0,H001,26.1,56.2,1023.0,Moderate,1,12.7,8
S01789,P82464,52,Female,General,88,General,Low,111.0,No,Low,4,11.0,H009,23.4,23.5,819.0,Good,3,7.5,5
S01790,P31158,72,Female,Orthopedic,107,General,Low,186.0,No,Medium,15,27.0,H004,21.4,47.5,789.0,Good,4,1.7,16
S01791,P70950,60,Male,General,63,Local,Low,90.0,No,Low,3,19.0,H019,20.4,57.1,447.0,Good,4,7.9,7
S01792,P76306,81,Male,Urological,68,General,High,130.0,Yes,High,17,16.0,H017,21.8,51.6,857.0,Good,3,,19
S01793,P20723,42,Male,Gynecological,85,Regional,Medium,131.0,No,Low,6,17.0,H004,21.4,,670.0,Good,2,5.9,9
S01794,P98029,38,Female,Orthopedic,101,Local,Low,153.0,No,Low,12,24.0,H008,22.7,68.1,,Moderate,1,,14
S01795,P89824,52,Female,Orthopedic,128,General,Low,214.0,No,Low,12,6.0,H013,24.5,50.1,703.0,Good,1,5.9,14
S01796,P46573,32,Male,Neurological,246,Local,Low,333.0,No,Medium,22,15.0,H010,22.1,62.8,877.0,Moderate,2,,22
S01797,P32379,88,Male,Orthopedic,159,General,Low,234.0,No,Medium,6,12.0,H004,21.3,60.0,661.0,Moderate,4,2.9,8
S01798,P62522,31,Female,Ophthalmic,118,General,Medium,191.0,No,Medium,9,2.0,H014,21.2,53.5,499.0,Good,2,3.9,9
S01799,P81239,52,Female,Gynecological,82,General,Low,98.0,No,Low,7,16.0,H018,23.0,46.7,592.0,Good,2,7.0,9
S01800,P17959,55,Female,Orthopedic,170,Regional,High,350.0,No,High,16,21.0,H016,24.8,77.3,362.0,Moderate,4,4.5,16
S01801,P23730,22,Male,Urological,86,Sedation,Medium,129.0,No,Medium,9,20.0,H007,22.3,44.0,693.0,Poor,4,7.5,11
S01802,P66628,51,Female,Neurological,209,Regional,High,294.0,No,High,21,2.0,H017,21.5,67.9,997.0,Poor,3,18.0,24
S01803,P35832,50,Female,Cardiac,253,Regional,High,345.0,Yes,High,31,12.0,H017,27.1,45.7,,Moderate,5,14.0,34
S01804,P90999,36,Male,General,79,General,High,166.0,No,Medium,11,12.0,H018,20.6,44.1,712.0,Moderate,2,10.9,13
S01805,P58760,27,Male,Orthopedic,141,Sedation,High,238.0,No,High,23,5.0,H016,24.1,62.1,1138.0,Good,1,14.1,24
S01806,P69330,21,Male,General,104,Regional,Low,179.0,No,Low,9,16.0,H006,20.6,67.1,625.0,Moderate,3,4.1,9
S01807,P41490,18,Female,Urological,26,General,Low,36.0,No,Low,7,16.0,H010,20.6,51.8,580.0,Good,3,12.0,9
S01808,P68798,52,Male,Ophthalmic,56,Sedation,Low,89.0,No,Low,1,23.0,H013,23.0,33.2,521.0,Good,4,9.9,3
S01809,P33133,24,Female,Neurological,206,General,Medium,256.0,No,High,16,23.0,H016,20.9,78.3,795.0,Poor,1,14.0,17
S01810,P53872,87,Female,General,98,General,Medium,146.0,No,Medium,10,27.0,H003,20.9,43.3,1090.0,Good,4,10.8,13
S01811,P12038,35,Female,Cardiac,254,General,Low,481.0,No,High,26,13.0,H002,28.1,70.0,781.0,Poor,6,12.6,26
S01812,P50497,64,Female,General,67,General,Medium,97.0,No,High,10,6.0,H019,26.5,64.2,711.0,Poor,6,14.5,13
S01813,P78918,66,Male,Cardiac,247,Local,Medium,329.0,Yes,High,16,16.0,H014,25.0,38.6,989.0,Poor,2,13.3,17
S01814,P43283,53,Female,General,87,Regional,Medium,107.0,No,Low,1,20.0,H006,19.9,54.3,445.0,Good,3,10.2,1
S01815,P15245,81,Male,Orthopedic,113,Sedation,Low,168.0,No,Low,13,10.0,H019,22.4,35.2,776.0,Good,4,4.4,16
S01816,P83817,25,Female,ENT,49,General,Low,94.0,No,Low,4,14.0,H008,21.9,66.2,413.0,Moderate,4,8.4,5
S01817,P36068,34,Female,Ophthalmic,87,Regional,Medium,94.0,No,Low,3,27.0,H013,21.1,31.1,598.0,Good,4,11.2,6
S01818,P68024,36,Female,Neurological,190,Local,Low,282.0,No,Medium,21,23.0,H018,22.1,52.2,822.0,Moderate,4,9.9,25
S01819,P74614,27,Female,Urological,87,Regional,Medium,85.0,Yes,Medium,16,18.0,H017,19.2,43.2,596.0,Poor,3,15.7,20
S01820,P36965,39,Male,Orthopedic,181,Regional,Low,249.0,No,Low,14,28.0,H012,17.9,66.9,746.0,Good,2,6.1,18
S01821,P36478,40,Female,Gynecological,114,Regional,Low,179.0,No,Low,5,1.0,H011,22.6,31.4,780.0,Good,4,4.4,5
S01822,P56608,73,Female,Cardiac,276,Regional,Low,283.0,No,High,17,16.0,H006,25.8,87.6,690.0,Moderate,7,16.9,17
S01823,P51886,39,Female,Orthopedic,128,Local,Medium,174.0,No,Medium,14,8.0,H004,22.9,49.3,900.0,Good,2,11.2,14
S01824,P20413,81,Male,Gynecological,89,General,Low,141.0,No,Medium,11,9.0,H002,24.6,47.6,679.0,Moderate,3,12.0,13
S01825,P17400,73,Male,General,58,Regional,High,139.0,Yes,High,11,23.0,H001,25.3,,883.0,Poor,4,11.4,13
S01826,P14118,82,Female,General,97,Regional,Low,155.0,No,Medium,8,24.0,H010,,55.3,888.0,Good,5,10.7,11
S01827,P38397,25,Male,General,20,General,High,74.0,No,Medium,4,15.0,H007,24.6,46.5,903.0,Good,3,11.6,7
S01828,P22263,88,Female,Orthopedic,128,General,Low,203.0,No,High,6,16.0,H012,24.4,45.8,300.0,Moderate,3,15.3,6
S01829,P78152,62,Female,Orthopedic,129,Sedation,Low,170.0,Yes,High,16,18.0,H010,22.4,54.5,412.0,Moderate,2,12.5,17
S01830,P88079,88,Female,General,83,General,High,192.0,No,High,14,26.0,H013,24.1,49.7,588.0,Moderate,2,13.6,14
S01831,P81640,43,Male,General,87,General,Medium,70.0,No,Medium,11,1.0,H004,20.1,,794.0,Poor,2,10.6,13
S01832,P33149,86,Female,Orthopedic,82,Regional,Medium,115.0,No,Medium,9,17.0,H004,24.8,,788.0,Good,4,12.9,10
S01833,P40042,60,Male,Neurological,221,General,Medium,338.0,No,High,13,2.0,H003,24.1,65.3,580.0,Moderate,4,13.5,15
S01834,P96677,23,Male,General,79,General,Low,150.0,No,Low,9,28.0,H014,18.7,45.0,,Moderate,4,3.6,11
S01835,P22009,47,Female,Gynecological,70,General,Medium,106.0,No,Medium,8,7.0,H018,24.8,59.9,767.0,Moderate,2,7.4,11
S01836,P40445,27,Male,Urological,96,General,Low,149.0,No,Low,12,1.0,H007,21.1,41.7,548.0,Good,3,7.6,14
S01837,P49969,85,Male,General,93,General,Medium,149.0,No,Medium,9,24.0,H003,22.7,42.0,799.0,Good,1,9.0,13
S01838,P46873,39,Male,General,79,Local,High,198.0,No,Medium,12,22.0,H018,22.4,49.2,597.0,Good,4,17.0,13
S01839,P94654,34,Male,General,76,General,High,155.0,Yes,Medium,12,27.0,H005,21.9,70.3,894.0,Moderate,1,7.2,16
S01840,P83083,57,Female,Cardiac,239,General,Medium,257.0,No,High,22,11.0,H013,29.3,57.3,1130.0,Moderate,2,8.4,26
S01841,P98439,48,Male,Orthopedic,160,Regional,Medium,163.0,No,Medium,20,9.0,H017,21.5,,929.0,Moderate,2,8.3,24
S01842,P30154,24,Male,Orthopedic,134,General,Medium,227.0,No,High,14,20.0,H018,24.0,64.2,952.0,Moderate,5,10.0,14
S01843,P16105,76,Female,Urological,78,General,Low,122.0,No,Low,7,28.0,H005,22.0,48.4,622.0,Good,3,7.0,7
S01844,P91845,78,Male,Cardiac,265,General,High,427.0,Yes,High,27,28.0,H001,22.9,53.5,1120.0,Poor,1,14.0,31
S01845,P22447,71,Female,General,90,General,Medium,119.0,No,Medium,2,12.0,H009,23.3,41.7,937.0,Good,4,4.3,5
S01846,P68808,62,Female,General,102,General,Low,158.0,No,Medium,3,19.0,H018,21.3,64.5,644.0,Moderate,5,8.6,6
S01847,P90157,46,Female,Neurological,184,General,Medium,287.0,No,Medium,15,24.0,H009,23.8,43.7,941.0,Moderate,2,18.4,18
S01848,P15591,57,Female,Urological,97,Local,Low,159.0,No,Low,3,22.0,H017,19.9,60.6,490.0,Good,2,9.7,6
S01849,P65848,55,Male,Gynecological,86,Sedation,Medium,100.0,No,Low,5,18.0,H016,20.8,44.4,443.0,Moderate,4,5.8,6
S01850,P96094,29,Female,Orthopedic,85,Local,Medium,82.0,No,Low,6,5.0,H010,20.0,22.1,675.0,Poor,1,3.0,8
S01851,P96417,23,Male,Urological,107,General,Low,131.0,No,Low,5,19.0,H017,20.9,57.8,453.0,Poor,3,5.2,7
S01852,P35873,36,Male,General,135,Local,Low,147.0,No,Medium,9,5.0,H019,19.1,62.6,309.0,Good,5,8.4,13
S01853,P33178,50,Female,Neurological,147,Regional,Medium,158.0,No,Medium,17,14.0,H013,17.5,60.2,719.0,Poor,4,17.0,18
S01854,P30876,29,Male,Gynecological,105,General,Low,206.0,No,Low,9,17.0,H015,21.4,,1084.0,Moderate,2,,10
S01855,P63734,25,Female,Gynecological,86,Sedation,High,120.0,No,High,15,1.0,H009,22.3,56.4,535.0,Poor,3,11.7,17
S01856,P90840,79,Female,Cardiac,266,Local,Low,436.0,No,High,26,13.0,H019,26.4,54.9,818.0,Moderate,4,9.7,29
S01857,P92103,44,Female,ENT,77,General,Low,136.0,No,Low,11,10.0,H007,21.3,41.3,550.0,Moderate,4,,11
S01858,P39285,60,Male,General,189,Sedation,Low,339.0,Yes,High,12,4.0,H015,25.5,62.1,725.0,Moderate,2,15.7,15
S01859,P56453,55,Male,General,80,General,Medium,126.0,No,Medium,6,19.0,H018,23.7,51.3,508.0,Poor,4,4.8,7
S01860,P75039,70,Female,Orthopedic,166,Regional,Medium,314.0,No,High,12,22.0,H018,21.8,57.8,1016.0,Poor,3,10.1,12
S01861,P70818,71,Male,Cardiac,289,General,Medium,588.0,No,High,22,26.0,H017,23.2,48.3,708.0,Moderate,3,21.8,25
S01862,P13074,39,Female,General,106,General,High,199.0,No,Medium,9,,H004,23.8,51.8,811.0,Moderate,4,10.4,9
S01863,P89741,79,Female,General,91,Sedation,Medium,148.0,No,High,6,6.0,H019,25.6,68.9,1402.0,Poor,3,13.1,7
S01864,P92893,44,Female,General,92,Regional,Low,173.0,No,Low,6,3.0,H004,23.7,51.4,647.0,Good,4,10.8,6
S01865,P67325,78,Female,Gynecological,100,General,Low,124.0,Yes,Low,12,24.0,H005,20.7,33.7,479.0,Good,3,10.0,16
S01866,P46828,47,Male,Cardiac,273,Local,High,439.0,No,High,17,2.0,H010,26.7,67.4,795.0,Poor,3,21.6,20
S01867,P81246,25,Male,Gynecological,73,Local,Low,95.0,No,Low,7,12.0,H003,20.8,55.8,472.0,Poor,1,8.5,8
S01868,P26074,72,Female,Urological,75,Sedation,High,172.0,No,Medium,15,11.0,H014,24.7,,578.0,Poor,4,13.3,15
S01869,P29943,20,Male,Gynecological,91,Sedation,High,134.0,No,High,17,6.0,H018,25.3,63.8,794.0,Good,5,17.9,20
S01870,P98311,73,Male,Urological,28,Sedation,Medium,54.0,No,Medium,10,19.0,H006,19.2,55.4,924.0,Good,1,5.8,12
S01871,P41494,21,Male,Ophthalmic,85,Regional,Medium,141.0,No,Medium,1,23.0,H007,22.9,86.4,844.0,Moderate,5,11.5,5
S01872,P76758,32,Male,Orthopedic,151,General,High,303.0,No,High,14,26.0,H008,21.7,57.1,814.0,Moderate,6,16.7,16
S01873,P46090,61,Male,Gynecological,80,Sedation,Medium,63.0,No,Medium,14,14.0,H002,24.5,73.2,441.0,Moderate,1,6.2,14
S01874,P81410,85,Male,ENT,100,General,Medium,118.0,No,Low,1,13.0,H004,19.7,56.6,422.0,Good,2,5.6,3
S01875,P82322,47,Female,General,42,General,Low,81.0,No,Low,7,6.0,H019,22.6,77.5,592.0,Good,1,12.8,11
S01876,P55073,26,Male,Cardiac,240,General,Low,347.0,No,High,26,3.0,H018,25.1,30.6,1369.0,Poor,2,18.5,30
S01877,P44211,34,Female,ENT,66,General,Low,64.0,No,Low,5,25.0,H010,22.1,68.4,300.0,Good,1,8.0,8
S01878,P71962,82,Male,Orthopedic,122,Regional,High,241.0,No,High,16,25.0,H015,27.1,75.2,955.0,Poor,7,14.1,19
S01879,P28385,70,Female,Neurological,182,Sedation,Medium,310.0,No,Medium,21,29.0,H001,23.3,,775.0,Poor,5,11.7,23
S01880,P36178,25,Male,Orthopedic,117,Regional,Medium,194.0,No,High,14,4.0,H001,25.9,55.8,927.0,Poor,5,17.2,16
S01881,P14434,45,Female,General,78,Regional,Low,113.0,No,Low,7,13.0,H017,19.8,75.5,744.0,Moderate,1,6.3,8
S01882,P56627,37,Male,General,86,General,High,208.0,No,Medium,14,19.0,H001,21.5,43.1,804.0,Good,2,12.5,18
S01883,P67835,30,Male,General,130,Local,Low,167.0,No,Medium,1,26.0,H014,18.3,64.3,691.0,Good,1,6.2,3
S01884,P44254,78,Male,Ophthalmic,42,General,Medium,69.0,No,Medium,4,12.0,H019,21.1,72.9,753.0,Moderate,4,7.9,8
S01885,P77420,62,Female,General,157,General,Low,241.0,No,Medium,4,5.0,H016,20.1,52.0,300.0,Good,3,9.0,4
S01886,P48260,30,Female,General,70,Regional,High,152.0,No,Medium,9,27.0,H008,20.1,50.7,633.0,Good,1,7.7,11
S01887,P28808,64,Male,Ophthalmic,67,Regional,Medium,92.0,No,High,3,3.0,H011,21.7,78.2,944.0,Poor,1,18.2,7
S01888,P10385,47,Male,Urological,97,General,Low,135.0,Yes,Low,10,21.0,H012,21.1,46.3,502.0,Moderate,3,5.6,11
S01889,P86668,22,Female,Cardiac,231,General,Low,348.0,No,Medium,21,11.0,H009,23.5,44.3,430.0,Moderate,5,14.3,22
S01890,P82975,50,Female,Orthopedic,161,General,Low,227.0,No,High,15,1.0,H019,25.9,30.8,593.0,Good,5,16.1,17
S01891,P50478,31,Male,General,106,Regional,Low,182.0,No,Low,7,16.0,H001,24.0,63.5,,Moderate,1,9.9,8
S01892,P29615,35,Female,Urological,73,General,Low,97.0,No,Low,8,11.0,H019,23.9,45.5,578.0,Good,4,4.0,8
S01893,P63213,81,Male,General,131,General,Low,258.0,No,High,6,13.0,H017,21.7,72.6,893.0,Good,7,,10
S01894,P52620,69,Female,Cardiac,209,Local,Low,277.0,No,Medium,20,6.0,H002,21.2,52.9,740.0,Good,2,8.1,24
S01895,P41683,27,Male,Gynecological,83,Local,Low,147.0,No,Low,10,20.0,H011,22.4,66.0,654.0,Good,4,10.7,13
S01896,P69304,79,Male,Gynecological,116,General,Medium,207.0,No,High,7,9.0,H013,24.5,76.8,991.0,Poor,3,13.3,9
S01897,P30596,59,Male,General,114,Regional,Low,176.0,Yes,Medium,15,5.0,H019,25.7,41.4,973.0,Good,3,14.0,15
S01898,P13099,80,Female,Urological,89,General,Low,135.0,No,Medium,7,12.0,H019,22.0,48.1,700.0,Moderate,2,7.0,11
S01899,P24878,71,Male,Urological,76,General,High,147.0,Yes,High,14,6.0,H009,25.7,66.5,888.0,Moderate,5,18.4,16
S01900,P40818,42,Female,Gynecological,92,Local,Low,123.0,No,Medium,11,16.0,H004,22.2,75.3,1048.0,Moderate,2,9.2,11
S01901,P84484,56,Female,Gynecological,133,General,Medium,208.0,No,High,9,16.0,H016,22.8,61.1,1123.0,Poor,3,15.5,9
S01902,P33744,56,Female,Gynecological,107,General,High,209.0,Yes,High,21,24.0,H013,24.5,71.2,644.0,Poor,5,14.7,23
S01903,P96510,69,Male,General,63,Local,Medium,116.0,No,Low,9,29.0,H010,22.0,54.2,586.0,Good,4,10.9,11
S01904,P21956,35,Male,General,62,Local,Medium,84.0,No,High,7,3.0,H015,21.9,47.2,750.0,Poor,5,16.5,10
S01905,P99866,41,Male,Gynecological,145,Sedation,Medium,200.0,No,Medium,12,2.0,H002,24.0,50.5,443.0,Good,4,9.1,15
S01906,P83206,35,Female,General,68,Local,Medium,68.0,No,Medium,7,13.0,H002,23.7,51.4,510.0,Good,3,4.9,7
S01907,P16138,39,Female,General,98,General,Medium,165.0,No,Medium,3,2.0,H010,23.5,61.0,651.0,Poor,2,16.3,5
S01908,P58745,29,Male,Orthopedic,160,Regional,Low,266.0,No,Medium,16,25.0,H008,16.7,76.6,851.0,Moderate,3,16.4,16
S01909,P71267,20,Female,Gynecological,116,General,Medium,208.0,No,Medium,4,24.0,H003,21.5,41.1,338.0,Moderate,4,11.6,8
S01910,P51063,85,Male,General,67,Regional,High,171.0,No,Medium,1,13.0,H004,24.2,67.2,757.0,Poor,1,,1
S01911,P98327,23,Male,Neurological,149,General,Medium,258.0,No,Medium,20,28.0,H010,20.2,51.5,492.0,Poor,1,8.3,23
S01912,P21923,81,Male,Neurological,236,General,Low,412.0,No,High,19,16.0,H002,26.1,54.3,1061.0,Poor,5,11.1,22
S01913,P58531,18,Female,Cardiac,208,General,Low,350.0,No,Medium,22,16.0,H014,21.4,44.0,748.0,Moderate,2,13.0,23
S01914,P56268,73,Male,ENT,53,Local,Medium,91.0,No,Medium,9,23.0,H002,22.0,54.6,893.0,Good,3,12.6,10
S01915,P64888,41,Male,Urological,91,General,Low,86.0,No,Low,7,16.0,H013,22.4,43.0,622.0,Good,4,,11
S01916,P34065,55,Female,General,83,Regional,Medium,97.0,No,Low,5,21.0,H007,20.2,54.5,300.0,Good,2,10.3,8
S01917,P53816,38,Female,General,107,Local,Low,119.0,No,Low,9,7.0,H003,23.8,38.0,497.0,Good,4,10.7,9
S01918,P21392,53,Male,Gynecological,55,Local,Low,103.0,No,Low,7,15.0,H012,24.5,36.8,947.0,Good,4,13.2,8
S01919,P21088,50,Male,General,83,General,Low,105.0,No,Low,6,24.0,H012,19.8,62.9,719.0,Moderate,4,6.8,10
S01920,P57414,56,Male,ENT,90,General,High,168.0,Yes,High,13,29.0,H019,23.8,66.9,1155.0,Poor,2,16.0,13
S01921,P76117,46,Male,Orthopedic,140,Sedation,High,260.0,No,High,17,6.0,H009,28.4,59.3,,Poor,5,9.5,20
S01922,P71360,56,Male,Orthopedic,102,Regional,Medium,114.0,No,High,13,2.0,H018,25.3,61.2,772.0,Good,4,13.6,16
S01923,P96084,77,Female,General,59,General,High,145.0,No,High,8,18.0,H010,21.0,69.5,752.0,Poor,4,6.5,10
S01924,P15109,49,Male,Cardiac,246,Sedation,High,261.0,No,High,20,2.0,H017,26.6,62.9,1052.0,Poor,2,18.7,21
S01925,P49019,44,Female,General,50,General,Low,57.0,No,Low,4,20.0,H006,16.0,59.3,811.0,Moderate,2,4.9,5
S01926,P15058,27,Male,Urological,118,General,Low,184.0,No,Low,13,13.0,H015,23.2,44.6,609.0,Poor,3,7.1,15
S01927,P42433,43,Male,Orthopedic,124,General,Medium,139.0,Yes,Medium,18,24.0,H005,20.4,42.6,460.0,Moderate,4,4.0,19
S01928,P76471,27,Male,General,69,General,Medium,130.0,No,Medium,7,5.0,H001,23.8,46.3,603.0,Moderate,2,1.0,8
S01929,P63530,31,Male,Gynecological,68,General,Low,102.0,No,Low,5,2.0,H003,22.5,55.1,635.0,Good,3,9.4,7
S01930,P28607,86,Male,Urological,61,Regional,High,162.0,No,High,18,7.0,H008,24.8,47.8,1126.0,Good,4,17.6,22
S01931,P16267,24,Male,General,43,General,Low,69.0,No,Low,4,2.0,H003,23.2,,402.0,Good,3,6.9,7
S01932,P23827,52,Female,Cardiac,254,Regional,High,,No,High,20,5.0,H015,23.4,47.6,1199.0,Moderate,2,14.7,20
S01933,P48018,78,Female,General,65,Local,Medium,78.0,No,Low,6,22.0,H002,20.8,48.2,761.0,Good,3,9.3,8
S01934,P96591,86,Male,General,101,Local,Low,179.0,No,Medium,4,21.0,H019,24.0,69.5,870.0,Good,3,6.5,4
S01935,P45111,28,Female,Urological,96,General,High,206.0,Yes,High,17,19.0,H007,22.3,72.9,1076.0,Good,5,16.2,20
S01936,P26199,29,Female,General,118,Local,Medium,250.0,No,Medium,2,13.0,H009,20.6,45.6,300.0,Poor,5,7.4,2
S01937,P33895,44,Female,Cardiac,247,General,Medium,431.0,No,High,24,7.0,H015,22.5,75.8,1013.0,Moderate,4,12.1,28
S01938,P71613,57,Male,Gynecological,133,Regional,Medium,183.0,No,Medium,12,25.0,H014,22.4,40.1,,Good,1,5.9,14
S01939,P35013,87,Male,General,131,General,Low,207.0,No,High,6,26.0,H016,24.1,56.2,923.0,Good,6,28.0,10
S01940,P83347,32,Male,Orthopedic,127,Local,Low,206.0,No,Low,9,8.0,H019,22.9,30.6,300.0,Good,1,6.6,12
S01941,P13447,29,Male,General,99,General,Low,183.0,No,Low,4,26.0,H006,20.3,60.6,300.0,Good,3,6.4,8
S01942,P39592,36,Male,ENT,53,Regional,Low,100.0,No,Low,5,19.0,H012,25.0,56.7,719.0,Moderate,3,8.8,8
S01943,P32813,80,Female,Gynecological,70,General,Low,101.0,Yes,High,11,11.0,H013,,62.5,598.0,Moderate,5,10.9,14
S01944,P51676,20,Female,Cardiac,278,General,Medium,315.0,Yes,High,22,7.0,H015,18.3,60.2,,Poor,3,13.9,24
S01945,P45673,45,Male,Gynecological,118,Regional,Low,111.0,No,Low,13,18.0,H006,22.6,51.0,389.0,Poor,4,11.4,13
S01946,P59874,26,Male,Cardiac,260,General,Medium,301.0,No,High,21,1.0,H019,22.3,63.4,825.0,Moderate,1,,22
S01947,P39605,29,Male,General,72,Local,Low,95.0,Yes,Low,12,10.0,H005,21.9,53.7,825.0,Good,2,,13
S01948,P28051,84,Male,General,138,Regional,Low,269.0,Yes,High,13,20.0,H014,22.2,72.3,623.0,Moderate,5,14.4,16
S01949,P67966,18,Female,Cardiac,233,Regional,High,505.0,Yes,High,28,15.0,H017,23.7,48.1,833.0,Moderate,7,13.6,29
S01950,P36640,41,Male,Neurological,155,Local,High,327.0,Yes,High,25,5.0,H003,26.2,34.5,915.0,Poor,3,19.4,28
S01951,P88856,83,Female,ENT,52,Local,Medium,97.0,No,High,6,5.0,H011,25.5,,1125.0,Moderate,3,10.0,7
S01952,P96676,61,Female,Cardiac,287,Sedation,Low,369.0,No,High,23,21.0,H019,28.6,52.1,,Moderate,7,10.7,23
S01953,P30804,23,Female,Urological,46,General,Medium,48.0,No,Low,9,25.0,H003,20.6,47.9,743.0,Good,1,2.8,13
S01954,P34619,51,Female,Gynecological,77,Regional,Low,92.0,No,Low,14,21.0,H016,24.7,63.4,949.0,Good,1,5.3,18
S01955,P95740,87,Female,General,176,Local,Medium,156.0,No,High,7,5.0,H016,25.3,60.7,875.0,Moderate,2,13.4,7
S01956,P83107,46,Male,Orthopedic,148,General,High,222.0,No,Medium,12,20.0,H006,23.5,36.3,897.0,Moderate,4,9.9,12
S01957,P50281,56,Male,Cardiac,218,General,Low,293.0,No,High,24,9.0,H014,25.0,42.0,362.0,Poor,5,9.3,27
S01958,P58161,56,Female,Orthopedic,87,General,High,184.0,No,High,16,18.0,H019,27.8,69.0,,Poor,4,11.4,17
S01959,P31815,65,Male,General,39,Regional,Medium,60.0,No,Medium,4,18.0,H008,22.9,57.7,455.0,Good,4,10.9,5
S01960,P68114,31,Female,ENT,72,General,Low,93.0,No,Low,7,26.0,H002,21.0,43.8,474.0,Moderate,3,10.1,8
S01961,P94384,78,Male,Ophthalmic,81,Regional,Low,135.0,No,Low,4,24.0,H005,21.1,49.5,508.0,Poor,3,6.0,8
S01962,P51152,89,Male,Orthopedic,165,Regional,Medium,214.0,No,High,10,3.0,H018,24.2,47.2,927.0,Moderate,5,13.6,12
S01963,P49091,28,Male,Cardiac,183,Regional,Low,275.0,No,Medium,23,1.0,H018,21.8,52.0,595.0,Good,2,9.4,25
S01964,P62945,76,Female,Orthopedic,80,General,Low,93.0,No,Low,19,28.0,H016,20.6,55.0,524.0,Good,3,11.8,23
S01965,P83910,76,Male,ENT,66,Local,Low,120.0,No,Medium,5,,H012,20.5,46.3,837.0,Good,3,11.8,5
S01966,P58608,71,Male,Cardiac,323,Regional,High,536.0,No,High,23,2.0,H006,22.2,73.8,829.0,Moderate,6,23.0,23
S01967,P49781,44,Male,Cardiac,266,General,Low,453.0,No,High,15,6.0,H012,22.3,64.0,1061.0,Moderate,2,19.9,16
S01968,P53370,51,Female,General,101,General,High,164.0,No,High,16,15.0,H017,22.8,62.2,1042.0,Moderate,6,13.7,17
S01969,P11182,78,Female,General,53,General,Medium,82.0,No,Medium,5,26.0,H016,22.7,61.0,621.0,Moderate,2,9.9,7
S01970,P82254,29,Male,Cardiac,176,Sedation,Low,294.0,No,Medium,16,27.0,H002,20.1,66.8,944.0,Moderate,2,8.7,19
S01971,P42117,77,Female,Gynecological,101,General,Low,89.0,No,Medium,10,20.0,H014,23.7,47.7,733.0,Moderate,2,10.3,11
S01972,P89218,84,Male,Orthopedic,117,General,Medium,216.0,No,High,17,8.0,H019,30.3,57.0,1309.0,Moderate,4,12.7,18
S01973,P43382,67,Female,Orthopedic,111,General,Low,124.0,Yes,Medium,22,21.0,H003,24.3,45.1,796.0,Moderate,5,11.9,26
S01974,P32999,42,Male,Orthopedic,108,General,Low,168.0,No,Low,11,25.0,H012,19.9,52.4,749.0,Poor,3,11.3,15
S01975,P89632,58,Male,Neurological,157,General,Low,319.0,No,High,17,12.0,H012,23.8,56.3,901.0,Poor,4,7.9,18
S01976,P22226,21,Female,ENT,40,Local,High,121.0,No,High,8,18.0,H010,24.0,68.9,1158.0,Poor,6,17.7,11
S01977,P80009,85,Female,General,131,Regional,Medium,137.0,No,High,9,15.0,H015,24.6,75.3,943.0,Good,6,14.3,10
S01978,P83008,42,Male,Gynecological,73,Local,Medium,105.0,No,Low,11,25.0,H019,22.5,50.0,642.0,Poor,1,10.9,14
S01979,P29974,22,Female,Neurological,171,General,Low,319.0,No,Low,18,18.0,H013,22.3,43.5,523.0,Good,3,2.0,19
S01980,P29070,75,Female,Gynecological,98,Regional,Low,122.0,No,Medium,12,2.0,H001,20.3,61.1,892.0,Poor,2,13.5,14
S01981,P39968,65,Male,ENT,91,Local,Medium,126.0,No,Medium,1,26.0,H010,21.1,62.7,1153.0,Poor,4,6.2,1
S01982,P87959,62,Female,Neurological,154,Regional,Low,213.0,No,High,19,17.0,H010,27.4,44.6,714.0,Poor,4,12.0,22
S01983,P40991,21,Female,ENT,99,Local,High,215.0,No,High,8,13.0,H006,24.9,52.7,847.0,Poor,6,11.1,8
S01984,P19234,72,Male,General,72,General,High,124.0,No,High,9,6.0,H014,19.9,66.8,892.0,Good,4,13.4,10
S01985,P46469,63,Female,Gynecological,95,Regional,Low,160.0,No,Low,9,21.0,H011,19.4,46.7,528.0,Good,2,6.6,12
S01986,P18190,75,Male,Cardiac,289,Regional,High,429.0,No,High,24,1.0,H003,24.3,62.4,830.0,Poor,3,10.4,26
S01987,P57936,77,Female,General,60,General,Medium,89.0,No,Medium,5,6.0,H015,21.8,36.4,501.0,Moderate,2,7.8,9
S01988,P26348,33,Male,General,111,Local,Medium,159.0,No,Low,15,20.0,H001,19.4,54.1,786.0,Moderate,2,8.9,16
S01989,P35091,33,Male,ENT,100,General,Low,167.0,No,Low,9,8.0,H017,21.4,71.5,605.0,Moderate,2,10.9,13
S01990,P11066,84,Female,Ophthalmic,69,General,High,153.0,No,High,9,22.0,H012,21.9,73.7,913.0,Good,2,10.1,11
S01991,P11849,56,Female,Neurological,176,Local,Low,340.0,No,High,16,8.0,H019,21.8,64.3,594.0,Poor,6,11.9,18
S01992,P77286,49,Female,ENT,133,Local,Medium,238.0,No,Medium,2,22.0,H007,21.3,41.1,458.0,Moderate,3,7.6,3
S01993,P93080,38,Female,Ophthalmic,59,Local,Low,74.0,No,Low,2,20.0,H005,22.5,45.9,468.0,Good,2,14.3,3
S01994,P45743,64,Male,General,96,Local,Low,183.0,No,Low,7,22.0,H010,22.2,53.7,922.0,Good,4,4.1,11
S01995,P11642,72,Male,Orthopedic,109,General,High,,No,High,12,22.0,H016,27.2,61.8,750.0,Poor,1,11.3,14
S01996,P95075,18,Male,Orthopedic,124,Regional,Low,192.0,No,Low,15,24.0,H012,22.4,35.2,521.0,Good,3,11.3,18
S01997,P46820,57,Male,Orthopedic,148,Sedation,Low,259.0,No,High,17,11.0,H009,24.3,60.4,,Good,6,16.3,18
S01998,P42878,89,Male,Orthopedic,111,General,Medium,131.0,No,Medium,7,14.0,H008,20.1,38.4,,Moderate,4,12.9,8
S01999,P81344,38,Female,ENT,20,Regional,Low,21.0,No,Low,2,3.0,H015,22.3,43.1,777.0,Poor,3,7.9,6
S02000,P73269,38,Female,Cardiac,255,Sedation,High,434.0,No,High,27,11.0,H005,24.1,77.1,300.0,Moderate,3,2.7,30
S02001,P76415,81,Male,Gynecological,67,General,High,138.0,Yes,High,19,14.0,H001,26.4,55.8,838.0,Poor,5,12.4,20
S02002,P71480,22,Male,General,112,Sedation,Low,237.0,No,Low,4,23.0,H005,22.5,42.2,441.0,Good,3,9.7,7
S02003,P11703,46,Female,General,89,Regional,Medium,113.0,No,Medium,9,27.0,H004,24.9,38.6,668.0,Moderate,4,11.7,9
S02004,P39223,50,Male,Cardiac,268,Local,High,455.0,No,High,22,20.0,H004,23.3,45.5,1046.0,Good,2,,23
S02005,P70913,75,Male,General,61,Regional,High,145.0,Yes,High,14,4.0,H006,22.8,50.8,791.0,Good,4,13.5,16
S02006,P90337,27,Male,General,73,Regional,Medium,136.0,No,Medium,3,6.0,H014,22.9,60.7,662.0,Good,3,14.8,5
S02007,P66957,49,Male,General,79,Local,Medium,94.0,No,Low,7,16.0,H005,21.7,49.6,315.0,Good,3,9.6,9
S02008,P45808,28,Male,Orthopedic,75,General,Medium,76.0,No,Low,17,13.0,H003,20.1,64.5,592.0,Moderate,4,8.5,21
S02009,P90332,74,Female,Gynecological,133,Regional,Low,255.0,No,Medium,8,27.0,H008,22.4,44.0,818.0,Moderate,5,13.9,9
S02010,P59623,63,Male,Orthopedic,71,Sedation,Medium,108.0,No,High,15,6.0,H019,22.0,81.1,815.0,Poor,5,16.5,17
S02011,P21854,53,Female,General,122,Sedation,Low,212.0,No,Low,6,17.0,H018,22.9,48.2,300.0,Good,1,5.7,7
S02012,P45837,46,Male,General,102,Sedation,Low,179.0,No,Low,10,23.0,H001,18.6,47.3,854.0,Good,2,5.8,13
S02013,P86151,29,Female,Cardiac,234,Regional,Low,423.0,No,High,19,13.0,H001,23.4,62.5,1248.0,Good,1,14.2,19
S02014,P49180,84,Male,Urological,90,Regional,High,174.0,Yes,High,20,8.0,H006,26.0,77.0,1096.0,Good,4,18.9,23
S02015,P59589,64,Male,Orthopedic,129,Regional,Low,168.0,No,Medium,16,4.0,H003,22.8,44.7,,Good,1,15.1,20
S02016,P14922,40,Male,Ophthalmic,47,Regional,Low,42.0,No,Low,3,19.0,H016,23.4,74.8,696.0,Good,1,8.3,3
S02017,P69231,47,Male,Ophthalmic,68,Regional,Low,81.0,No,Low,3,19.0,H003,21.5,60.4,732.0,Moderate,3,10.3,6
S02018,P37917,70,Male,Neurological,201,General,Low,305.0,No,Medium,16,22.0,H002,22.8,42.4,562.0,Moderate,3,11.7,16
S02019,P18386,69,Female,Cardiac,211,General,High,322.0,No,High,22,25.0,H005,22.3,,1104.0,Poor,6,,25
S02020,P95349,51,Male,Orthopedic,130,Regional,Low,150.0,No,Medium,14,29.0,H012,25.0,60.5,300.0,Moderate,2,15.6,18
S02021,P46824,39,Male,Ophthalmic,20,General,Low,,No,Low,1,6.0,H004,18.9,51.2,568.0,Moderate,3,7.9,2
S02022,P84828,65,Male,General,32,General,High,,No,High,8,13.0,H006,18.7,53.5,1113.0,Poor,3,16.2,11
S02023,P73090,65,Female,Orthopedic,136,General,Low,201.0,No,Low,11,10.0,H010,24.5,43.6,893.0,Good,3,7.8,15
S02024,P89214,61,Female,General,77,Local,Low,89.0,No,Medium,8,26.0,H019,21.0,75.0,747.0,Poor,2,4.4,8
S02025,P48946,23,Female,Orthopedic,94,Sedation,Medium,176.0,No,Medium,15,4.0,H017,18.9,57.1,907.0,Good,4,8.0,15
S02026,P74155,52,Female,General,88,Regional,Medium,111.0,No,Low,10,20.0,H005,21.7,55.6,589.0,Moderate,2,13.0,13
S02027,P94371,62,Female,General,78,Sedation,Low,151.0,No,Low,5,10.0,H006,21.0,51.4,728.0,Good,2,3.6,9
S02028,P68791,86,Female,Orthopedic,90,Local,Medium,127.0,No,High,11,1.0,H002,23.5,61.7,1090.0,Poor,2,19.6,14
S02029,P69584,55,Male,Urological,30,General,Medium,45.0,No,Low,3,18.0,H006,23.0,75.9,300.0,Poor,4,2.7,6
S02030,P90872,42,Female,Cardiac,180,General,Medium,354.0,No,Medium,21,12.0,H012,22.0,60.9,836.0,Good,4,10.4,22
S02031,P41879,58,Female,General,112,General,Low,,No,Low,11,21.0,H010,23.9,81.6,624.0,Moderate,3,11.7,13
S02032,P58407,30,Male,General,77,General,Medium,91.0,No,Medium,6,12.0,H008,20.1,60.4,675.0,Poor,4,4.4,9
S02033,P75701,24,Female,ENT,99,Regional,Medium,138.0,No,Low,5,6.0,H001,17.3,42.2,779.0,Good,4,5.7,9
S02034,P92435,66,Male,General,77,General,Medium,112.0,No,Medium,6,4.0,H018,23.1,64.3,561.0,Good,4,15.9,10
S02035,P81751,89,Male,Ophthalmic,70,Sedation,High,210.0,No,High,6,6.0,H008,22.7,61.1,846.0,Poor,1,9.6,7
S02036,P47366,78,Male,Neurological,176,Regional,High,267.0,No,High,23,13.0,H018,21.3,85.6,828.0,Poor,3,16.1,26
S02037,P80861,60,Female,Urological,81,General,Medium,89.0,No,Medium,13,8.0,H014,23.8,47.7,,Good,3,9.4,17
S02038,P63784,20,Female,Cardiac,242,Sedation,Low,295.0,No,Medium,22,4.0,H016,18.8,30.2,321.0,Moderate,4,6.8,22
S02039,P51035,89,Male,Gynecological,86,Sedation,Low,134.0,No,Low,11,10.0,H009,21.8,51.2,734.0,Poor,1,8.8,15
S02040,P52450,50,Male,Orthopedic,83,Local,Medium,136.0,No,Low,13,25.0,H003,23.5,67.6,742.0,Good,4,12.0,17
S02041,P78324,38,Male,ENT,92,Local,Low,118.0,No,Low,4,25.0,H005,22.5,42.4,339.0,Moderate,3,8.6,6
S02042,P11714,82,Male,ENT,117,Sedation,Medium,176.0,No,Medium,4,11.0,H013,22.9,60.1,539.0,Good,3,11.1,7
S02043,P95461,71,Female,General,139,Regional,Medium,289.0,No,High,5,16.0,H012,23.2,53.3,1037.0,Moderate,4,10.1,9
S02044,P27906,71,Male,General,73,Local,Medium,110.0,No,High,7,6.0,H002,25.1,68.2,860.0,Poor,1,13.4,9
S02045,P72531,37,Male,General,68,General,Low,108.0,No,Low,8,12.0,H017,23.0,45.6,898.0,Poor,1,10.9,8
S02046,P93506,89,Male,Cardiac,223,Regional,High,510.0,Yes,High,29,18.0,H001,22.9,68.3,804.0,Good,3,18.4,31
S02047,P28769,50,Female,Gynecological,94,Regional,Medium,121.0,No,Low,9,1.0,H009,19.7,46.0,795.0,Moderate,1,4.9,12
S02048,P63828,56,Male,Gynecological,98,General,Medium,124.0,No,Medium,10,25.0,H004,23.8,37.5,510.0,Good,4,9.5,14
S02049,P58317,72,Female,General,60,General,Medium,81.0,Yes,High,9,27.0,H004,28.2,40.6,,Moderate,4,14.3,9
S02050,P14191,65,Male,Orthopedic,75,General,Low,100.0,No,Low,16,28.0,H010,25.0,34.4,646.0,Moderate,3,10.5,18
S02051,P68140,30,Male,Ophthalmic,61,General,Medium,58.0,No,Medium,1,7.0,H007,17.9,50.5,821.0,Good,5,10.4,3
S02052,P97049,39,Female,Orthopedic,20,General,Low,30.0,No,Low,10,26.0,H009,24.5,55.4,393.0,Poor,1,11.0,10
S02053,P90327,44,Male,General,86,General,Medium,134.0,No,Medium,8,4.0,H018,21.9,70.4,699.0,Good,4,14.3,10
S02054,P93519,86,Female,Orthopedic,91,Local,Low,131.0,No,Medium,15,26.0,H015,25.9,48.1,543.0,Good,1,14.6,17
S02055,P53951,69,Male,Orthopedic,143,Regional,Low,225.0,Yes,High,16,4.0,H007,21.2,54.0,690.0,Poor,4,7.1,18
S02056,P74078,44,Female,Orthopedic,151,Regional,Low,238.0,Yes,Medium,20,11.0,H010,19.8,31.6,953.0,Moderate,2,7.4,21
S02057,P31350,70,Female,Neurological,212,General,Low,,No,Medium,19,28.0,H008,22.1,68.4,1284.0,Poor,2,12.5,20
S02058,P35483,71,Female,General,79,Local,High,175.0,No,High,15,15.0,H006,22.8,69.5,837.0,Good,2,15.9,15
S02059,P93791,46,Male,General,55,General,Medium,91.0,No,Low,6,7.0,H009,21.3,55.4,685.0,Good,2,8.1,7
S02060,P36547,47,Female,Gynecological,75,General,Low,76.0,No,Low,9,11.0,H003,23.9,54.1,789.0,Good,1,7.5,10
S02061,P75035,82,Female,Gynecological,108,Regional,Low,209.0,No,Medium,8,10.0,H005,25.1,49.1,591.0,Good,1,6.4,11
S02062,P87871,58,Male,Orthopedic,70,Sedation,Medium,79.0,No,Low,15,27.0,H011,20.1,66.3,423.0,Good,2,5.1,15
S02063,P66620,28,Male,Orthopedic,161,Sedation,Low,186.0,No,Medium,13,12.0,H014,25.7,45.5,738.0,Good,3,4.0,16
S02064,P15453,69,Female,General,80,Local,Low,124.0,No,Medium,9,3.0,H013,20.2,48.8,692.0,Good,5,11.7,11
S02065,P95557,60,Male,Gynecological,115,Local,Low,190.0,No,Medium,8,5.0,H019,21.6,42.6,300.0,Good,4,13.9,12
S02066,P31362,54,Female,General,36,Regional,Medium,62.0,No,Low,8,17.0,H005,27.1,48.5,651.0,Moderate,4,7.0,9
S02067,P99203,70,Female,Cardiac,212,Regional,High,403.0,No,High,23,1.0,H003,25.3,54.0,1070.0,Poor,4,13.3,27
S02068,P24975,83,Male,Urological,22,General,Low,29.0,No,Low,2,8.0,H013,20.7,42.4,698.0,Moderate,2,6.7,5
S02069,P41135,41,Female,Orthopedic,150,General,High,279.0,Yes,High,23,18.0,H011,23.4,49.6,904.0,Good,3,8.7,26
S02070,P74468,48,Female,General,85,Sedation,High,169.0,No,Low,4,25.0,H017,23.4,38.5,309.0,Good,4,8.9,5
S02071,P14790,31,Male,Orthopedic,137,Sedation,High,262.0,Yes,High,21,3.0,H003,23.4,41.8,1104.0,Poor,4,7.6,22
S02072,P44357,64,Female,Gynecological,101,General,Medium,153.0,No,Medium,9,10.0,H005,25.3,54.8,605.0,Moderate,4,15.8,13
S02073,P91098,46,Male,General,104,General,High,190.0,No,Medium,9,,H008,21.4,42.5,580.0,Good,1,10.3,13
S02074,P92434,42,Male,Gynecological,89,General,Medium,124.0,No,Low,10,26.0,H016,20.7,69.3,601.0,Good,3,5.1,14
S02075,P58788,68,Female,Orthopedic,113,Regional,High,,Yes,High,22,23.0,H004,,74.8,1006.0,Good,4,12.5,26
S02076,P82261,47,Male,General,87,General,Low,152.0,No,Low,8,27.0,H019,20.3,50.8,808.0,Good,4,8.2,8
S02077,P81432,51,Female,Orthopedic,132,Regional,Medium,209.0,No,Medium,13,19.0,H003,22.7,61.1,761.0,Moderate,2,1.0,17
S02078,P98618,49,Male,Gynecological,112,General,Medium,90.0,No,Medium,17,5.0,H018,20.3,71.9,787.0,Good,4,11.9,20
S02079,P48928,36,Male,Orthopedic,204,General,Low,354.0,No,Low,12,28.0,H013,22.6,44.1,753.0,Poor,2,5.6,15
S02080,P36909,27,Male,Orthopedic,170,General,Low,252.0,No,Medium,10,22.0,H003,22.3,57.4,597.0,Moderate,3,14.1,14
S02081,P88973,77,Female,Gynecological,46,Local,Low,56.0,Yes,High,10,20.0,H019,21.4,74.5,756.0,Moderate,5,15.6,13
S02082,P52742,24,Female,Orthopedic,115,General,Low,137.0,No,Low,15,11.0,H001,20.7,63.7,892.0,Good,3,7.7,17
S02083,P63925,41,Female,Cardiac,227,Regional,Low,293.0,No,Low,16,24.0,H008,21.0,40.7,893.0,Good,4,10.3,17
S02084,P69382,66,Female,Urological,118,Regional,Low,144.0,No,Low,4,12.0,H014,21.6,77.6,300.0,Good,1,6.1,6
S02085,P82099,27,Female,Urological,70,Local,Low,88.0,No,Low,3,10.0,H007,21.7,33.8,500.0,Poor,1,7.1,6
S02086,P97725,65,Female,Urological,93,General,Medium,186.0,No,Medium,9,8.0,H008,24.5,,874.0,Good,1,20.0,9
S02087,P43198,70,Male,Neurological,109,Local,Low,175.0,No,Low,21,20.0,H006,24.0,70.7,676.0,Good,3,9.9,23
S02088,P41018,65,Female,General,44,General,Low,92.0,No,Low,4,18.0,H004,20.4,,570.0,Moderate,1,10.5,7
S02089,P89166,39,Female,Urological,142,Regional,Low,222.0,No,Medium,9,7.0,H012,24.1,50.6,580.0,Moderate,2,11.4,10
S02090,P39415,19,Female,Orthopedic,121,Regional,Low,202.0,No,Low,6,10.0,H009,24.7,59.7,498.0,Good,2,5.3,7
S02091,P68486,81,Male,Gynecological,70,Sedation,Low,86.0,No,Medium,7,7.0,H016,24.7,48.4,550.0,Good,4,9.0,11
S02092,P66407,41,Male,Orthopedic,127,Sedation,High,234.0,No,High,18,22.0,H011,24.6,42.7,1103.0,Poor,3,8.2,19
S02093,P49472,75,Female,Ophthalmic,28,Local,Low,41.0,No,Low,2,10.0,H010,21.9,44.6,448.0,Good,3,3.5,5
S02094,P69874,32,Male,General,81,Sedation,Low,136.0,No,Low,9,23.0,H004,19.2,41.6,626.0,Good,4,8.1,9
S02095,P74842,29,Male,General,46,General,Medium,68.0,No,Medium,1,7.0,H005,20.8,43.8,771.0,Moderate,2,4.1,2
S02096,P27005,74,Female,General,66,Regional,High,155.0,No,High,7,12.0,H001,18.6,54.4,794.0,Moderate,2,13.8,8
S02097,P26820,85,Male,Orthopedic,107,General,Low,170.0,No,Medium,15,1.0,H019,24.8,,658.0,Good,4,9.8,17
S02098,P50902,79,Male,Neurological,213,General,Low,300.0,No,High,19,1.0,H015,25.1,47.0,587.0,Moderate,1,8.9,22
S02099,P87493,72,Male,Gynecological,113,Regional,Medium,155.0,No,High,11,1.0,H006,22.2,58.4,694.0,Moderate,3,20.9,15
S02100,P43962,35,Male,General,109,Local,Low,141.0,No,Low,7,2.0,H009,20.8,56.7,535.0,Good,2,9.9,11
S02101,P52149,83,Female,General,89,Local,Low,162.0,No,Low,3,27.0,H011,19.2,53.6,479.0,Good,1,9.5,7
S02102,P47901,66,Female,Orthopedic,144,Local,High,252.0,No,High,14,8.0,H005,26.2,31.8,1120.0,Good,2,15.1,18
S02103,P81102,30,Female,Gynecological,73,Regional,High,166.0,No,Medium,19,16.0,H003,23.6,43.0,1076.0,Good,3,12.9,20
S02104,P22641,27,Female,Neurological,158,Sedation,Medium,229.0,No,High,14,28.0,H019,25.7,44.8,982.0,Good,4,12.0,18
S02105,P64357,80,Female,Orthopedic,132,Local,Low,240.0,No,Low,9,15.0,H007,18.5,64.4,903.0,Moderate,1,8.3,13
S02106,P68332,37,Male,ENT,61,Local,Medium,55.0,No,Low,7,12.0,H015,24.6,39.8,474.0,Good,3,9.5,9
S02107,P28467,73,Female,General,89,General,High,191.0,No,High,6,22.0,H013,22.7,29.3,789.0,Moderate,2,12.2,9
S02108,P26876,27,Male,General,85,Regional,High,145.0,Yes,High,20,22.0,H008,25.7,63.9,738.0,Good,4,17.8,20
S02109,P73576,38,Male,ENT,107,Local,Low,173.0,No,Low,13,3.0,H012,16.7,,623.0,Good,4,7.7,17
S02110,P12287,38,Female,Neurological,219,Sedation,Low,318.0,No,Low,17,28.0,H006,,80.2,422.0,Good,2,9.6,18
S02111,P29346,38,Female,ENT,51,General,Low,53.0,No,Low,5,4.0,H005,21.9,33.4,388.0,Good,4,9.1,9
S02112,P54638,66,Male,Gynecological,47,General,Medium,75.0,No,Medium,4,10.0,H014,21.7,47.7,300.0,Moderate,5,17.6,7
S02113,P10292,83,Female,General,68,General,Low,106.0,No,Low,10,28.0,H015,21.8,37.6,691.0,Moderate,4,12.7,10
S02114,P13473,83,Male,Cardiac,213,General,Low,304.0,Yes,High,19,17.0,H014,23.6,46.9,1048.0,Poor,7,13.9,21
S02115,P66733,71,Male,Orthopedic,144,Local,Low,211.0,No,High,9,17.0,H014,21.2,43.6,1251.0,Poor,5,3.6,11
S02116,P69946,32,Male,General,117,General,Low,181.0,No,Low,7,25.0,H017,19.5,36.8,754.0,Poor,3,1.7,9
S02117,P95908,87,Male,Orthopedic,89,General,High,214.0,No,High,18,14.0,H006,23.5,62.9,937.0,Moderate,3,14.4,22
S02118,P63491,57,Female,Orthopedic,97,Local,Low,136.0,No,Medium,9,18.0,H001,25.8,50.9,531.0,Good,3,9.7,12
S02119,P20265,57,Male,General,45,General,Low,81.0,No,Medium,5,16.0,H006,24.0,55.1,333.0,Good,5,9.3,7
S02120,P61005,68,Male,Gynecological,104,General,Medium,154.0,No,Medium,5,4.0,H012,22.2,67.6,514.0,Poor,1,12.7,8
S02121,P12237,73,Male,Orthopedic,118,Regional,Medium,222.0,No,High,13,9.0,H012,22.2,64.2,784.0,Moderate,1,17.9,14
S02122,P18568,86,Female,Gynecological,123,Regional,Medium,175.0,No,High,7,23.0,H006,28.0,64.3,508.0,Poor,2,22.6,10
S02123,P29506,59,Female,ENT,84,Sedation,Medium,109.0,Yes,High,8,10.0,H015,26.7,62.3,912.0,Moderate,4,14.6,9
S02124,P21147,61,Female,Gynecological,118,Local,Low,138.0,No,Low,11,27.0,H019,23.2,53.7,683.0,Poor,2,6.3,13
S02125,P97653,71,Male,Urological,33,Sedation,Low,49.0,No,Medium,8,28.0,H003,19.5,65.1,742.0,Good,2,8.7,12
S02126,P69883,36,Female,Gynecological,81,General,Low,102.0,No,Low,11,23.0,H001,22.5,36.3,783.0,Good,2,10.8,14
S02127,P62679,40,Female,Cardiac,268,Local,Medium,514.0,No,High,20,1.0,H014,20.6,49.0,622.0,Moderate,4,15.2,23
S02128,P12898,63,Male,Neurological,163,Regional,High,251.0,No,High,23,22.0,H010,28.0,52.8,767.0,Poor,2,9.4,26
S02129,P22564,22,Male,ENT,21,Local,Low,27.0,No,Low,4,,H013,20.3,50.5,368.0,Good,4,13.4,5
S02130,P20431,41,Male,Gynecological,124,Regional,Medium,207.0,Yes,High,13,22.0,H014,22.9,28.8,671.0,Poor,4,9.7,14
S02131,P66041,69,Male,Urological,62,General,Medium,115.0,No,Medium,9,19.0,H001,21.5,63.8,525.0,Good,2,9.1,13
S02132,P78738,88,Male,ENT,101,General,High,223.0,No,High,6,18.0,H015,24.8,75.6,551.0,Poor,4,9.2,9
S02133,P64965,55,Male,Cardiac,239,Local,Low,434.0,No,High,20,15.0,H004,24.6,73.9,1119.0,Poor,3,12.3,23
S02134,P25026,46,Male,Neurological,171,Local,Low,252.0,No,Low,21,8.0,H013,22.0,41.7,869.0,Moderate,3,5.7,25
S02135,P33550,49,Female,General,130,General,Medium,192.0,No,Medium,9,14.0,H019,22.2,62.5,587.0,Poor,5,8.2,13
S02136,P54615,67,Male,Orthopedic,80,Regional,Medium,168.0,No,Medium,13,27.0,H009,23.8,50.7,615.0,Poor,3,8.4,13
S02137,P49707,57,Male,General,133,Local,Medium,266.0,No,High,9,3.0,H007,20.5,62.3,1051.0,Poor,6,18.4,9
S02138,P18865,19,Female,Urological,60,Regional,High,152.0,No,High,7,4.0,H018,24.6,65.8,931.0,Good,1,14.4,7
S02139,P48698,56,Male,General,94,General,Low,172.0,No,Low,6,26.0,H008,22.3,66.1,712.0,Good,2,10.8,10
S02140,P31156,46,Male,Cardiac,245,Local,Medium,430.0,No,High,18,24.0,H011,21.8,52.0,646.0,Moderate,2,27.0,19
S02141,P27565,68,Male,Gynecological,87,Regional,Low,99.0,Yes,Medium,14,15.0,H004,22.6,45.8,708.0,Good,5,9.9,17
S02142,P89142,81,Male,Orthopedic,97,Local,Low,144.0,Yes,Medium,21,11.0,H010,22.3,70.7,802.0,Good,3,8.0,23
S02143,P21143,87,Male,Ophthalmic,48,Regional,Low,93.0,No,Medium,4,4.0,H002,16.5,53.5,653.0,Good,4,5.5,7
S02144,P77787,61,Male,Orthopedic,89,Local,Low,152.0,No,Low,15,20.0,H017,24.7,15.0,590.0,Good,3,3.1,18
S02145,P14687,44,Male,Urological,138,General,Low,204.0,No,Low,8,16.0,H012,24.4,55.3,300.0,Moderate,2,6.2,11
S02146,P26966,49,Female,General,75,Sedation,Medium,146.0,Yes,Medium,11,24.0,H009,20.1,38.4,648.0,Good,3,8.5,15
S02147,P89652,30,Female,General,124,General,High,249.0,No,High,13,11.0,H015,24.1,65.2,928.0,Moderate,5,10.9,13
S02148,P29310,85,Male,General,120,Local,Low,207.0,No,Low,2,24.0,H012,24.7,57.1,516.0,Good,1,13.2,3
S02149,P15336,79,Male,Cardiac,250,Local,Low,403.0,No,High,18,28.0,H008,25.7,32.0,509.0,Poor,6,15.2,21
S02150,P52639,79,Male,General,85,Regional,Low,141.0,No,Low,8,5.0,H007,22.8,59.2,876.0,Good,1,11.6,11
S02151,P32007,41,Female,Urological,85,Regional,Low,143.0,No,Medium,12,23.0,H002,23.0,,988.0,Good,3,,12
S02152,P66905,41,Female,Urological,97,General,Low,183.0,No,Low,6,18.0,H005,22.7,41.1,608.0,Poor,3,3.3,10
S02153,P59983,79,Male,Orthopedic,123,General,Medium,237.0,No,High,13,12.0,H008,21.0,71.4,810.0,Good,6,15.7,16
S02154,P62408,57,Male,Gynecological,52,Regional,High,120.0,No,High,9,7.0,H009,24.3,46.8,434.0,Poor,4,19.3,9
S02155,P13632,68,Male,Urological,25,General,Medium,40.0,No,Low,6,5.0,H019,24.0,35.3,,Moderate,4,4.9,8
S02156,P35618,53,Female,Urological,125,General,Medium,235.0,No,High,10,4.0,H007,24.2,56.0,905.0,Moderate,5,1.0,12
S02157,P13526,49,Female,General,20,Sedation,Medium,29.0,No,Medium,11,8.0,H010,,51.0,455.0,Moderate,5,5.4,15
S02158,P95205,63,Male,Orthopedic,125,General,Low,138.0,No,Medium,13,15.0,H001,20.8,50.7,970.0,Poor,3,12.2,15
S02159,P18444,76,Female,Ophthalmic,52,General,Low,63.0,No,Medium,1,16.0,H002,24.6,62.8,,Poor,3,9.7,2
S02160,P85162,42,Male,Neurological,184,General,Low,229.0,No,Low,18,29.0,H010,20.1,95.0,358.0,Good,1,7.6,18
S02161,P88601,76,Female,Neurological,145,Regional,Low,,No,Medium,13,22.0,H007,25.7,36.5,1102.0,Poor,3,11.3,13
S02162,P68644,35,Female,Gynecological,110,Regional,High,190.0,No,Medium,16,29.0,H013,20.9,29.2,1032.0,Poor,2,10.6,20
S02163,P82781,47,Male,Cardiac,246,Local,Low,444.0,No,High,17,22.0,H017,21.4,76.7,1175.0,Poor,3,10.5,18
S02164,P91715,83,Male,Urological,162,Regional,Low,229.0,No,Medium,8,17.0,H001,22.7,39.2,357.0,Good,1,7.4,11
S02165,P90872,86,Female,Orthopedic,123,General,Low,231.0,No,High,14,24.0,H004,23.5,65.4,1116.0,Poor,7,21.5,15
S02166,P36460,84,Male,Gynecological,140,Regional,Low,162.0,No,Low,11,23.0,H011,22.2,57.3,,Good,2,11.7,13
S02167,P78866,40,Female,ENT,25,General,High,84.0,Yes,High,13,24.0,H002,19.8,57.1,611.0,Poor,3,15.4,17
S02168,P36979,78,Male,ENT,100,Local,Low,153.0,No,Low,5,8.0,H006,22.8,53.3,300.0,Moderate,3,5.9,9
S02169,P21635,85,Female,Ophthalmic,66,General,Medium,115.0,Yes,High,9,22.0,H014,25.9,76.7,856.0,Moderate,3,13.5,10
S02170,P37810,88,Male,Ophthalmic,68,General,Low,125.0,No,Medium,5,7.0,H001,22.3,47.2,794.0,Moderate,1,14.0,8
S02171,P94922,19,Male,Cardiac,248,Regional,Low,331.0,No,Medium,26,10.0,H012,19.0,69.4,914.0,Moderate,1,10.7,29
S02172,P24436,71,Male,ENT,121,General,Low,217.0,No,High,1,21.0,H002,23.9,39.5,328.0,Poor,5,15.8,4
S02173,P62424,89,Male,Ophthalmic,67,Regional,High,116.0,No,High,1,15.0,H015,21.7,59.2,1334.0,Poor,5,13.8,3
S02174,P22594,73,Male,General,66,Regional,Low,116.0,No,Low,2,23.0,H014,18.1,55.8,300.0,Moderate,2,11.4,5
S02175,P52524,34,Female,General,71,Sedation,Medium,77.0,No,Low,1,21.0,H002,20.9,49.1,773.0,Good,3,8.1,3
S02176,P91832,72,Male,Orthopedic,144,General,Low,235.0,No,Medium,10,22.0,H011,26.0,63.8,681.0,Poor,5,7.4,13
S02177,P95571,25,Male,General,103,Regional,Medium,189.0,No,Medium,3,5.0,H009,22.6,59.3,1018.0,Moderate,1,9.7,6
S02178,P87196,52,Male,Gynecological,54,Local,Medium,95.0,No,High,8,4.0,H019,25.2,,865.0,Moderate,2,7.8,12
S02179,P85179,63,Male,General,105,General,Medium,105.0,No,Medium,9,8.0,H001,22.8,45.5,597.0,Moderate,1,12.5,11
S02180,P59400,50,Female,General,57,Regional,Low,77.0,No,Low,8,11.0,H013,23.2,38.0,736.0,Good,3,2.7,10
S02181,P13178,68,Female,General,103,Local,Low,176.0,No,Low,5,24.0,H011,19.1,37.7,442.0,Good,4,6.2,5
S02182,P69454,35,Male,Orthopedic,95,Local,High,212.0,No,High,15,2.0,H019,28.0,45.5,887.0,Poor,3,17.2,15
S02183,P50361,61,Female,ENT,61,Sedation,Medium,96.0,No,Medium,11,16.0,H014,22.3,30.7,361.0,Poor,2,12.4,15
S02184,P31465,64,Female,Cardiac,223,Local,Low,187.0,No,Low,22,23.0,H006,23.8,72.4,746.0,Good,2,9.2,24
S02185,P73360,63,Female,Orthopedic,165,General,Low,,No,Medium,14,11.0,H003,21.5,50.1,931.0,Moderate,4,16.4,14
S02186,P12057,38,Male,Orthopedic,132,Sedation,Low,252.0,No,Low,14,10.0,H012,18.1,49.9,691.0,Good,1,7.3,17
S02187,P23782,39,Male,Urological,117,General,Low,181.0,No,Low,7,6.0,H017,21.8,36.2,644.0,Good,3,10.2,8
S02188,P49742,36,Male,Urological,166,Regional,Low,260.0,No,Low,14,13.0,H011,19.8,74.5,540.0,Moderate,1,2.0,17
S02189,P26462,51,Female,Orthopedic,121,Local,Low,199.0,No,Low,13,18.0,H012,24.3,46.9,1081.0,Good,2,7.9,17
S02190,P70257,60,Female,Orthopedic,165,Local,Low,319.0,No,Medium,14,17.0,H010,19.5,,752.0,Moderate,3,11.3,15
S02191,P81932,44,Male,General,69,Sedation,Medium,108.0,No,Medium,2,25.0,H008,23.0,47.5,429.0,Moderate,3,7.5,3
S02192,P71186,47,Male,Orthopedic,157,General,High,276.0,No,High,15,1.0,H018,24.7,57.9,928.0,Poor,2,18.1,19
S02193,P21500,38,Female,Gynecological,75,Local,Medium,121.0,No,Medium,8,9.0,H004,23.0,49.5,578.0,Good,2,17.3,9
S02194,P64383,33,Female,Orthopedic,119,General,Medium,178.0,No,Medium,15,11.0,H011,21.4,41.4,1040.0,Poor,4,7.3,19
S02195,P94426,65,Male,General,106,Local,Medium,159.0,No,Medium,4,12.0,H017,19.2,58.6,673.0,Good,3,3.4,4
S02196,P93282,76,Female,Neurological,200,Local,Low,194.0,No,High,18,22.0,H006,22.2,44.7,462.0,Moderate,6,12.0,20
S02197,P24677,38,Male,General,51,General,Medium,84.0,Yes,High,10,3.0,H009,21.5,71.5,1290.0,Moderate,3,12.3,12
S02198,P28839,79,Male,General,63,Local,Low,116.0,No,High,3,9.0,H014,21.8,45.4,919.0,Moderate,4,11.1,3
S02199,P25817,59,Female,Orthopedic,138,Regional,Low,249.0,No,Medium,10,2.0,H003,22.6,59.3,655.0,Good,3,6.4,12
S02200,P33725,30,Female,Cardiac,228,Regional,Medium,407.0,No,High,20,17.0,H006,21.4,46.4,1409.0,Poor,4,14.6,24
S02201,P91638,44,Female,Orthopedic,78,Sedation,Low,115.0,No,Low,14,28.0,H014,19.4,41.3,594.0,Good,3,11.9,17
S02202,P17166,18,Male,Orthopedic,117,Regional,Medium,180.0,No,Low,13,29.0,H002,19.2,55.8,489.0,Good,1,3.2,15
S02203,P60295,20,Male,ENT,66,Regional,Medium,122.0,No,Low,2,2.0,H008,18.8,64.2,791.0,Good,3,11.0,5
S02204,P94276,42,Male,Cardiac,245,General,Low,431.0,No,High,20,4.0,H012,25.1,85.6,1180.0,Moderate,6,14.3,23
S02205,P84258,50,Male,Cardiac,255,General,Low,496.0,No,Medium,20,17.0,H017,21.4,56.2,873.0,Moderate,4,11.3,23
S02206,P50918,75,Male,Orthopedic,133,General,Medium,172.0,No,High,10,8.0,H003,26.5,54.1,1192.0,Moderate,4,19.7,14
S02207,P58165,27,Male,Gynecological,76,General,Medium,98.0,No,Low,10,7.0,H011,21.8,38.4,300.0,Good,2,5.5,11
S02208,P46151,78,Male,Ophthalmic,47,General,Medium,65.0,Yes,High,13,20.0,H014,23.0,38.2,1115.0,Poor,6,12.2,16
S02209,P70050,34,Male,Urological,107,Regional,Low,130.0,Yes,Low,12,9.0,H008,23.3,57.4,616.0,Good,1,5.1,14
S02210,P98707,27,Male,General,73,Regional,Medium,80.0,No,Low,2,18.0,H009,19.1,47.0,627.0,Good,2,9.0,3
S02211,P62456,68,Female,Urological,68,General,Low,111.0,No,Medium,12,2.0,H009,24.2,60.4,521.0,Moderate,4,8.4,13
S02212,P48496,73,Male,General,44,Regional,Low,71.0,No,Low,10,29.0,H017,22.8,45.2,516.0,Good,2,,13
S02213,P91209,61,Female,Urological,79,Sedation,Medium,124.0,No,High,12,3.0,H012,25.7,52.3,813.0,Moderate,3,12.5,13
S02214,P40135,26,Female,Urological,90,General,Low,144.0,No,Medium,7,2.0,H008,20.6,55.5,823.0,Moderate,4,13.6,10
S02215,P15730,26,Female,Orthopedic,60,Regional,Low,63.0,No,Low,11,13.0,H001,22.1,70.5,300.0,Good,2,9.8,12
S02216,P28781,46,Male,General,57,General,Low,77.0,No,Low,4,26.0,H008,22.9,35.6,744.0,Moderate,2,8.6,8
S02217,P68836,50,Male,Cardiac,197,Regional,Medium,278.0,No,Medium,24,19.0,H016,19.4,29.1,916.0,Good,5,15.1,27
S02218,P49589,89,Female,Orthopedic,143,Local,High,266.0,No,High,21,15.0,H009,25.1,61.6,803.0,Moderate,3,10.5,23
S02219,P90378,38,Male,Urological,22,General,High,73.0,No,High,8,9.0,H008,27.9,51.7,980.0,Good,1,19.6,10
S02220,P71708,31,Male,Orthopedic,117,General,Low,142.0,No,Medium,6,7.0,H014,22.6,63.2,888.0,Good,4,7.1,10
S02221,P61679,86,Male,Gynecological,121,Local,Low,165.0,No,Medium,9,19.0,H019,25.2,53.7,662.0,Moderate,1,7.6,9
S02222,P92267,29,Female,ENT,75,General,Medium,136.0,No,Medium,2,15.0,H003,23.2,68.9,1119.0,Poor,2,5.2,6
S02223,P76986,19,Male,General,76,Local,Low,119.0,No,Low,4,18.0,H018,22.5,62.9,601.0,Good,4,7.8,4
S02224,P27213,48,Female,Neurological,190,Regional,Low,343.0,No,Low,17,12.0,H007,20.6,51.3,795.0,Good,3,9.7,17
S02225,P73820,46,Male,General,121,General,Low,177.0,No,Medium,8,9.0,H012,22.3,51.6,515.0,Good,3,13.0,12
S02226,P72308,62,Male,Urological,76,Local,Medium,114.0,No,Medium,5,6.0,H006,20.5,50.5,745.0,Moderate,3,8.6,6
S02227,P94298,81,Female,Cardiac,172,Regional,Medium,283.0,No,High,21,9.0,H001,26.7,44.3,1204.0,Poor,5,20.1,24
S02228,P10596,85,Male,Cardiac,274,General,Low,396.0,No,High,20,7.0,H008,22.7,64.3,947.0,Poor,1,15.0,22
S02229,P24590,38,Female,General,102,Sedation,Low,133.0,No,Low,1,15.0,H017,25.5,66.4,488.0,Moderate,3,10.9,1
S02230,P82078,88,Male,Ophthalmic,59,Regional,Medium,62.0,No,Medium,4,9.0,H018,23.2,41.3,777.0,Good,3,5.1,5
S02231,P96612,63,Male,Cardiac,180,Local,Medium,237.0,No,Medium,19,24.0,H008,22.9,52.0,705.0,Good,4,9.4,23
S02232,P35212,23,Female,Neurological,171,General,Low,299.0,No,Medium,14,17.0,H012,18.8,54.6,539.0,Good,4,6.5,17
S02233,P96347,85,Male,ENT,43,General,Low,80.0,No,Medium,2,9.0,H015,23.8,66.4,629.0,Poor,3,12.8,3
S02234,P13529,27,Male,Orthopedic,83,Local,High,155.0,Yes,High,22,3.0,H010,22.9,54.6,936.0,Poor,3,21.8,23
S02235,P73223,60,Female,Orthopedic,115,Regional,Medium,112.0,No,Medium,14,4.0,H016,21.1,53.9,300.0,Moderate,2,5.6,16
S02236,P45481,74,Female,General,73,General,Medium,129.0,No,High,8,3.0,H003,23.6,51.3,991.0,Poor,5,14.2,10
S02237,P67636,35,Female,Orthopedic,105,Local,Medium,159.0,No,Medium,15,10.0,H018,19.5,45.7,540.0,Good,2,9.8,18
S02238,P90325,37,Male,Orthopedic,142,Regional,High,205.0,No,High,13,10.0,H011,22.7,45.0,694.0,Moderate,7,13.0,14
S02239,P61334,52,Male,General,97,General,Low,54.0,No,Medium,1,2.0,H003,21.6,,432.0,Moderate,2,6.9,1
S02240,P30954,81,Female,Gynecological,85,Local,Low,102.0,No,Medium,10,21.0,H016,19.3,40.8,688.0,Poor,4,12.1,14
S02241,P95810,34,Male,General,71,Regional,Low,96.0,No,Low,8,16.0,H018,23.0,48.4,959.0,Moderate,3,10.2,11
S02242,P35856,65,Male,Neurological,166,Regional,Medium,191.0,No,High,17,29.0,H007,29.0,52.3,787.0,Moderate,5,11.1,20
S02243,P55158,50,Female,General,82,Local,Low,140.0,No,Low,8,26.0,H009,19.2,35.7,466.0,Good,3,6.6,12
S02244,P25099,26,Male,General,107,Regional,Low,134.0,No,Low,3,,H018,21.8,46.8,525.0,Moderate,4,9.1,6
S02245,P88749,69,Male,Urological,48,Sedation,Low,72.0,No,Low,6,21.0,H011,25.3,72.4,300.0,Good,4,5.0,9
S02246,P98344,77,Male,Urological,123,Local,Medium,272.0,Yes,High,10,29.0,H007,22.0,56.1,565.0,Poor,1,11.1,14
S02247,P44429,59,Male,Gynecological,117,General,Medium,179.0,No,Medium,12,24.0,H013,24.7,44.0,772.0,Good,2,18.3,14
S02248,P48942,30,Female,Ophthalmic,20,Regional,Low,29.0,No,Low,1,20.0,H004,22.8,47.3,479.0,Good,4,5.7,4
S02249,P51817,29,Female,Urological,82,Sedation,Low,120.0,No,Low,14,5.0,H007,23.3,41.3,957.0,Poor,2,10.6,16
S02250,P95302,48,Male,Orthopedic,151,Local,Medium,256.0,No,Medium,12,27.0,H016,27.5,30.5,504.0,Good,5,10.3,12
S02251,P64997,54,Male,ENT,81,General,Low,134.0,No,Low,7,24.0,H002,18.4,71.7,969.0,Good,2,9.8,7
S02252,P18268,57,Female,Ophthalmic,47,General,Medium,56.0,Yes,High,6,16.0,H011,25.3,42.0,560.0,Poor,4,,10
S02253,P77871,35,Male,Neurological,178,General,Low,245.0,No,Medium,22,27.0,H013,21.3,34.4,673.0,Good,1,7.0,25
S02254,P50375,54,Male,Orthopedic,125,Local,High,212.0,No,High,20,14.0,H010,24.7,70.2,739.0,Poor,4,15.2,24
S02255,P16072,39,Female,General,113,Sedation,Low,159.0,No,Low,6,16.0,H008,22.1,25.4,750.0,Good,1,4.4,8
S02256,P52686,67,Female,General,47,Local,Medium,96.0,No,Low,7,23.0,H018,21.4,59.3,466.0,Good,1,5.2,11
S02257,P15766,75,Male,Gynecological,81,General,Low,136.0,No,Low,13,21.0,H016,19.8,60.3,489.0,Moderate,3,12.1,13
S02258,P33032,64,Female,General,139,Local,Low,205.0,No,Medium,7,16.0,H016,20.5,44.1,641.0,Good,2,7.1,8
S02259,P76408,18,Male,Orthopedic,120,General,Medium,224.0,No,Medium,11,23.0,H002,26.9,53.9,1219.0,Moderate,2,7.1,15
S02260,P54759,89,Female,Cardiac,285,General,Medium,443.0,No,High,21,27.0,H019,18.7,61.9,1200.0,Good,7,13.2,21
S02261,P49262,19,Male,Ophthalmic,149,General,Medium,150.0,No,Low,1,19.0,H010,24.5,40.3,504.0,Good,2,16.7,5
S02262,P41549,89,Male,Orthopedic,105,Regional,Medium,209.0,No,Medium,14,26.0,H014,20.0,46.0,455.0,Good,2,6.7,16
S02263,P89161,20,Female,Gynecological,64,Regional,Medium,92.0,No,Medium,7,12.0,H008,22.5,48.7,513.0,Poor,3,10.1,7
S02264,P32191,55,Male,Cardiac,232,General,High,,No,High,25,16.0,H012,26.6,53.1,435.0,Moderate,4,9.1,28
S02265,P94874,25,Male,General,122,General,Low,124.0,No,Low,1,19.0,H014,,56.9,803.0,Good,3,10.1,3
S02266,P42878,24,Male,General,127,Local,High,283.0,Yes,High,11,17.0,H011,19.5,60.0,725.0,Poor,6,12.6,15
S02267,P45205,67,Female,Cardiac,308,General,Low,315.0,No,Medium,18,6.0,H011,21.7,63.4,939.0,Moderate,5,6.1,18
S02268,P67165,70,Female,Gynecological,98,Regional,Low,186.0,Yes,Medium,14,14.0,H007,21.9,46.6,926.0,Moderate,4,13.4,14
S02269,P78881,26,Male,Gynecological,114,General,Medium,173.0,No,Medium,5,4.0,H019,24.1,56.9,682.0,Moderate,5,13.0,8
S02270,P52133,88,Female,Orthopedic,98,General,Low,167.0,No,Low,11,20.0,H004,22.1,60.6,300.0,Moderate,4,5.6,13
S02271,P67317,41,Female,Neurological,104,General,Low,147.0,No,Low,20,24.0,H008,21.7,26.2,753.0,Good,3,7.3,21
S02272,P46834,40,Male,Gynecological,98,Local,Low,162.0,No,Low,12,,H016,25.4,54.5,346.0,Good,1,9.4,12
S02273,P79846,39,Male,Gynecological,65,Regional,Medium,103.0,No,Low,2,26.0,H010,25.2,41.7,599.0,Good,3,8.0,5
S02274,P86819,51,Male,General,109,General,Medium,162.0,Yes,Medium,10,19.0,H001,24.2,48.6,1004.0,Good,4,9.3,14
S02275,P87888,30,Male,Urological,23,Local,Low,27.0,No,Low,11,11.0,H002,20.7,53.8,300.0,Good,3,14.2,11
S02276,P68042,48,Male,Orthopedic,97,General,Low,155.0,No,Low,15,2.0,H017,16.7,51.5,542.0,Moderate,1,9.6,17
S02277,P35080,33,Male,Orthopedic,128,Local,Low,122.0,No,Medium,15,1.0,H019,20.1,48.5,492.0,Good,5,12.4,19
S02278,P67326,21,Male,Gynecological,111,General,Low,197.0,No,Low,11,28.0,H005,18.9,57.9,505.0,Good,3,6.9,12
S02279,P66166,44,Male,Gynecological,98,Sedation,Low,152.0,No,Low,7,23.0,H005,21.9,52.2,315.0,Moderate,1,13.2,10
S02280,P30008,66,Female,Urological,136,General,Low,222.0,No,Low,8,10.0,H005,23.9,40.9,1015.0,Poor,4,9.1,11
S02281,P86894,72,Male,Orthopedic,167,Regional,Medium,119.0,No,Medium,15,28.0,H018,27.1,62.6,710.0,Good,4,7.7,19
S02282,P77504,43,Female,General,69,Regional,Medium,80.0,No,Medium,7,8.0,H001,25.8,70.0,300.0,Moderate,2,10.9,11
S02283,P49789,41,Female,Gynecological,148,Regional,Low,199.0,No,Low,8,23.0,H002,20.6,50.2,673.0,Good,2,7.9,10
S02284,P13319,74,Female,Cardiac,292,Local,Low,497.0,No,High,20,7.0,H007,23.7,48.7,1084.0,Moderate,5,15.5,24
S02285,P74901,67,Female,General,86,General,Low,104.0,No,Low,3,21.0,H019,22.8,40.7,585.0,Good,1,12.9,5
S02286,P29223,77,Female,General,91,General,Low,206.0,No,High,8,3.0,H002,20.7,86.1,1305.0,Poor,4,11.6,10
S02287,P77496,83,Male,Cardiac,238,Local,Low,338.0,No,High,16,20.0,H007,21.9,64.9,544.0,Good,4,19.6,20
S02288,P47152,77,Female,Neurological,160,Local,High,241.0,No,High,18,14.0,H004,24.6,61.5,943.0,Moderate,1,11.2,19
S02289,P74341,85,Male,Cardiac,223,Regional,Medium,321.0,No,High,23,17.0,H007,29.0,70.6,743.0,Good,2,8.7,25
S02290,P90024,47,Female,Ophthalmic,99,Regional,Low,120.0,No,Low,3,2.0,H014,22.8,16.9,420.0,Good,4,11.7,4
S02291,P18128,46,Male,Cardiac,253,Local,Low,289.0,No,Medium,19,11.0,H004,19.0,42.4,929.0,Moderate,1,11.4,23
S02292,P12523,41,Male,Orthopedic,103,Local,Medium,185.0,No,Medium,8,5.0,H008,21.2,,829.0,Moderate,2,7.7,12
S02293,P70728,34,Male,Orthopedic,92,Local,High,202.0,No,High,16,18.0,H004,25.0,19.5,1234.0,Good,3,15.7,19
S02294,P50037,71,Female,Orthopedic,97,Local,Low,160.0,No,Medium,12,1.0,H001,21.9,35.2,875.0,Good,4,10.5,13
S02295,P72843,69,Male,Orthopedic,115,General,Medium,216.0,No,Medium,15,27.0,H010,22.1,51.2,741.0,Poor,3,13.4,16
S02296,P20783,75,Male,General,117,Regional,Low,192.0,No,Medium,5,6.0,H007,24.9,42.6,427.0,Good,2,6.6,8
S02297,P88201,30,Male,Orthopedic,94,Regional,Medium,110.0,No,Medium,8,16.0,H015,24.7,46.3,348.0,Good,4,4.5,11
S02298,P30704,53,Male,Cardiac,267,General,Low,457.0,No,Medium,16,29.0,H001,26.1,32.7,382.0,Good,3,13.1,17
S02299,P21976,33,Female,Orthopedic,125,Local,Medium,145.0,No,Medium,12,12.0,H001,22.8,,663.0,Poor,5,10.3,13
S02300,P46481,82,Female,General,94,Regional,Low,127.0,No,Medium,7,16.0,H018,21.3,55.8,757.0,Poor,4,11.6,7
S02301,P83657,37,Male,Orthopedic,150,General,Medium,222.0,No,High,10,28.0,H009,22.3,60.0,1144.0,Poor,6,16.1,12
S02302,P18862,28,Male,General,115,Regional,Medium,167.0,No,Medium,4,2.0,H017,24.4,42.4,748.0,Good,1,9.2,4
S02303,P55041,59,Male,Gynecological,57,General,Medium,54.0,No,Medium,12,17.0,H003,21.2,62.6,580.0,Moderate,3,16.4,14
S02304,P84653,81,Male,Gynecological,67,General,Medium,81.0,No,High,13,17.0,H007,19.9,53.8,1207.0,Moderate,4,17.4,17
S02305,P56521,83,Female,Cardiac,233,Regional,Low,347.0,No,High,21,21.0,H014,24.7,73.9,,Poor,4,17.0,23
S02306,P17462,24,Female,Urological,90,Local,Medium,118.0,No,Medium,7,18.0,H005,23.6,51.0,534.0,Good,1,4.2,7
S02307,P28131,41,Male,Gynecological,140,Regional,Low,257.0,No,Medium,8,14.0,H005,21.9,49.4,690.0,Moderate,5,11.3,11
S02308,P62680,29,Female,Orthopedic,121,General,Medium,228.0,No,Medium,15,16.0,H003,26.1,54.1,813.0,Moderate,3,17.2,18
S02309,P68470,40,Male,General,141,Regional,Low,164.0,No,Medium,6,9.0,H007,21.6,55.6,1047.0,Good,2,11.8,6
S02310,P24694,56,Female,Gynecological,78,General,Low,118.0,No,Low,12,10.0,H014,24.8,65.1,720.0,Moderate,4,1.4,16
S02311,P45132,38,Male,Cardiac,223,Sedation,Low,440.0,No,High,23,28.0,H006,21.1,57.4,679.0,Poor,6,18.7,24
S02312,P19586,22,Female,Neurological,170,General,High,298.0,No,Medium,22,20.0,H003,23.1,63.0,521.0,Good,2,11.7,26
S02313,P61668,54,Male,General,65,Local,Medium,89.0,No,Low,5,20.0,H012,20.4,56.8,383.0,Good,2,8.2,9
S02314,P51644,21,Female,Orthopedic,154,General,Low,270.0,No,Medium,12,5.0,H013,22.3,29.9,501.0,Moderate,2,6.9,13
S02315,P68832,34,Male,ENT,20,General,Medium,28.0,No,Low,1,12.0,H008,23.5,32.8,497.0,Good,2,5.7,5
S02316,P41087,18,Male,Orthopedic,104,Regional,Low,195.0,No,Low,13,7.0,H005,20.9,52.6,343.0,Moderate,1,9.4,15
S02317,P98826,24,Male,Orthopedic,154,Local,Low,203.0,No,Low,13,28.0,H014,20.6,38.5,743.0,Good,1,6.7,15
S02318,P14069,49,Male,Orthopedic,110,Sedation,Low,149.0,No,Low,9,29.0,H014,21.6,46.8,530.0,Good,1,14.2,12
S02319,P31789,79,Female,Neurological,212,Regional,Medium,368.0,No,High,25,10.0,H012,31.6,,1006.0,Moderate,5,11.0,29
S02320,P15841,73,Female,Ophthalmic,125,General,High,241.0,Yes,High,12,13.0,H008,24.0,84.6,618.0,Moderate,4,12.1,15
S02321,P87031,25,Female,Urological,82,General,High,175.0,No,Medium,8,20.0,H010,22.8,56.0,960.0,Moderate,1,,12
S02322,P36926,20,Male,Ophthalmic,95,Regional,Low,88.0,Yes,Medium,14,5.0,H003,23.5,27.6,,Good,3,3.8,15
S02323,P12725,42,Female,General,162,General,Low,225.0,No,Low,5,17.0,H001,18.6,52.4,831.0,Moderate,4,4.6,6
S02324,P80454,64,Female,General,102,Sedation,Medium,179.0,No,Medium,9,7.0,H006,24.0,65.3,,Moderate,1,8.5,9
S02325,P90349,71,Male,Neurological,178,Regional,Low,225.0,No,High,18,16.0,H010,24.3,66.0,704.0,Moderate,4,21.0,22
S02326,P86624,77,Male,Orthopedic,147,Local,Medium,251.0,No,High,12,21.0,H014,19.4,68.0,1112.0,Moderate,4,10.7,12
S02327,P28819,42,Male,Ophthalmic,95,Local,High,200.0,No,Medium,4,22.0,H005,27.2,45.5,935.0,Moderate,2,6.4,4
S02328,P15972,30,Male,General,88,General,Low,126.0,Yes,Medium,16,4.0,H014,22.2,46.8,715.0,Poor,3,9.2,17
S02329,P36261,19,Female,General,75,General,Low,143.0,No,Low,9,9.0,H006,19.8,39.8,300.0,Poor,1,7.4,10
S02330,P25455,28,Female,General,141,Local,High,247.0,No,High,9,11.0,H012,25.1,56.5,788.0,Poor,5,17.2,12
S02331,P79042,22,Female,Urological,71,General,Medium,100.0,No,Medium,1,22.0,H003,19.9,47.7,992.0,Good,2,6.5,2
S02332,P40517,79,Male,Cardiac,275,Regional,High,445.0,No,High,24,10.0,H007,21.0,69.4,949.0,Moderate,4,18.2,24
S02333,P50295,37,Female,Gynecological,107,Local,Medium,163.0,No,Low,6,14.0,H004,21.5,84.6,662.0,Good,3,9.8,7
S02334,P68506,77,Female,Gynecological,154,General,Low,266.0,No,Medium,11,7.0,H013,22.0,51.3,590.0,Poor,4,9.5,14
S02335,P49905,57,Male,Urological,54,Local,Medium,57.0,No,Medium,5,11.0,H014,20.1,58.2,1029.0,Poor,3,14.9,8
S02336,P35664,56,Female,Orthopedic,94,General,Medium,165.0,Yes,High,17,14.0,H001,24.3,30.5,712.0,Good,2,14.7,17
S02337,P29506,50,Male,Orthopedic,145,Regional,High,270.0,No,High,15,7.0,H008,21.4,49.6,886.0,Poor,6,15.6,18
S02338,P29967,76,Male,General,56,General,Low,93.0,No,Medium,10,4.0,H012,22.3,77.0,788.0,Moderate,4,12.0,11
S02339,P21627,21,Male,Urological,83,Regional,Medium,184.0,Yes,Medium,7,5.0,H015,23.4,54.2,758.0,Moderate,4,13.6,9
S02340,P62943,24,Male,ENT,116,General,Low,156.0,No,Medium,7,14.0,H015,22.8,52.8,598.0,Moderate,2,3.6,9
S02341,P30522,48,Female,General,36,General,Low,,Yes,Low,13,5.0,H015,21.9,84.8,766.0,Moderate,2,4.5,15
S02342,P71328,46,Male,Cardiac,252,General,High,442.0,No,High,23,1.0,H003,19.1,71.7,873.0,Moderate,6,19.6,23
S02343,P42455,57,Male,Orthopedic,156,General,High,300.0,No,High,15,25.0,H013,23.1,72.2,768.0,Poor,6,12.9,16
S02344,P53874,71,Male,General,89,Regional,Medium,156.0,No,Medium,8,29.0,H016,20.3,56.7,737.0,Good,2,13.9,12
S02345,P85777,60,Male,Cardiac,212,General,High,333.0,No,High,22,15.0,H011,20.7,59.4,897.0,Moderate,3,14.2,22
S02346,P70161,36,Male,General,82,General,Low,102.0,No,Low,5,18.0,H018,23.8,75.7,972.0,Good,1,5.0,5
S02347,P36189,41,Male,Urological,54,General,Medium,56.0,Yes,Medium,13,5.0,H016,20.0,79.5,960.0,Moderate,2,13.5,13
S02348,P10369,72,Female,Neurological,182,General,Medium,198.0,No,High,23,3.0,H019,26.1,54.9,876.0,Good,5,16.4,25
S02349,P75488,32,Male,Neurological,171,General,Medium,235.0,No,High,13,3.0,H019,,36.8,929.0,Poor,3,6.0,13
S02350,P39506,54,Female,Orthopedic,104,General,Medium,152.0,No,Medium,15,6.0,H001,20.6,53.9,958.0,Poor,4,11.6,17
S02351,P16813,56,Male,Cardiac,253,Regional,Medium,536.0,No,High,20,4.0,H008,26.2,68.3,1089.0,Poor,3,12.4,23
S02352,P64853,72,Female,Gynecological,147,Local,High,195.0,No,High,12,22.0,H018,22.7,76.2,900.0,Poor,6,6.6,16
S02353,P82606,69,Female,Neurological,189,Regional,Low,302.0,No,Medium,13,23.0,H002,22.0,56.7,368.0,Moderate,3,5.4,13
S02354,P68584,51,Male,Orthopedic,160,General,Medium,205.0,No,Low,8,22.0,H002,20.5,45.8,427.0,Moderate,3,6.0,12
S02355,P84324,40,Male,Orthopedic,167,Local,Low,261.0,No,Medium,15,9.0,H006,23.4,71.6,766.0,Poor,3,6.8,18
S02356,P27500,44,Female,Orthopedic,102,Regional,Low,136.0,No,Low,10,11.0,H008,21.7,38.9,940.0,Poor,1,12.6,12
S02357,P86878,47,Male,Gynecological,108,Regional,Medium,195.0,No,Low,13,11.0,H012,20.6,47.2,840.0,Good,1,6.4,15
S02358,P39884,33,Female,General,77,General,Medium,139.0,No,Medium,3,5.0,H011,20.8,53.8,871.0,Moderate,2,1.9,4
S02359,P57174,63,Male,General,45,General,High,115.0,No,Medium,11,14.0,H014,23.6,56.8,904.0,Moderate,4,10.3,13
S02360,P30372,33,Male,General,100,Regional,Low,,No,Low,5,16.0,H005,20.7,65.4,300.0,Good,1,6.2,8
S02361,P65373,64,Male,Orthopedic,88,General,Low,152.0,No,Low,12,6.0,H010,25.4,56.4,669.0,Poor,3,5.8,12
S02362,P90865,72,Female,General,104,Regional,Medium,199.0,No,High,4,9.0,H007,24.9,55.4,1017.0,Moderate,4,12.0,4
S02363,P97704,87,Male,Orthopedic,73,General,High,158.0,No,High,18,14.0,H018,23.7,66.7,694.0,Moderate,5,7.1,20
S02364,P36644,26,Female,Ophthalmic,65,General,High,166.0,No,Medium,8,3.0,H018,22.5,86.6,1118.0,Poor,4,14.7,9
S02365,P46346,72,Female,Orthopedic,72,General,High,141.0,Yes,High,21,18.0,H016,22.2,48.6,976.0,Good,6,16.3,24
S02366,P89378,24,Male,General,110,General,Low,136.0,No,Low,8,11.0,H004,23.8,27.5,721.0,Good,4,8.1,9
S02367,P37994,42,Male,Orthopedic,108,General,High,282.0,No,High,17,21.0,H002,25.5,40.2,710.0,Moderate,4,15.2,20
S02368,P89526,30,Male,Urological,65,General,Low,76.0,No,Low,3,22.0,H011,23.1,53.6,661.0,Moderate,2,12.7,6
S02369,P58543,29,Male,Orthopedic,153,Regional,High,259.0,Yes,High,23,11.0,H014,24.1,73.7,948.0,Poor,6,10.4,26
S02370,P57312,30,Female,Ophthalmic,50,General,Medium,46.0,No,Low,2,11.0,H016,18.8,48.6,992.0,Good,4,8.6,5
S02371,P94246,21,Male,Orthopedic,123,Regional,Low,153.0,No,Low,6,16.0,H016,22.9,43.2,800.0,Good,2,9.1,9
S02372,P88372,77,Male,Urological,74,Sedation,Medium,88.0,No,High,6,2.0,H005,23.6,59.4,785.0,Poor,1,7.1,9
S02373,P92634,22,Female,Gynecological,115,Local,Medium,149.0,No,Low,4,6.0,H007,21.0,29.2,305.0,Good,1,9.7,8
S02374,P16900,46,Female,Cardiac,271,Regional,Low,430.0,No,High,17,4.0,H018,31.5,81.6,606.0,Poor,4,17.5,18
S02375,P20218,68,Male,Cardiac,265,General,Low,440.0,No,High,20,9.0,H014,20.6,58.0,519.0,Poor,4,16.0,20
S02376,P21354,89,Female,Neurological,165,Regional,Medium,197.0,No,High,17,18.0,H019,21.1,68.1,753.0,Poor,4,9.9,17
S02377,P58168,79,Male,Urological,116,Sedation,High,196.0,Yes,High,13,8.0,H005,22.1,73.4,,Good,5,13.7,16
S02378,P46604,27,Female,Urological,52,Regional,Medium,94.0,No,Low,9,16.0,H006,21.8,66.6,622.0,Good,4,8.4,13
S02379,P29779,89,Male,Orthopedic,97,General,Low,195.0,No,Low,13,21.0,H013,20.0,47.3,736.0,Good,3,6.8,16
S02380,P72260,65,Male,Neurological,176,Local,Medium,330.0,No,High,16,20.0,H009,24.3,52.1,1469.0,Moderate,2,14.8,17
S02381,P30269,30,Male,Cardiac,271,General,Low,272.0,No,Medium,21,16.0,H019,20.2,55.0,526.0,Moderate,3,8.9,21
S02382,P97348,50,Female,Orthopedic,84,Local,Low,155.0,No,Low,17,17.0,H001,22.6,48.4,415.0,Good,3,12.4,21
S02383,P42169,84,Female,General,116,General,Low,238.0,No,Medium,1,13.0,H012,22.6,,741.0,Moderate,3,13.2,1
S02384,P52017,46,Male,Neurological,178,General,Low,176.0,No,Low,21,15.0,H019,21.5,34.9,300.0,Good,4,4.0,23
S02385,P15276,31,Female,Cardiac,226,Local,Low,412.0,No,High,19,24.0,H011,23.9,59.6,866.0,Poor,5,10.1,19
S02386,P10664,81,Female,Urological,112,Regional,Low,175.0,No,Medium,5,14.0,H003,26.4,70.3,557.0,Poor,3,12.4,5
S02387,P24429,86,Male,Gynecological,75,Regional,Low,105.0,No,Low,8,,H002,23.2,71.0,351.0,Good,1,7.5,8
S02388,P26335,88,Female,Urological,148,Local,Medium,226.0,Yes,High,10,28.0,H009,24.3,53.6,680.0,Poor,3,11.4,11
S02389,P18492,86,Male,Orthopedic,114,Local,Low,186.0,Yes,Low,15,27.0,H015,22.8,71.1,500.0,Good,3,18.7,18
S02390,P49420,80,Female,Ophthalmic,64,Regional,Low,118.0,No,Low,5,26.0,H013,22.1,36.8,467.0,Good,3,13.6,5
S02391,P73205,50,Male,General,136,Sedation,Medium,249.0,No,Medium,7,24.0,H002,23.3,55.1,658.0,Good,4,11.1,8
S02392,P72097,31,Male,General,95,General,Medium,99.0,Yes,Medium,6,12.0,H013,21.8,72.8,943.0,Good,1,13.0,7
S02393,P82032,62,Male,Orthopedic,155,General,Medium,202.0,No,High,16,28.0,H018,28.6,64.6,1088.0,Moderate,1,,17
S02394,P62787,33,Male,Ophthalmic,20,Local,Low,30.0,No,Low,4,19.0,H013,22.4,66.9,684.0,Moderate,1,7.2,5
S02395,P22560,52,Female,General,76,General,Medium,149.0,No,Low,2,26.0,H005,,37.7,741.0,Good,3,11.0,2
S02396,P88848,65,Male,Urological,91,Local,Medium,62.0,No,High,8,1.0,H001,28.7,49.5,853.0,Good,3,15.7,8
S02397,P86034,86,Male,Gynecological,132,General,Medium,173.0,No,High,11,4.0,H011,22.1,54.5,1087.0,Poor,6,17.3,13
S02398,P33902,38,Male,Urological,103,General,Medium,107.0,Yes,Medium,8,1.0,H014,23.1,70.5,483.0,Good,1,7.9,10
S02399,P87633,36,Female,Gynecological,120,General,Low,130.0,No,Low,10,29.0,H017,22.7,47.2,723.0,Good,4,13.6,10
S02400,P58599,70,Female,Ophthalmic,91,Regional,Low,163.0,No,Medium,1,10.0,H015,23.9,56.2,1075.0,Moderate,2,7.1,1
S02401,P44704,18,Male,Cardiac,254,Local,Low,340.0,No,High,22,2.0,H009,22.8,61.7,1144.0,Good,5,11.0,22
S02402,P22982,58,Male,Cardiac,175,General,Low,139.0,No,Low,18,22.0,H011,24.4,54.3,784.0,Moderate,3,4.7,22
S02403,P94087,71,Male,Gynecological,143,General,High,257.0,Yes,High,21,23.0,H004,18.8,54.8,820.0,Moderate,4,14.6,21
S02404,P68071,57,Female,General,64,General,Low,135.0,No,Low,6,27.0,H014,20.8,36.6,605.0,Good,3,7.2,9
S02405,P49361,45,Female,General,99,General,Medium,94.0,No,Medium,5,17.0,H013,21.7,45.7,717.0,Poor,4,16.8,8
S02406,P78610,77,Female,Gynecological,105,Regional,High,224.0,No,High,10,20.0,H001,23.2,56.4,1192.0,Moderate,4,15.1,10
S02407,P79695,44,Female,General,91,Regional,Medium,179.0,No,Low,9,18.0,H006,18.5,47.6,465.0,Good,3,12.3,10
S02408,P56206,69,Male,Urological,46,General,Low,68.0,No,Medium,5,21.0,H004,23.9,61.9,667.0,Good,4,11.4,5
S02409,P29474,51,Female,Cardiac,181,General,High,426.0,No,High,27,15.0,H019,22.2,42.0,1181.0,Good,5,13.7,30
S02410,P50330,19,Male,Urological,49,Regional,Low,,No,Low,8,1.0,H002,20.7,45.0,623.0,Good,2,9.4,11
S02411,P64886,56,Male,Orthopedic,144,General,Low,278.0,Yes,High,14,5.0,H010,26.1,77.9,485.0,Good,5,8.5,15
S02412,P26727,21,Male,General,46,General,Low,85.0,No,Low,7,27.0,H006,24.4,28.5,387.0,Good,2,7.1,7
S02413,P20896,85,Male,Ophthalmic,33,Regional,Low,49.0,No,Medium,3,2.0,H018,21.5,40.1,493.0,Good,2,10.6,6
S02414,P94065,61,Female,Cardiac,252,General,Medium,265.0,Yes,High,21,3.0,H004,21.1,68.0,666.0,Moderate,6,19.9,23
S02415,P62380,44,Male,Neurological,149,General,Low,178.0,No,Low,18,24.0,H018,20.4,30.8,665.0,Moderate,4,10.1,18
S02416,P64554,53,Female,Cardiac,223,General,Medium,177.0,No,High,22,28.0,H004,25.4,60.9,1061.0,Moderate,3,5.3,26
S02417,P49641,62,Female,General,92,Local,Low,154.0,No,Low,10,13.0,H001,24.3,70.1,880.0,Moderate,4,6.1,10
S02418,P83364,36,Female,General,98,General,High,210.0,No,High,13,5.0,H008,25.2,57.3,1060.0,Good,5,13.1,16
S02419,P43292,38,Female,Orthopedic,88,Local,Low,134.0,Yes,Low,26,18.0,H010,22.5,39.3,497.0,Good,1,9.5,27
S02420,P12182,48,Male,Ophthalmic,64,Regional,High,143.0,Yes,High,11,1.0,H012,21.9,42.0,717.0,Poor,4,15.1,12
S02421,P79058,36,Male,Cardiac,251,Regional,Low,478.0,No,Medium,22,11.0,H010,23.9,45.8,690.0,Moderate,1,4.9,26
S02422,P32617,72,Male,General,51,Local,High,131.0,Yes,High,13,17.0,H011,26.0,61.9,1443.0,Moderate,7,17.2,16
S02423,P78456,25,Male,General,96,General,Medium,128.0,No,Medium,12,26.0,H006,,83.5,826.0,Moderate,4,8.8,12
S02424,P53414,77,Female,Orthopedic,98,General,Medium,151.0,Yes,High,16,4.0,H016,25.8,56.3,887.0,Moderate,5,11.4,20
S02425,P42305,43,Male,Orthopedic,123,General,Low,,No,Medium,19,18.0,H011,20.3,50.9,528.0,Moderate,1,3.9,23
S02426,P58260,58,Male,ENT,91,Regional,Medium,153.0,No,Medium,10,1.0,H008,24.7,51.3,970.0,Moderate,2,8.9,10
S02427,P49506,29,Male,Gynecological,94,Regional,Medium,130.0,No,Low,7,14.0,H002,19.3,39.5,367.0,Moderate,3,,8
S02428,P46447,45,Male,Orthopedic,147,Local,Medium,218.0,No,High,17,20.0,H008,23.5,35.5,1034.0,Poor,5,19.8,19
S02429,P34468,72,Female,Urological,103,Regional,Medium,168.0,No,High,9,2.0,H009,25.0,86.4,,Moderate,5,10.3,11
S02430,P40355,37,Male,General,117,General,High,210.0,No,High,8,22.0,H001,,,,Moderate,3,13.1,10
S02431,P39918,27,Female,Orthopedic,132,General,High,227.0,No,High,16,29.0,H016,24.9,71.3,1285.0,Moderate,5,15.7,20
S02432,P50532,55,Female,Gynecological,133,General,Medium,199.0,No,High,10,9.0,H015,28.5,62.4,968.0,Poor,5,9.0,12
S02433,P97478,29,Female,General,101,Local,Low,197.0,No,Low,8,22.0,H005,21.4,63.9,822.0,Good,2,6.1,8
S02434,P42937,40,Male,Cardiac,189,General,Low,328.0,No,Low,25,16.0,H012,26.6,31.5,380.0,Good,3,8.8,25
S02435,P66068,50,Female,Ophthalmic,36,Sedation,Medium,49.0,No,Low,4,27.0,H003,24.2,50.6,822.0,Moderate,1,6.5,5
S02436,P13604,58,Male,Cardiac,233,General,High,460.0,No,High,21,17.0,H003,24.0,60.7,1222.0,Poor,4,13.7,21
S02437,P10304,64,Male,Cardiac,237,Regional,Low,356.0,No,High,23,24.0,H013,24.3,77.8,934.0,Poor,6,13.3,27
S02438,P72346,66,Female,Cardiac,250,General,Low,400.0,Yes,High,20,5.0,H004,27.0,65.4,695.0,Poor,1,18.3,23
S02439,P70069,78,Female,Gynecological,75,Local,Low,118.0,No,Low,8,8.0,H018,21.1,55.0,449.0,Good,4,4.8,9
S02440,P79416,22,Male,Gynecological,160,General,Low,138.0,No,Low,9,13.0,H004,19.4,52.7,616.0,Good,2,11.1,9
S02441,P60334,44,Female,Ophthalmic,56,Regional,High,82.0,No,Medium,7,27.0,H013,21.9,36.7,750.0,Moderate,3,5.5,11
S02442,P38012,18,Male,Cardiac,239,Sedation,Medium,374.0,No,High,26,19.0,H008,18.4,50.4,787.0,Good,2,11.1,28
S02443,P18955,18,Female,Urological,59,Regional,Low,73.0,No,Low,8,7.0,H002,22.7,43.9,706.0,Good,4,6.3,11
S02444,P96932,33,Female,General,59,General,Low,59.0,No,Low,5,26.0,H001,23.3,60.0,651.0,Good,4,6.8,9
S02445,P26506,61,Female,Cardiac,236,Local,Low,295.0,No,Medium,18,18.0,H003,21.7,57.4,617.0,Good,2,9.3,19
S02446,P98821,82,Female,Orthopedic,120,General,Medium,213.0,Yes,High,21,13.0,H015,26.8,71.7,766.0,Moderate,5,18.9,25
S02447,P34580,73,Female,Urological,77,General,Medium,123.0,No,High,7,12.0,H019,25.6,64.9,516.0,Moderate,5,15.8,9
S02448,P61170,64,Female,Cardiac,289,Regional,Low,500.0,No,High,19,21.0,H007,21.7,65.5,775.0,Moderate,7,10.3,22
S02449,P18370,74,Female,General,86,Local,Low,140.0,No,Medium,9,26.0,H006,22.2,71.9,526.0,Moderate,3,9.9,13
S02450,P81467,30,Female,General,87,General,High,156.0,No,Medium,13,15.0,H018,21.3,38.9,571.0,Good,4,9.2,13
S02451,P46224,78,Male,Orthopedic,144,Local,Medium,249.0,No,High,11,25.0,H008,24.4,60.2,1099.0,Moderate,3,16.1,11
S02452,P59097,82,Female,ENT,64,Local,Medium,107.0,Yes,Medium,5,21.0,H006,23.7,40.2,307.0,Moderate,4,9.2,6
S02453,P21741,24,Male,Urological,96,Regional,Low,140.0,No,Medium,7,3.0,H011,,39.3,630.0,Moderate,3,11.8,9
S02454,P33498,51,Female,General,51,General,High,127.0,No,Medium,6,23.0,H007,20.0,35.4,740.0,Good,3,10.9,9
S02455,P46437,77,Male,Gynecological,61,Local,Medium,106.0,No,High,6,17.0,H006,26.4,49.3,742.0,Good,2,15.6,8
S02456,P16302,52,Male,General,93,General,High,168.0,No,Medium,6,16.0,H018,21.2,54.2,480.0,Poor,3,7.8,7
S02457,P76474,78,Female,Gynecological,93,General,Low,169.0,No,Low,13,18.0,H014,21.0,45.8,338.0,Good,4,14.2,16
S02458,P40998,85,Male,Orthopedic,95,General,Low,158.0,No,Medium,15,2.0,H004,25.3,54.6,937.0,Moderate,4,9.1,18
S02459,P76171,52,Male,General,93,Local,Low,139.0,No,Low,14,27.0,H012,27.1,52.7,478.0,Good,3,8.7,16
S02460,P26683,22,Female,Neurological,186,General,High,,No,High,19,26.0,H017,27.5,22.2,643.0,Poor,2,10.2,21
S02461,P13016,42,Male,General,68,General,Medium,75.0,No,Medium,10,29.0,H010,23.7,49.9,927.0,Good,3,12.3,12
S02462,P93004,33,Male,General,74,General,Low,100.0,No,Low,8,18.0,H003,22.4,41.0,552.0,Moderate,4,6.1,10
S02463,P29891,52,Male,Orthopedic,126,General,High,213.0,Yes,High,20,7.0,H010,25.5,35.0,1342.0,Good,5,11.7,22
S02464,P97410,60,Male,ENT,39,Sedation,High,112.0,No,High,7,18.0,H010,23.6,67.5,1147.0,Poor,2,10.4,7
S02465,P72622,51,Male,Orthopedic,101,Regional,Low,187.0,No,Low,12,9.0,H004,19.1,50.8,693.0,Good,2,5.6,15
S02466,P57854,32,Male,Orthopedic,136,Local,Medium,163.0,Yes,High,19,15.0,H017,29.2,60.6,1093.0,Poor,6,13.8,23
S02467,P67033,39,Male,Neurological,179,Local,Medium,446.0,No,Medium,20,24.0,H001,20.7,63.6,,Poor,4,8.0,24
S02468,P60687,66,Male,General,75,General,Low,97.0,No,Low,5,6.0,H004,24.4,41.8,300.0,Good,2,6.8,9
S02469,P43840,19,Male,Orthopedic,92,Local,Medium,147.0,Yes,Medium,21,14.0,H003,23.9,46.3,870.0,Good,4,17.0,23
S02470,P93742,33,Female,General,59,Sedation,Low,88.0,No,Low,10,15.0,H001,25.7,49.5,437.0,Moderate,2,7.8,13
S02471,P15436,82,Female,Gynecological,96,Local,High,195.0,No,High,17,27.0,H006,26.1,58.7,670.0,Moderate,2,16.4,18
S02472,P77270,25,Male,Orthopedic,180,Local,Medium,227.0,No,Medium,10,16.0,H005,21.6,87.3,641.0,Poor,4,9.4,12
S02473,P65600,47,Male,ENT,86,General,High,206.0,Yes,High,12,10.0,H016,26.3,61.2,878.0,Poor,4,9.4,16
S02474,P24578,32,Female,Neurological,140,Local,Medium,174.0,Yes,Medium,25,12.0,H005,22.3,49.7,375.0,Moderate,1,11.6,28
S02475,P69828,25,Female,General,111,General,Low,107.0,No,Low,3,9.0,H005,20.0,39.0,362.0,Good,2,5.3,6
S02476,P95675,48,Male,Orthopedic,97,Local,Low,112.0,No,Low,10,5.0,H008,18.3,37.0,317.0,Good,1,8.9,13
S02477,P36321,55,Male,Gynecological,99,General,Medium,191.0,No,Low,9,21.0,H002,21.8,29.4,432.0,Good,3,7.2,11
S02478,P61421,30,Male,Urological,62,Regional,Low,116.0,No,Low,6,23.0,H015,18.6,45.3,701.0,Good,2,4.6,8
S02479,P44189,23,Female,Orthopedic,180,Local,Medium,161.0,Yes,High,18,6.0,H016,27.5,60.6,869.0,Moderate,5,12.8,21
S02480,P11859,27,Female,Orthopedic,85,Regional,Low,148.0,No,Low,12,14.0,H001,18.9,62.3,657.0,Moderate,1,5.5,13
S02481,P15108,64,Female,Cardiac,249,General,Low,225.0,No,High,27,22.0,H013,21.7,49.5,837.0,Good,7,9.8,27
S02482,P27659,79,Male,Orthopedic,99,Local,Medium,147.0,No,Medium,12,21.0,H011,21.8,44.3,993.0,Good,2,8.9,16
S02483,P67109,30,Male,ENT,92,Sedation,Medium,104.0,No,Low,6,3.0,H019,22.3,51.9,509.0,Good,2,8.2,10
S02484,P81713,41,Male,General,98,Regional,Medium,173.0,No,Medium,8,2.0,H014,21.0,55.2,938.0,Moderate,1,6.6,12
S02485,P17045,42,Male,General,127,Local,Medium,,No,High,1,3.0,H018,26.4,69.4,899.0,Poor,4,15.0,4
S02486,P21498,43,Male,ENT,91,Local,Low,163.0,No,Low,9,15.0,H016,22.3,66.1,445.0,Good,3,12.0,10
S02487,P87400,35,Female,Urological,59,Local,Medium,83.0,No,Low,9,27.0,H012,22.0,48.4,1034.0,Moderate,2,8.5,12
S02488,P86616,21,Male,Urological,167,General,Medium,240.0,Yes,High,13,3.0,H019,24.8,42.3,1214.0,Moderate,4,7.8,15
S02489,P57901,55,Female,Neurological,196,Regional,Medium,205.0,No,High,21,21.0,H012,24.5,51.2,745.0,Moderate,2,17.1,21
S02490,P80768,43,Male,Neurological,163,Local,Low,194.0,No,Low,17,22.0,H016,24.8,51.3,784.0,Good,1,8.8,17
S02491,P29203,42,Male,Cardiac,246,Sedation,Medium,439.0,No,High,23,28.0,H009,28.1,37.7,964.0,Poor,5,11.6,24
S02492,P13173,37,Female,Neurological,198,General,Low,318.0,No,Medium,12,17.0,H002,,49.4,626.0,Good,2,10.4,14
S02493,P91711,84,Female,Neurological,197,General,Medium,301.0,No,High,20,28.0,H013,25.2,39.4,721.0,Moderate,3,12.6,24
S02494,P39793,61,Male,Orthopedic,134,General,Low,251.0,No,Medium,14,14.0,H004,18.1,53.7,680.0,Moderate,2,5.6,16
S02495,P42114,48,Female,Neurological,208,Local,High,280.0,No,High,21,8.0,H010,25.1,44.5,990.0,Poor,4,10.9,23
S02496,P55618,32,Male,General,116,Local,Medium,199.0,No,Medium,4,29.0,H014,20.5,51.0,787.0,Good,4,12.0,7
S02497,P64627,75,Male,Cardiac,214,Regional,Medium,245.0,Yes,High,25,16.0,H017,24.7,59.4,1035.0,Moderate,1,18.8,29
S02498,P16842,81,Male,Orthopedic,183,General,Medium,355.0,No,High,13,10.0,H005,26.6,46.0,916.0,Moderate,2,12.6,13
S02499,P62767,20,Male,Neurological,239,General,Medium,397.0,Yes,High,19,19.0,H018,24.5,58.4,603.0,Moderate,3,17.0,21
S02500,P62164,84,Female,General,114,Local,Low,203.0,No,Medium,8,13.0,H005,20.9,44.2,730.0,Moderate,2,14.7,9
S02501,P76904,68,Male,Gynecological,101,General,Medium,130.0,No,Low,14,22.0,H015,24.6,66.7,453.0,Moderate,4,7.7,15
S02502,P98222,25,Female,Gynecological,101,General,High,267.0,No,High,8,22.0,H017,25.5,71.3,501.0,Moderate,2,19.9,11
S02503,P74501,72,Female,Cardiac,230,General,Low,482.0,No,High,22,1.0,H013,20.8,76.7,945.0,Moderate,4,10.6,23
S02504,P64012,25,Male,Orthopedic,114,Local,Low,185.0,No,Low,12,16.0,H009,22.3,50.7,488.0,Good,4,9.5,13
S02505,P89887,21,Male,Cardiac,174,Regional,Medium,322.0,No,Medium,19,25.0,H012,,49.2,639.0,Moderate,3,8.1,22
S02506,P54433,26,Male,Orthopedic,165,General,Low,232.0,No,Medium,14,20.0,H008,25.4,49.4,433.0,Good,1,14.5,16
S02507,P14888,51,Female,Neurological,215,General,Medium,240.0,No,High,18,21.0,H003,27.0,,1154.0,Good,5,12.6,20
S02508,P88015,62,Female,ENT,20,Sedation,Medium,34.0,Yes,Medium,10,29.0,H009,25.2,68.9,635.0,Poor,4,11.9,12
S02509,P97136,47,Female,Orthopedic,146,General,Medium,178.0,No,Low,10,10.0,H001,20.1,37.2,404.0,Good,1,6.9,10
S02510,P96756,26,Male,Cardiac,239,General,Low,452.0,No,High,24,21.0,H005,25.0,68.2,997.0,Moderate,2,13.5,24
S02511,P92295,32,Male,Gynecological,94,General,Low,170.0,No,Low,10,1.0,H019,22.0,28.4,549.0,Good,2,10.4,11
S02512,P91106,79,Female,General,104,General,High,213.0,No,High,11,5.0,H002,25.1,55.5,868.0,Moderate,3,14.8,11
S02513,P71987,87,Male,Orthopedic,67,Local,Low,104.0,No,Low,17,21.0,H002,20.9,48.2,558.0,Good,4,5.6,18
S02514,P13325,72,Female,Orthopedic,119,Local,Medium,213.0,Yes,High,13,7.0,H019,22.2,65.4,887.0,Poor,3,12.4,17
S02515,P77286,25,Male,Ophthalmic,62,General,Low,98.0,No,Low,4,23.0,H014,23.4,57.0,300.0,Good,3,5.1,8
S02516,P18966,77,Male,Orthopedic,122,Local,Low,168.0,No,Medium,13,26.0,H006,23.9,,961.0,Good,2,13.0,13
S02517,P23321,67,Male,General,48,General,Low,50.0,No,Low,10,26.0,H003,20.3,32.1,300.0,Good,1,8.4,14
S02518,P65390,55,Male,Urological,93,Local,Low,166.0,No,Low,5,2.0,H010,21.0,59.4,759.0,Good,2,5.6,8
S02519,P93122,28,Female,Cardiac,271,General,Medium,436.0,No,High,23,10.0,H018,23.7,79.1,779.0,Good,6,7.0,25
S02520,P30402,89,Male,Gynecological,112,General,Medium,260.0,Yes,High,11,15.0,H002,20.3,55.5,1358.0,Moderate,5,16.9,11
S02521,P24958,49,Female,Orthopedic,113,Local,High,216.0,Yes,High,23,1.0,H019,26.7,54.2,910.0,Moderate,5,15.0,25
S02522,P56894,21,Female,Cardiac,320,Sedation,High,558.0,No,High,24,27.0,H003,25.5,66.2,1280.0,Poor,7,4.4,25
S02523,P41875,33,Female,Cardiac,212,Local,Low,338.0,No,High,20,28.0,H019,21.2,50.9,434.0,Good,5,3.1,22
S02524,P85464,46,Female,ENT,93,Regional,Low,157.0,No,Low,1,23.0,H002,27.0,47.4,839.0,Moderate,3,8.4,2
S02525,P27280,22,Female,Cardiac,247,Local,High,348.0,No,High,22,9.0,H006,22.2,69.4,1184.0,Moderate,7,22.4,25
S02526,P94460,41,Female,Orthopedic,180,Local,Low,265.0,No,Medium,16,4.0,H001,24.1,87.3,300.0,Poor,1,8.0,18
S02527,P33570,51,Male,Ophthalmic,71,General,Low,124.0,No,Low,7,24.0,H009,22.0,46.1,457.0,Good,4,9.8,10
S02528,P40024,86,Male,Orthopedic,138,Regional,Low,193.0,No,High,19,22.0,H013,20.9,86.7,768.0,Poor,4,20.1,23
S02529,P70359,24,Female,Ophthalmic,75,Regional,Medium,130.0,Yes,Medium,9,28.0,H003,23.7,,873.0,Moderate,2,8.1,13
S02530,P86382,59,Male,Gynecological,68,Regional,Low,103.0,No,Low,10,12.0,H001,21.6,59.1,537.0,Good,4,5.1,13
S02531,P53299,83,Male,General,63,Local,Low,102.0,No,Low,8,5.0,H003,20.7,37.4,334.0,Good,2,6.9,8
S02532,P55359,76,Female,Gynecological,91,Regional,Medium,167.0,No,Medium,15,27.0,H009,25.7,43.5,611.0,Poor,5,10.4,17
S02533,P67779,84,Male,Gynecological,128,General,Medium,183.0,No,High,11,4.0,H010,25.4,52.8,1078.0,Moderate,6,16.1,12
S02534,P69272,30,Female,Orthopedic,126,General,Low,134.0,No,Low,14,17.0,H013,23.4,60.0,570.0,Moderate,2,7.6,15
S02535,P80599,75,Female,ENT,63,Local,Medium,89.0,Yes,Medium,9,14.0,H018,21.2,57.7,869.0,Poor,2,14.5,12
S02536,P21288,88,Male,ENT,111,General,Low,139.0,No,Low,4,16.0,H007,22.7,30.3,300.0,Good,3,10.5,6
S02537,P95925,41,Female,Ophthalmic,20,Local,Low,17.0,No,Low,4,12.0,H012,21.9,34.0,958.0,Good,4,7.0,8
S02538,P15701,53,Male,General,51,General,Low,74.0,No,Medium,4,1.0,H003,23.4,31.7,611.0,Moderate,3,7.5,8
S02539,P31270,56,Female,General,20,General,Low,31.0,No,Low,5,19.0,H007,20.1,53.8,657.0,Moderate,4,6.9,7
S02540,P80235,53,Female,General,126,Local,Low,227.0,No,Medium,6,8.0,H005,17.8,57.1,813.0,Good,2,13.8,7
S02541,P35314,38,Male,Orthopedic,117,General,High,185.0,No,Medium,15,4.0,H004,25.4,56.5,875.0,Poor,4,6.1,15
S02542,P63859,87,Male,General,118,Local,Low,180.0,No,Low,8,12.0,H003,22.0,51.4,824.0,Good,3,7.3,8
S02543,P24173,86,Male,General,86,General,High,208.0,No,High,12,9.0,H001,24.9,46.0,703.0,Poor,6,6.2,14
S02544,P84148,45,Male,Gynecological,130,Regional,Low,172.0,No,Medium,10,21.0,H006,21.3,51.9,361.0,Good,3,,12
S02545,P37028,75,Male,Neurological,176,Regional,Low,292.0,No,High,19,11.0,H002,25.4,84.0,878.0,Good,1,17.6,19
S02546,P20420,46,Female,General,102,Local,Medium,201.0,No,Medium,7,16.0,H007,24.3,70.6,876.0,Poor,2,4.2,7
S02547,P19949,75,Male,General,97,General,Medium,91.0,No,High,1,15.0,H002,23.1,45.8,1113.0,Good,4,9.2,1
S02548,P25468,60,Female,General,100,General,Low,158.0,No,Medium,4,25.0,H008,26.3,51.6,301.0,Good,2,10.2,6
S02549,P75894,51,Male,ENT,120,Regional,Low,221.0,No,Medium,7,3.0,H016,24.4,42.0,1119.0,Moderate,1,15.0,10
S02550,P15668,27,Female,Gynecological,51,Sedation,Medium,71.0,No,Medium,7,1.0,H005,21.0,65.8,568.0,Good,4,10.2,7
S02551,P63749,65,Male,Orthopedic,117,Local,Low,224.0,No,High,16,26.0,H002,25.2,54.5,1056.0,Poor,4,10.4,16
S02552,P68510,41,Male,Orthopedic,125,Local,Medium,211.0,No,Medium,16,10.0,H005,26.1,53.6,321.0,Good,3,11.7,16
S02553,P39505,33,Female,Gynecological,101,Regional,Medium,205.0,No,Medium,9,21.0,H009,22.4,54.1,956.0,Good,3,11.6,10
S02554,P65401,31,Male,General,78,Regional,Low,130.0,No,Low,5,18.0,H013,23.3,40.7,797.0,Good,1,6.8,5
S02555,P36399,88,Female,Urological,63,Local,Medium,129.0,No,High,8,23.0,H012,26.1,59.9,834.0,Poor,3,8.6,9
S02556,P48299,25,Male,Orthopedic,165,Local,Low,262.0,No,Low,13,20.0,H001,17.3,47.3,856.0,Moderate,4,1.0,14
S02557,P12619,75,Female,Orthopedic,117,Local,High,177.0,No,High,18,8.0,H018,,74.3,763.0,Poor,3,13.1,22
S02558,P22175,80,Female,Neurological,253,Local,High,381.0,No,High,13,15.0,H009,27.3,49.3,1071.0,Poor,1,16.6,15
S02559,P19265,20,Female,Gynecological,115,Local,Medium,207.0,No,Medium,7,9.0,H006,21.6,39.1,531.0,Good,3,8.3,8
S02560,P12146,60,Male,ENT,61,General,High,159.0,No,High,4,12.0,H018,24.8,59.3,690.0,Poor,3,14.0,4
S02561,P40310,59,Male,Ophthalmic,76,General,Medium,106.0,No,Low,1,16.0,H004,22.0,53.0,961.0,Good,3,13.6,4
S02562,P33306,43,Male,General,93,Sedation,Low,189.0,No,Low,5,3.0,H015,18.6,57.3,694.0,Moderate,4,8.0,9
S02563,P33064,66,Male,Urological,120,Regional,Low,167.0,No,Low,3,1.0,H019,23.6,47.8,321.0,Good,1,1.8,5
S02564,P10252,47,Male,Orthopedic,84,General,Low,137.0,No,Low,12,21.0,H007,22.0,60.1,629.0,Good,2,6.5,14
S02565,P80818,49,Female,General,35,Regional,Low,57.0,No,Low,5,3.0,H009,21.9,33.9,739.0,Good,4,11.5,5
S02566,P95387,49,Male,Ophthalmic,70,Regional,Medium,77.0,No,Low,4,27.0,H011,23.3,61.8,822.0,Moderate,1,11.6,5
S02567,P76419,75,Female,Neurological,205,Local,Low,300.0,No,High,17,19.0,H016,22.8,70.3,1258.0,Moderate,2,8.1,19
S02568,P25317,63,Male,ENT,78,Local,Medium,172.0,No,Medium,1,24.0,H019,23.6,49.0,874.0,Moderate,4,7.6,1
S02569,P80390,45,Male,Cardiac,260,General,Low,318.0,No,Medium,22,14.0,H011,20.9,66.6,565.0,Good,1,8.9,22
S02570,P33893,84,Male,Orthopedic,135,Regional,Low,227.0,Yes,High,26,21.0,H014,26.7,63.2,835.0,Moderate,7,22.2,28
S02571,P37133,75,Male,General,45,General,Low,51.0,No,Medium,10,6.0,H017,25.6,69.6,903.0,Poor,5,,10
S02572,P81870,85,Male,Ophthalmic,68,Local,High,132.0,No,High,8,19.0,H012,28.5,49.4,821.0,Poor,5,15.3,8
S02573,P28936,70,Male,Cardiac,279,General,Low,300.0,No,Medium,20,10.0,H015,23.4,46.1,841.0,Moderate,3,4.1,23
S02574,P99544,46,Male,Urological,85,Regional,Low,151.0,No,Low,6,23.0,H011,21.2,56.6,503.0,Moderate,4,7.5,9
S02575,P87116,73,Female,Orthopedic,80,Regional,Low,99.0,No,Low,12,11.0,H011,20.6,50.8,537.0,Moderate,4,4.4,14
S02576,P65848,41,Male,Gynecological,89,Regional,High,217.0,No,Medium,13,23.0,H017,21.1,36.3,606.0,Good,4,9.6,17
S02577,P55449,37,Male,General,106,Regional,Low,142.0,Yes,Medium,8,26.0,H008,22.3,80.1,763.0,Good,2,6.1,11
S02578,P32798,50,Male,Orthopedic,173,Local,Medium,266.0,No,Medium,14,1.0,H004,20.8,73.9,651.0,Good,2,11.0,14
S02579,P68880,87,Male,Gynecological,41,Regional,Low,66.0,No,Medium,8,2.0,H014,23.0,54.4,489.0,Moderate,2,14.0,10
S02580,P50761,58,Female,Gynecological,110,General,Low,111.0,No,Low,4,11.0,H011,20.4,41.8,846.0,Good,3,8.6,4
S02581,P68408,45,Male,General,62,General,Medium,96.0,No,Low,4,16.0,H011,20.8,42.0,822.0,Good,2,11.3,8
S02582,P15368,51,Female,Cardiac,255,Regional,Medium,409.0,No,High,24,26.0,H007,23.0,66.1,963.0,Poor,6,17.2,26
S02583,P43289,38,Male,Orthopedic,137,General,Medium,252.0,No,Low,14,13.0,H014,20.4,67.2,851.0,Good,3,8.5,18
S02584,P19811,65,Male,ENT,63,Local,Low,76.0,No,Medium,1,25.0,H009,22.2,86.4,913.0,Poor,5,7.2,3
S02585,P47204,43,Female,Gynecological,118,General,High,198.0,No,Medium,10,22.0,H013,23.6,52.0,914.0,Moderate,1,10.2,12
S02586,P73862,57,Male,Urological,114,Local,Medium,193.0,No,Medium,10,21.0,H001,20.7,52.7,656.0,Moderate,5,7.7,11
S02587,P20243,44,Female,Gynecological,95,General,High,232.0,No,Medium,12,27.0,H018,,54.3,873.0,Good,3,11.0,14
S02588,P84652,41,Male,Urological,39,Local,Low,51.0,No,Low,9,9.0,H016,21.6,54.9,395.0,Good,1,11.2,9
S02589,P84387,87,Female,Orthopedic,162,General,Low,182.0,No,High,12,20.0,H010,22.5,56.2,710.0,Moderate,5,20.2,12
S02590,P34312,42,Male,General,114,Regional,Low,160.0,No,Low,7,24.0,H004,24.7,33.6,309.0,Poor,1,7.0,10
S02591,P27431,23,Male,Gynecological,116,General,Medium,138.0,No,Low,10,29.0,H019,20.6,47.2,363.0,Good,2,9.2,10
S02592,P76454,45,Female,Orthopedic,99,Regional,Medium,160.0,Yes,Medium,17,7.0,H011,23.1,,1020.0,Moderate,2,7.9,17
S02593,P78955,56,Male,Orthopedic,149,General,Low,175.0,No,Medium,15,23.0,H009,22.9,73.4,809.0,Good,3,7.3,18
S02594,P67632,24,Male,General,151,Local,Low,270.0,No,Medium,11,7.0,H018,20.0,34.6,618.0,Good,4,3.4,13
S02595,P23275,40,Female,Urological,76,Regional,Low,118.0,No,Low,9,28.0,H018,20.3,63.6,,Poor,4,9.7,9
S02596,P55869,29,Female,Gynecological,102,Sedation,Low,183.0,No,Low,10,,H005,20.7,48.8,324.0,Good,4,6.6,12
S02597,P32993,54,Female,Orthopedic,88,Local,Medium,68.0,No,Low,11,26.0,H013,23.6,47.1,358.0,Moderate,4,13.0,13
S02598,P36033,70,Female,ENT,48,Regional,Low,46.0,Yes,Low,12,17.0,H007,25.7,31.4,476.0,Moderate,3,5.8,16
S02599,P62076,87,Female,Orthopedic,87,Local,Low,164.0,No,Medium,12,3.0,H001,25.3,58.3,300.0,Poor,4,7.7,13
S02600,P98669,46,Female,Cardiac,243,General,Low,312.0,Yes,Medium,27,11.0,H008,24.9,58.8,850.0,Moderate,2,11.6,31
S02601,P27850,80,Female,ENT,59,Regional,Low,62.0,No,Low,7,18.0,H005,19.5,77.2,663.0,Good,3,15.5,8
S02602,P32316,33,Male,Urological,91,General,High,180.0,No,Medium,13,18.0,H011,,52.8,845.0,Moderate,5,8.3,16
S02603,P32164,74,Male,Ophthalmic,33,Local,Low,51.0,No,Low,6,,H009,24.8,68.6,727.0,Moderate,1,6.6,7
S02604,P28780,58,Female,Urological,74,General,High,157.0,No,Medium,13,21.0,H005,26.0,46.0,709.0,Moderate,4,11.0,17
S02605,P94898,72,Female,Gynecological,71,General,Medium,116.0,No,Medium,6,17.0,H009,24.6,49.1,761.0,Moderate,3,8.6,7
S02606,P19894,72,Male,Cardiac,245,Regional,Medium,391.0,No,High,18,6.0,H015,26.1,41.5,1122.0,Moderate,4,,22
S02607,P27523,56,Male,Neurological,131,Regional,Low,207.0,No,Medium,13,3.0,H012,22.2,65.7,1023.0,Moderate,5,9.0,14
S02608,P69308,36,Male,ENT,74,General,Medium,140.0,No,Medium,1,9.0,H012,26.1,48.0,463.0,Good,2,13.6,2
S02609,P41560,55,Male,Urological,71,Regional,Medium,106.0,No,High,12,4.0,H003,23.7,57.6,956.0,Moderate,5,11.2,13
S02610,P91107,77,Female,Neurological,185,Local,Low,275.0,Yes,High,20,21.0,H002,19.7,62.9,699.0,Poor,4,16.3,23
S02611,P63349,87,Male,Neurological,130,General,High,276.0,No,High,17,29.0,H013,27.1,73.5,721.0,Poor,3,13.0,19
S02612,P22074,84,Female,Cardiac,259,General,Low,431.0,No,High,20,27.0,H010,22.3,55.5,,Poor,4,14.4,24
S02613,P53471,31,Female,Neurological,171,Sedation,Low,210.0,No,Low,15,17.0,H012,19.4,55.4,300.0,Moderate,3,8.7,17
S02614,P19397,61,Female,Urological,86,Sedation,Low,126.0,No,Low,14,26.0,H007,23.8,38.5,650.0,Good,3,7.8,18
S02615,P48400,25,Male,Orthopedic,63,General,Medium,102.0,No,Medium,13,20.0,H003,18.3,54.3,437.0,Good,4,8.6,13
S02616,P91397,66,Female,General,52,Regional,Low,68.0,Yes,High,13,4.0,H007,24.9,65.2,1002.0,Good,1,16.6,14
S02617,P53166,89,Female,ENT,58,General,Low,77.0,No,Low,2,18.0,H013,21.1,,927.0,Good,3,4.9,2
S02618,P69448,21,Female,General,131,Sedation,Low,141.0,No,Low,2,17.0,H019,25.2,52.5,508.0,Good,4,,2
S02619,P44851,65,Male,General,105,General,Low,66.0,No,Low,4,16.0,H011,22.9,65.6,673.0,Good,1,9.8,7
S02620,P97211,86,Male,Cardiac,243,General,Low,337.0,No,High,18,24.0,H008,25.6,59.5,1193.0,Moderate,7,21.0,20
S02621,P63622,78,Female,Orthopedic,92,General,High,191.0,No,High,14,29.0,H007,22.1,,943.0,Moderate,6,10.9,14
S02622,P73925,46,Male,Cardiac,206,Regional,Low,241.0,No,Medium,16,7.0,H001,18.4,82.7,697.0,Moderate,3,4.0,20
S02623,P81705,25,Male,Orthopedic,128,General,High,294.0,No,High,17,1.0,H004,23.6,66.7,553.0,Poor,1,9.7,20
S02624,P79452,84,Female,Orthopedic,141,Local,Medium,167.0,No,High,12,19.0,H007,26.4,73.8,808.0,Poor,6,12.4,15
S02625,P94812,84,Female,Orthopedic,126,Regional,Medium,223.0,Yes,High,14,4.0,H012,24.8,62.4,964.0,Moderate,5,12.8,14
S02626,P51554,59,Male,Cardiac,291,Regional,High,523.0,Yes,High,29,13.0,H012,27.4,67.3,1422.0,Poor,1,12.0,31
S02627,P24575,88,Male,Orthopedic,99,Local,Low,213.0,No,High,16,28.0,H007,25.1,71.4,864.0,Poor,3,10.1,19
S02628,P31447,18,Male,ENT,75,General,Medium,124.0,No,Medium,8,20.0,H011,20.8,53.6,946.0,Good,5,2.5,8
S02629,P31613,62,Female,Orthopedic,69,General,Low,73.0,No,Low,6,28.0,H005,22.9,,476.0,Good,4,5.2,8
S02630,P61222,20,Female,Neurological,186,General,Low,337.0,No,Medium,15,1.0,H002,22.4,63.2,978.0,Good,5,15.6,17
S02631,P17865,85,Male,Ophthalmic,104,Local,Low,208.0,No,Medium,1,21.0,H006,,50.6,588.0,Good,2,12.8,1
S02632,P42238,66,Male,Orthopedic,88,General,Medium,85.0,No,Medium,12,10.0,H004,20.5,71.3,729.0,Poor,3,12.0,15
S02633,P75693,83,Male,General,115,Local,Medium,194.0,No,High,11,3.0,H011,23.8,37.3,801.0,Moderate,2,13.4,12
S02634,P52274,58,Male,Urological,123,Regional,Low,216.0,No,Low,5,9.0,H015,22.8,32.5,602.0,Moderate,1,5.0,6
S02635,P40156,23,Female,General,69,Regional,Medium,99.0,No,Low,5,28.0,H004,24.8,60.6,601.0,Poor,3,10.5,7
S02636,P56411,19,Male,Cardiac,254,Regional,Low,196.0,No,Low,18,13.0,H001,21.6,52.7,619.0,Poor,4,4.8,20
S02637,P21630,42,Male,Gynecological,147,General,Low,207.0,No,Low,14,27.0,H002,23.2,43.4,441.0,Good,4,6.8,17
S02638,P12391,71,Male,Gynecological,106,General,Low,140.0,No,Medium,3,4.0,H005,22.0,56.6,700.0,Good,3,7.1,3
S02639,P74789,28,Male,Neurological,203,Local,Medium,397.0,No,High,16,20.0,H004,23.2,76.4,935.0,Poor,4,6.4,16
S02640,P64768,79,Female,Orthopedic,66,General,Low,97.0,No,Low,11,13.0,H019,24.3,37.3,535.0,Poor,1,8.9,14
S02641,P71834,35,Female,Orthopedic,137,Regional,Low,188.0,No,Low,8,9.0,H005,22.2,48.9,426.0,Moderate,1,7.9,11
S02642,P42267,53,Female,Urological,95,Sedation,Low,125.0,No,Low,11,16.0,H013,21.1,50.5,450.0,Good,3,11.0,15
S02643,P29979,32,Male,Neurological,140,General,Medium,223.0,Yes,High,17,18.0,H014,23.9,61.5,904.0,Moderate,4,11.3,19
S02644,P83088,51,Female,Orthopedic,91,General,Medium,138.0,No,Medium,12,1.0,H005,22.3,62.4,727.0,Good,1,3.2,14
S02645,P75985,50,Male,General,108,General,Low,136.0,No,Low,6,19.0,H003,20.6,26.4,879.0,Good,3,8.5,7
S02646,P15066,18,Female,Ophthalmic,50,General,Medium,78.0,No,Low,1,9.0,H004,21.5,56.4,,Good,1,12.9,3
S02647,P97033,58,Female,Orthopedic,153,Sedation,Medium,203.0,No,High,8,24.0,H017,25.1,33.0,788.0,Poor,3,12.4,9
S02648,P60056,74,Male,Orthopedic,129,Sedation,Low,93.0,No,Medium,13,6.0,H008,23.4,50.4,894.0,Moderate,3,11.4,13
S02649,P36489,85,Female,General,91,General,Low,,No,Low,4,9.0,H001,20.0,37.3,711.0,Poor,4,6.6,6
S02650,P42401,41,Male,Gynecological,94,Sedation,High,207.0,Yes,High,20,29.0,H013,21.9,67.6,1329.0,Good,5,13.0,21
S02651,P59324,81,Female,General,98,General,Low,152.0,No,Medium,8,8.0,H009,22.1,63.7,435.0,Moderate,2,9.7,9
S02652,P18396,81,Male,Ophthalmic,84,Sedation,Low,114.0,Yes,High,13,4.0,H004,20.6,67.8,947.0,Poor,6,15.9,17
S02653,P17283,89,Male,Orthopedic,136,Local,High,251.0,No,High,17,16.0,H004,22.8,53.8,727.0,Poor,4,19.6,20
S02654,P47232,44,Male,Neurological,167,General,Medium,291.0,No,Medium,19,19.0,H015,24.6,35.5,670.0,Good,1,14.5,23
S02655,P96053,79,Male,Neurological,217,Regional,Medium,284.0,No,High,16,17.0,H006,25.8,56.1,759.0,Moderate,2,18.8,17
S02656,P46834,58,Male,Neurological,199,Local,Medium,349.0,No,High,23,12.0,H001,,63.0,1021.0,Poor,3,21.2,26
S02657,P87214,22,Male,General,101,General,Low,106.0,No,Medium,7,4.0,H015,20.4,53.7,551.0,Moderate,2,9.8,8
S02658,P77796,37,Female,Urological,82,General,Medium,127.0,No,Medium,7,9.0,H004,22.9,47.3,300.0,Poor,2,14.9,8
S02659,P86276,66,Male,Cardiac,255,Regional,Low,384.0,No,High,22,2.0,H019,23.2,77.5,659.0,Good,7,21.9,24
S02660,P23681,29,Male,Gynecological,45,General,High,131.0,No,Low,11,25.0,H012,23.4,50.6,827.0,Good,2,6.7,12
S02661,P99781,49,Female,Orthopedic,127,General,Low,155.0,No,Low,12,8.0,H011,21.2,61.0,733.0,Moderate,1,6.7,15
S02662,P84733,73,Female,General,139,General,Low,174.0,No,Medium,8,20.0,H014,,45.7,906.0,Poor,4,10.6,10
S02663,P87243,28,Male,Neurological,186,Local,Low,201.0,No,Medium,20,8.0,H005,26.8,61.8,354.0,Good,4,7.4,23
S02664,P14311,53,Male,General,92,General,Medium,122.0,No,Low,8,18.0,H013,19.4,57.5,955.0,Good,4,8.7,11
S02665,P33970,33,Female,Orthopedic,102,Regional,Medium,160.0,No,High,13,3.0,H004,28.3,45.5,1329.0,Poor,2,6.8,16
S02666,P56413,56,Female,ENT,84,General,Medium,80.0,Yes,High,10,3.0,H005,29.8,41.1,515.0,Poor,2,14.7,13
S02667,P66743,35,Male,Ophthalmic,54,General,Low,73.0,No,Low,5,10.0,H011,21.5,65.2,674.0,Moderate,1,8.4,6
S02668,P68409,87,Female,Urological,119,Regional,Low,200.0,No,Medium,4,8.0,H008,24.1,47.1,520.0,Good,4,11.6,6
S02669,P98072,23,Male,Ophthalmic,34,General,Medium,49.0,No,Medium,3,10.0,H018,19.0,44.1,837.0,Poor,3,11.1,7
S02670,P11290,87,Male,Orthopedic,106,Regional,Low,161.0,No,Low,5,9.0,H001,22.0,46.4,929.0,Moderate,4,6.6,5
S02671,P32518,75,Female,General,71,General,Medium,74.0,No,Medium,9,21.0,H002,24.7,48.5,525.0,Good,3,13.6,12
S02672,P16221,79,Female,Cardiac,295,Regional,High,483.0,Yes,High,26,13.0,H001,25.4,59.2,573.0,Poor,2,16.5,26
S02673,P57998,79,Female,Ophthalmic,54,General,Medium,81.0,No,High,1,5.0,H018,,,886.0,Poor,4,15.1,2
S02674,P34615,31,Male,Orthopedic,103,Local,Low,149.0,No,Low,13,27.0,H008,25.5,50.6,1327.0,Good,4,10.3,17
S02675,P65500,85,Male,Cardiac,177,General,Medium,273.0,No,High,22,19.0,H017,26.8,84.6,978.0,Moderate,6,16.2,24
S02676,P44330,60,Male,Gynecological,72,Local,High,151.0,No,High,20,12.0,H011,25.6,57.8,1199.0,Good,4,18.8,24
S02677,P32923,87,Male,Orthopedic,135,General,Medium,184.0,No,High,9,15.0,H017,22.8,73.8,880.0,Poor,7,14.5,9
S02678,P41185,81,Male,Gynecological,115,General,Medium,136.0,Yes,High,12,10.0,H016,17.8,66.7,1203.0,Good,4,17.1,16
S02679,P66814,59,Male,Cardiac,220,Regional,Low,394.0,No,Medium,21,12.0,H002,23.2,35.6,730.0,Moderate,2,6.7,22
S02680,P97417,44,Female,Gynecological,82,General,Medium,92.0,No,Medium,7,3.0,H019,22.4,41.7,688.0,Poor,5,14.6,8
S02681,P25344,26,Female,Ophthalmic,115,Regional,Low,177.0,No,Low,5,25.0,H010,23.5,41.3,484.0,Good,1,6.4,9
S02682,P25024,25,Male,General,170,Local,Medium,347.0,No,Medium,6,12.0,H012,23.7,57.5,770.0,Good,5,16.0,8
S02683,P96658,46,Male,Cardiac,274,Local,High,551.0,No,High,26,21.0,H005,24.9,74.4,1327.0,Poor,5,16.8,28
S02684,P90165,76,Female,Orthopedic,166,Regional,High,324.0,Yes,High,21,2.0,H016,23.9,61.9,983.0,Moderate,2,12.1,23
S02685,P90245,54,Male,Orthopedic,173,Sedation,Low,272.0,No,Medium,15,3.0,H002,20.2,52.0,604.0,Moderate,1,14.9,18
S02686,P95010,52,Female,Orthopedic,186,Regional,Medium,271.0,No,Low,11,11.0,H003,18.3,46.4,577.0,Good,3,11.3,13
S02687,P29237,35,Male,General,80,General,Low,98.0,No,Low,12,2.0,H005,20.2,56.5,361.0,Good,1,10.4,12
S02688,P25803,58,Female,Neurological,153,Local,Low,217.0,No,High,12,29.0,H016,18.6,64.3,992.0,Moderate,4,14.3,12
S02689,P68842,63,Female,Cardiac,295,General,Medium,493.0,No,High,18,2.0,H016,25.0,66.8,917.0,Good,3,16.8,20
S02690,P78272,88,Female,Cardiac,211,General,Low,341.0,No,High,16,17.0,H005,21.2,54.0,653.0,Moderate,4,5.9,19
S02691,P84910,70,Female,ENT,39,General,Low,67.0,No,Low,7,11.0,H011,21.0,77.0,516.0,Moderate,1,3.8,8
S02692,P99836,61,Female,Orthopedic,89,General,Medium,166.0,No,Low,15,7.0,H008,25.9,45.9,406.0,Moderate,2,7.8,18
S02693,P90762,83,Male,Cardiac,236,General,Medium,342.0,No,High,17,5.0,H011,24.0,52.6,893.0,Poor,3,19.5,17
S02694,P32306,48,Female,General,30,General,Medium,46.0,No,Medium,9,9.0,H001,22.9,68.8,987.0,Good,5,9.7,13
S02695,P36441,85,Female,Orthopedic,77,Regional,Medium,71.0,No,High,11,2.0,H009,26.1,68.3,732.0,Poor,6,9.0,12
S02696,P55245,44,Female,Ophthalmic,41,Local,Medium,89.0,Yes,Medium,9,17.0,H009,23.6,46.6,474.0,Moderate,2,7.9,9
S02697,P36846,27,Male,Orthopedic,84,Sedation,Low,115.0,No,Low,15,7.0,H001,20.9,58.1,624.0,Good,4,4.8,19
S02698,P78294,48,Male,Gynecological,131,General,Low,222.0,No,Medium,9,1.0,H013,22.1,49.9,867.0,Good,2,6.4,10
S02699,P84040,27,Female,General,90,General,Medium,123.0,Yes,High,14,4.0,H008,22.8,74.9,1012.0,Moderate,3,12.8,18
S02700,P76129,26,Female,Urological,97,Regional,Medium,132.0,No,Low,7,27.0,H005,19.0,52.8,843.0,Good,1,4.8,11
S02701,P10818,81,Male,Gynecological,114,General,Low,162.0,Yes,High,16,7.0,H015,27.0,82.4,925.0,Poor,4,17.1,18
S02702,P84984,75,Male,Gynecological,93,General,Low,,No,Low,9,17.0,H016,20.2,66.7,778.0,Good,4,6.7,9
S02703,P35850,33,Male,General,119,Regional,High,139.0,No,Medium,4,12.0,H005,26.4,68.3,795.0,Good,4,11.6,8
S02704,P41341,78,Male,General,103,Local,High,,Yes,High,14,15.0,H018,22.7,76.8,750.0,Poor,4,11.2,15
S02705,P60337,22,Male,Gynecological,90,General,Medium,149.0,No,Low,7,25.0,H001,19.3,35.0,606.0,Moderate,4,9.2,10
S02706,P20859,38,Male,General,39,Regional,Medium,47.0,No,Low,11,21.0,H011,25.9,52.2,764.0,Good,1,6.1,14
S02707,P75908,68,Male,General,105,Regional,High,221.0,Yes,High,10,16.0,H014,,55.3,928.0,Good,5,14.9,12
S02708,P70877,39,Female,Cardiac,202,Local,Medium,352.0,Yes,High,29,6.0,H005,19.0,55.2,975.0,Poor,4,12.2,29
S02709,P50308,70,Male,Cardiac,251,General,Low,324.0,Yes,High,25,25.0,H007,21.0,52.9,941.0,Moderate,3,19.2,27
S02710,P40560,80,Male,Neurological,182,Local,Medium,295.0,No,High,19,1.0,H014,23.0,38.8,734.0,Good,4,17.1,23
S02711,P35597,22,Male,Orthopedic,79,Local,High,192.0,No,Medium,12,17.0,H007,19.8,49.7,428.0,Good,3,16.8,15
S02712,P68145,19,Male,General,97,General,Medium,103.0,No,Low,6,18.0,H006,20.9,51.5,462.0,Moderate,2,3.5,9
S02713,P99015,85,Female,Orthopedic,125,Regional,Low,207.0,No,Medium,12,28.0,H013,19.0,68.3,900.0,Moderate,3,13.3,15
S02714,P52607,55,Female,General,95,Regional,High,202.0,No,High,16,5.0,H004,26.9,53.2,619.0,Moderate,4,19.7,16
S02715,P97736,54,Male,Gynecological,104,General,Medium,214.0,No,Medium,7,9.0,H011,22.8,39.7,755.0,Good,2,6.3,8
S02716,P51274,51,Male,General,70,Regional,Low,116.0,No,Low,10,1.0,H006,19.5,39.7,,Good,1,10.3,12
S02717,P10375,49,Male,Gynecological,117,General,High,211.0,Yes,High,21,8.0,H007,,56.3,1181.0,Poor,6,17.4,25
S02718,P89335,67,Male,Orthopedic,99,Local,Medium,139.0,Yes,Medium,22,27.0,H009,20.3,42.5,440.0,Good,5,7.4,25
S02719,P41653,59,Male,Orthopedic,87,General,Medium,183.0,No,Medium,12,1.0,H014,24.4,68.6,300.0,Moderate,5,12.7,14
S02720,P67640,29,Male,Gynecological,120,Regional,High,217.0,No,High,18,23.0,H005,24.9,60.5,856.0,Poor,4,13.1,21
S02721,P52268,63,Male,Urological,108,General,Low,180.0,No,Low,14,28.0,H013,21.5,82.6,712.0,Good,3,9.1,14
S02722,P66204,66,Female,Gynecological,118,Regional,Medium,168.0,No,Medium,11,4.0,H007,21.4,44.8,999.0,Moderate,4,12.4,14
S02723,P78654,26,Male,Gynecological,93,Regional,Low,169.0,No,Medium,8,11.0,H017,,60.9,614.0,Moderate,1,6.0,10
S02724,P97375,45,Male,Gynecological,41,Regional,High,125.0,No,High,10,26.0,H008,24.6,47.5,694.0,Poor,3,12.2,10
S02725,P96287,74,Male,Gynecological,144,Regional,High,265.0,No,High,14,21.0,H008,25.9,71.0,910.0,Moderate,5,15.0,17
S02726,P34276,62,Male,Gynecological,41,General,Medium,56.0,Yes,High,15,2.0,H015,22.1,50.3,1315.0,Good,1,21.5,19
S02727,P11991,27,Male,Gynecological,117,General,Medium,,No,Medium,10,26.0,H001,21.5,52.6,720.0,Good,2,9.6,12
S02728,P71965,20,Male,Orthopedic,183,Local,Medium,179.0,No,Medium,9,24.0,H017,,74.7,786.0,Good,3,8.7,11
S02729,P28297,59,Male,Orthopedic,124,General,Low,189.0,No,Medium,14,10.0,H007,25.3,63.2,1013.0,Moderate,4,8.6,14
S02730,P41996,51,Male,Neurological,188,Local,Low,286.0,No,Low,21,13.0,H016,21.4,38.2,787.0,Good,1,8.2,24
S02731,P77810,87,Female,General,101,Regional,Low,126.0,No,Medium,9,9.0,H008,22.9,51.3,788.0,Moderate,5,11.4,10
S02732,P63902,55,Female,Gynecological,105,Local,Medium,99.0,No,Low,8,16.0,H004,20.5,67.1,376.0,Poor,3,9.7,11
S02733,P63883,85,Male,Neurological,250,General,Medium,390.0,Yes,High,22,23.0,H003,23.6,55.9,1239.0,Good,3,17.2,25
S02734,P83539,33,Male,Cardiac,214,Regional,Medium,342.0,No,High,16,20.0,H016,21.8,62.9,1072.0,Moderate,4,17.7,16
S02735,P66893,50,Female,Urological,50,General,Low,80.0,No,Medium,6,29.0,H001,25.6,62.2,617.0,Moderate,1,6.9,10
S02736,P93049,28,Female,Cardiac,230,Sedation,Medium,276.0,No,High,19,3.0,H013,25.4,79.5,1093.0,Good,1,6.6,23
S02737,P27768,59,Male,Urological,132,Regional,Low,213.0,No,Medium,9,27.0,H012,25.4,59.9,701.0,Moderate,3,9.3,10
S02738,P48438,31,Male,Orthopedic,102,Regional,High,197.0,No,Medium,14,27.0,H005,20.9,53.5,718.0,Poor,4,8.8,18
S02739,P49784,53,Male,Neurological,192,Local,High,387.0,No,High,17,12.0,H015,28.2,30.1,712.0,Poor,6,19.2,17
S02740,P84887,42,Female,General,122,General,Medium,147.0,No,High,9,5.0,H008,25.1,79.0,969.0,Good,2,11.5,9
S02741,P85166,31,Male,Cardiac,263,Regional,Medium,485.0,Yes,High,24,7.0,H016,21.9,63.4,1007.0,Poor,2,14.8,24
S02742,P40155,24,Male,Orthopedic,150,Local,Low,292.0,No,Low,11,28.0,H007,24.5,71.3,386.0,Moderate,2,10.2,11
S02743,P92742,54,Male,Cardiac,282,General,Low,432.0,No,High,23,1.0,H015,22.5,73.8,1061.0,Moderate,1,9.1,26
S02744,P69491,86,Male,Neurological,189,Sedation,Medium,306.0,No,High,19,3.0,H009,23.8,53.1,1011.0,Poor,4,16.6,20
S02745,P31210,32,Male,Cardiac,226,Local,Medium,392.0,No,High,20,3.0,H009,23.3,40.6,1135.0,Poor,3,9.8,22
S02746,P88986,47,Female,Urological,84,Sedation,Low,100.0,No,Low,6,5.0,H017,22.8,47.9,646.0,Good,2,5.8,8
S02747,P25462,34,Male,Orthopedic,109,Local,Low,147.0,No,Low,15,23.0,H002,21.1,54.4,536.0,Good,3,6.8,15
S02748,P71687,76,Male,Neurological,255,General,Medium,396.0,No,High,19,2.0,H008,23.6,66.1,954.0,Moderate,5,12.4,22
S02749,P93906,47,Male,Orthopedic,104,Regional,Low,219.0,No,Low,14,28.0,H001,21.2,34.9,321.0,Good,3,13.3,18
S02750,P73515,88,Female,Ophthalmic,74,General,Low,84.0,No,Low,3,12.0,H002,21.4,16.6,474.0,Good,4,9.5,6
S02751,P55138,35,Male,Urological,34,Local,Low,67.0,Yes,Low,11,16.0,H003,22.2,38.5,542.0,Good,2,11.3,13
S02752,P85385,23,Male,ENT,73,General,High,155.0,No,Medium,6,18.0,H015,25.3,25.3,605.0,Moderate,4,10.3,8
S02753,P27048,59,Male,Ophthalmic,51,Local,Low,75.0,No,Low,2,24.0,H015,17.7,38.2,629.0,Moderate,2,8.6,6
S02754,P32720,64,Female,Cardiac,260,General,Low,485.0,No,High,18,19.0,H015,26.3,60.5,1216.0,Moderate,3,11.7,18
S02755,P68044,89,Female,Gynecological,121,General,Low,254.0,Yes,High,11,2.0,H019,22.7,72.9,1380.0,Good,7,15.7,12
S02756,P77219,80,Female,Cardiac,282,General,Low,458.0,No,High,20,25.0,H011,23.7,37.3,741.0,Poor,3,14.7,22
S02757,P34653,81,Female,Ophthalmic,100,Local,Medium,,No,High,5,3.0,H004,21.4,41.2,1218.0,Poor,1,19.4,7
S02758,P67387,63,Male,General,88,General,Low,107.0,No,Low,1,16.0,H010,22.1,54.7,826.0,Good,3,15.0,2
S02759,P81026,43,Male,Neurological,151,General,Low,,No,Low,16,26.0,H011,21.2,44.6,461.0,Good,2,7.0,19
S02760,P59129,48,Male,Ophthalmic,35,General,High,88.0,No,Medium,6,15.0,H015,22.5,54.6,812.0,Good,5,8.3,6
S02761,P24692,27,Female,Urological,89,General,Medium,119.0,No,Low,11,13.0,H010,23.2,54.5,595.0,Poor,1,8.3,13
S02762,P97757,49,Female,ENT,74,Sedation,Low,123.0,No,Low,10,10.0,H001,23.3,45.1,300.0,Good,4,6.8,10
S02763,P42204,44,Male,Orthopedic,127,Regional,Low,198.0,No,Medium,13,23.0,H016,25.6,69.7,440.0,Poor,2,1.4,15
S02764,P47125,20,Female,Cardiac,223,General,Medium,450.0,No,High,26,19.0,H012,21.7,82.6,1069.0,Poor,1,20.4,27
S02765,P61548,32,Male,Cardiac,283,General,Medium,598.0,No,High,22,24.0,H003,25.3,52.1,396.0,Poor,4,22.2,25
S02766,P31136,56,Male,General,45,General,High,115.0,No,Medium,12,27.0,H019,25.0,63.1,1106.0,Moderate,2,16.0,13
S02767,P16653,44,Male,General,72,General,Low,93.0,No,Low,3,18.0,H009,22.2,75.3,800.0,Good,3,6.5,5
S02768,P85533,89,Female,Cardiac,207,General,Medium,382.0,Yes,High,27,11.0,H016,27.6,73.8,885.0,Poor,7,13.2,30
S02769,P77745,52,Female,Urological,73,General,Low,137.0,No,Low,10,18.0,H014,20.7,41.7,300.0,Good,4,4.6,11
S02770,P26660,87,Male,Cardiac,277,General,Low,452.0,No,High,18,11.0,H006,24.3,50.0,1003.0,Poor,6,12.1,20
S02771,P56366,65,Female,Gynecological,91,General,Medium,155.0,No,High,2,6.0,H018,26.6,41.8,1025.0,Moderate,2,7.2,5
S02772,P77073,20,Female,Urological,83,Local,Medium,138.0,No,Low,8,10.0,H018,19.6,43.2,780.0,Poor,1,5.1,9
S02773,P98505,32,Female,General,109,General,Low,131.0,No,Low,6,14.0,H018,24.5,43.5,788.0,Poor,1,7.9,6
S02774,P93538,68,Female,Neurological,169,Regional,Low,191.0,Yes,Medium,27,7.0,H004,22.8,60.0,999.0,Good,5,8.8,28
S02775,P15979,57,Male,Orthopedic,131,Regional,Medium,194.0,No,High,12,10.0,H003,23.9,42.2,833.0,Good,5,16.3,14
S02776,P83941,39,Female,Orthopedic,127,Local,Low,182.0,Yes,High,16,17.0,H011,25.6,59.4,922.0,Moderate,5,6.0,18
S02777,P22788,55,Female,Gynecological,66,General,Low,104.0,No,Medium,6,4.0,H005,,55.6,526.0,Good,2,12.0,8
S02778,P66982,83,Female,General,76,Local,Low,111.0,Yes,High,10,4.0,H012,24.3,47.9,1213.0,Moderate,6,24.3,11
S02779,P63278,45,Male,Orthopedic,130,Local,Low,128.0,No,Medium,22,23.0,H013,22.3,65.7,689.0,Good,4,2.9,24
S02780,P93082,21,Female,ENT,108,Sedation,Medium,93.0,No,Low,1,25.0,H001,20.0,44.6,333.0,Moderate,4,7.2,4
S02781,P62431,40,Female,Gynecological,138,Local,Low,237.0,No,Low,5,10.0,H015,21.2,53.9,615.0,Good,4,10.2,9
S02782,P54001,85,Male,Urological,142,General,Medium,184.0,Yes,High,12,4.0,H003,22.1,35.6,493.0,Moderate,2,7.4,15
S02783,P64542,72,Female,General,104,Sedation,Medium,148.0,No,Medium,12,14.0,H011,22.4,43.6,651.0,Good,3,11.1,16
S02784,P16810,78,Male,ENT,57,Local,Low,75.0,No,Low,7,6.0,H011,24.8,61.5,624.0,Moderate,3,7.6,8
S02785,P12701,83,Male,Orthopedic,118,General,Medium,144.0,No,High,18,26.0,H001,26.1,,858.0,Poor,5,14.7,19
S02786,P76143,26,Male,Orthopedic,116,General,Low,141.0,No,Low,12,2.0,H004,20.8,59.0,801.0,Good,2,8.5,15
S02787,P54733,38,Female,Ophthalmic,47,Sedation,Medium,84.0,No,Low,1,15.0,H011,22.0,46.1,300.0,Good,1,7.7,1
S02788,P74515,22,Female,Ophthalmic,71,General,Medium,101.0,No,Medium,1,12.0,H008,25.1,29.7,705.0,Moderate,5,8.4,4
S02789,P53526,18,Male,General,102,Local,Medium,172.0,No,Low,6,14.0,H010,18.6,44.7,,Moderate,2,6.7,8
S02790,P87882,78,Female,Orthopedic,84,General,Low,145.0,No,Low,14,22.0,H014,21.5,58.8,591.0,Good,4,10.4,14
S02791,P38103,85,Male,Cardiac,272,Local,Medium,433.0,No,High,20,8.0,H014,22.1,91.0,1198.0,Moderate,4,14.7,23
S02792,P46548,29,Male,Gynecological,44,General,Medium,76.0,No,Low,11,27.0,H012,26.9,72.4,,Good,4,8.4,13
S02793,P33841,69,Female,Urological,73,Local,Low,109.0,No,Low,5,29.0,H014,23.5,38.8,581.0,Good,2,12.6,6
S02794,P23053,56,Female,Neurological,214,Regional,Low,408.0,No,High,15,13.0,H017,22.1,70.9,904.0,Poor,4,14.2,18
S02795,P20591,22,Female,Orthopedic,138,Sedation,Low,241.0,No,Low,10,12.0,H005,21.9,44.6,521.0,Good,4,6.4,10
S02796,P19240,83,Female,Gynecological,89,General,Low,159.0,No,Medium,10,7.0,H018,20.7,45.0,427.0,Poor,2,15.7,13
S02797,P18975,80,Female,Gynecological,159,General,Low,193.0,No,Low,10,24.0,H009,26.0,62.1,903.0,Moderate,3,6.9,14
S02798,P41085,58,Male,General,76,General,High,170.0,No,Medium,13,22.0,H018,16.9,57.9,552.0,Poor,4,16.1,17
S02799,P50076,68,Male,General,29,General,High,77.0,No,High,14,14.0,H013,24.3,60.0,412.0,Good,4,7.2,18
S02800,P81365,46,Male,ENT,83,Sedation,Low,,No,Low,1,20.0,H008,21.9,29.9,300.0,Moderate,2,6.5,2
S02801,P84205,75,Female,Cardiac,186,General,High,294.0,No,High,24,11.0,H001,22.5,52.6,611.0,Poor,5,9.6,27
S02802,P56922,50,Female,General,65,General,Medium,88.0,No,Medium,6,20.0,H003,23.0,38.3,683.0,Good,2,8.7,8
S02803,P63331,89,Female,General,108,Local,Low,117.0,No,Medium,2,24.0,H012,19.5,59.0,1028.0,Good,2,9.0,6
S02804,P25339,22,Male,General,76,General,High,163.0,No,Medium,8,13.0,H013,25.6,61.2,653.0,Moderate,4,14.0,10
S02805,P33553,30,Male,Urological,97,General,Medium,137.0,Yes,High,17,20.0,H003,25.5,80.5,850.0,Poor,3,,18
S02806,P31763,87,Female,General,55,Regional,Medium,112.0,No,Medium,5,17.0,H018,23.9,44.1,929.0,Moderate,5,10.8,5
S02807,P54532,38,Female,General,115,General,Low,202.0,No,Medium,4,3.0,H007,22.3,76.9,1004.0,Moderate,4,13.2,5
S02808,P41356,40,Male,Orthopedic,69,Local,Low,92.0,No,Medium,13,2.0,H015,25.3,53.3,743.0,Good,2,20.1,14
S02809,P28921,74,Male,Gynecological,139,Regional,High,189.0,No,High,15,8.0,H015,26.5,56.1,707.0,Good,5,20.6,19
S02810,P53225,31,Male,Orthopedic,105,General,Low,85.0,No,Low,13,8.0,H014,24.1,48.6,841.0,Moderate,4,9.9,16
S02811,P20663,54,Male,Orthopedic,165,Regional,Low,196.0,No,Medium,14,6.0,H018,23.9,,914.0,Moderate,4,12.7,18
S02812,P85549,38,Male,General,64,Local,Low,70.0,No,Low,1,27.0,H016,21.9,58.4,300.0,Good,4,1.5,5
S02813,P78173,32,Male,General,147,General,Low,235.0,No,Medium,8,18.0,H004,24.5,68.0,756.0,Good,4,3.2,10
S02814,P99308,87,Female,ENT,41,Local,Low,59.0,No,Low,5,2.0,H008,30.4,47.1,796.0,Good,2,7.4,5
S02815,P34195,32,Male,Gynecological,46,General,High,119.0,No,Medium,15,27.0,H011,20.3,50.0,856.0,Good,4,10.0,15
S02816,P63932,24,Male,Urological,81,Regional,Low,98.0,No,Low,2,9.0,H010,21.8,39.1,546.0,Moderate,1,9.7,3
S02817,P83073,66,Male,Neurological,217,Local,High,385.0,Yes,High,25,29.0,H010,21.1,75.4,816.0,Good,6,15.5,28
S02818,P45026,80,Female,General,113,General,Medium,121.0,No,High,9,7.0,H004,25.1,66.7,1027.0,Good,5,11.1,12
S02819,P94092,27,Male,ENT,104,Regional,Medium,153.0,No,Medium,3,3.0,H019,22.8,47.2,705.0,Good,4,9.8,6
S02820,P26503,68,Male,General,114,General,Low,199.0,No,Medium,7,4.0,H013,26.7,35.1,718.0,Moderate,5,12.6,7
S02821,P25426,56,Male,Urological,55,Local,Low,76.0,No,Medium,6,12.0,H016,21.8,54.9,771.0,Moderate,1,4.8,9
S02822,P55991,77,Female,General,112,Regional,High,232.0,No,High,8,27.0,H007,23.5,74.0,813.0,Poor,4,11.8,9
S02823,P41940,27,Female,Cardiac,242,General,Medium,219.0,No,High,24,17.0,H013,21.8,81.6,864.0,Moderate,5,12.9,26
S02824,P65180,88,Male,General,68,General,Low,60.0,No,Medium,2,4.0,H006,23.2,32.8,1015.0,Moderate,2,11.6,6
S02825,P86743,62,Male,Cardiac,245,Sedation,High,441.0,No,High,23,10.0,H012,22.0,77.4,972.0,Good,1,12.7,24
S02826,P39424,78,Male,Orthopedic,118,General,Medium,214.0,No,High,14,15.0,H005,25.3,73.5,866.0,Moderate,3,11.2,17
S02827,P76628,44,Female,Cardiac,282,General,Low,402.0,No,High,23,16.0,H018,27.0,91.5,920.0,Poor,5,19.9,24
S02828,P39152,85,Female,Orthopedic,104,General,Medium,,No,High,13,25.0,H010,23.6,67.2,1113.0,Moderate,5,22.3,14
S02829,P13949,63,Male,Neurological,163,Regional,Medium,173.0,No,High,20,2.0,H010,26.1,55.3,784.0,Poor,2,17.1,21
S02830,P84564,27,Male,Ophthalmic,39,General,Medium,50.0,No,Medium,2,1.0,H011,22.2,60.9,711.0,Good,2,5.8,2
S02831,P57060,84,Female,Neurological,236,Local,Low,363.0,No,High,18,,H005,23.8,19.8,656.0,Poor,6,7.3,22
S02832,P69396,75,Female,Urological,60,Regional,Low,98.0,Yes,High,13,4.0,H016,26.1,49.2,788.0,Poor,4,,15
S02833,P43601,39,Male,General,128,General,Low,169.0,No,Low,8,20.0,H006,20.0,39.6,496.0,Poor,3,3.4,9
S02834,P50523,57,Male,Orthopedic,89,Regional,Low,105.0,No,Low,15,10.0,H018,20.0,41.9,594.0,Good,1,1.6,16
S02835,P83728,45,Male,Orthopedic,135,General,Low,227.0,No,Low,10,,H016,23.7,31.8,517.0,Good,3,8.4,14
S02836,P60193,57,Female,Ophthalmic,67,General,Medium,103.0,No,Medium,3,5.0,H006,21.5,47.2,819.0,Moderate,4,,5
S02837,P23358,87,Female,General,127,Regional,Medium,177.0,No,High,8,23.0,H011,25.7,59.1,965.0,Good,5,19.7,10
S02838,P55426,82,Female,Ophthalmic,92,General,Low,151.0,No,Low,7,6.0,H007,18.4,46.8,774.0,Good,4,7.6,7
S02839,P22118,33,Female,Cardiac,242,Local,Medium,353.0,No,High,17,1.0,H003,24.6,70.0,1303.0,Poor,3,13.1,18
S02840,P25693,87,Male,Gynecological,83,Regional,Low,121.0,No,Medium,11,18.0,H006,22.5,,437.0,Moderate,2,11.1,11
S02841,P98660,49,Male,Urological,128,General,Low,185.0,No,Medium,6,5.0,H017,22.3,46.2,834.0,Moderate,4,13.6,6
S02842,P88329,68,Male,ENT,50,Sedation,Medium,62.0,No,Medium,5,5.0,H006,21.9,59.7,653.0,Poor,4,7.1,8
S02843,P88026,73,Female,Orthopedic,51,Regional,High,112.0,No,High,13,7.0,H018,21.0,46.6,1013.0,Good,3,11.7,14
S02844,P18189,52,Female,ENT,20,General,Low,26.0,No,Low,4,19.0,H014,24.2,49.1,383.0,Moderate,4,4.5,6
S02845,P99782,50,Male,Neurological,131,Regional,High,247.0,No,High,21,22.0,H009,22.6,58.0,1276.0,Poor,3,5.7,21
S02846,P29172,50,Male,Urological,97,Sedation,High,141.0,No,Medium,8,27.0,H012,20.0,59.0,524.0,Good,4,6.4,10
S02847,P26024,80,Female,General,156,General,Medium,278.0,No,High,11,29.0,H017,28.0,41.3,813.0,Moderate,3,16.1,15
S02848,P60554,45,Female,General,28,General,High,92.0,No,Medium,5,7.0,H002,22.2,53.2,664.0,Poor,4,7.7,9
S02849,P44268,38,Female,Neurological,156,Regional,Low,184.0,No,Low,19,7.0,H016,20.3,64.9,376.0,Good,4,5.0,22
S02850,P51501,44,Male,Urological,82,General,Low,162.0,Yes,Low,5,7.0,H011,23.6,29.2,758.0,Good,4,4.3,7
S02851,P87913,32,Female,Cardiac,286,General,Medium,432.0,Yes,High,25,6.0,H019,23.8,54.3,909.0,Moderate,4,14.7,29
S02852,P63580,46,Female,General,66,Regional,Low,72.0,No,Low,8,1.0,H017,24.0,31.7,699.0,Moderate,2,10.3,8
S02853,P36933,26,Female,General,107,Local,Low,210.0,No,Low,9,18.0,H018,22.2,44.8,548.0,Good,3,4.1,11
S02854,P92771,24,Female,Gynecological,92,Local,Low,175.0,No,Low,9,1.0,H002,23.9,40.3,558.0,Poor,3,9.7,13
S02855,P73514,70,Female,General,168,General,Low,206.0,No,Medium,6,2.0,H009,25.9,56.4,866.0,Moderate,1,9.8,9
S02856,P35739,23,Female,Gynecological,104,General,Low,145.0,No,Low,11,12.0,H018,20.5,46.5,300.0,Good,2,10.3,15
S02857,P14887,58,Female,General,100,General,Low,136.0,No,Medium,9,24.0,H006,21.9,46.0,326.0,Good,1,6.9,11
S02858,P23564,74,Male,Gynecological,102,General,High,145.0,Yes,High,22,15.0,H005,19.5,72.1,684.0,Poor,5,18.7,26
S02859,P28347,70,Male,Gynecological,87,Regional,Low,138.0,No,Medium,6,12.0,H013,23.3,52.5,611.0,Moderate,3,14.1,7
S02860,P20915,50,Female,Gynecological,128,General,Medium,224.0,No,Medium,9,6.0,H007,23.0,60.1,663.0,Poor,2,15.6,12
S02861,P93196,31,Female,Urological,45,Local,Low,76.0,No,Low,1,20.0,H012,24.5,,448.0,Good,4,5.8,3
S02862,P15315,85,Male,General,29,Regional,Low,43.0,No,Low,2,10.0,H008,21.9,45.3,935.0,Moderate,1,5.0,6
S02863,P95353,78,Male,Orthopedic,115,Regional,High,255.0,No,High,14,29.0,H009,23.0,74.6,1104.0,Good,5,8.4,14
S02864,P81167,62,Female,Gynecological,124,Local,Low,143.0,No,Low,12,5.0,H003,22.4,41.0,300.0,Good,3,5.3,13
S02865,P16825,24,Female,Orthopedic,102,Regional,Low,208.0,No,Medium,12,23.0,H016,21.8,51.8,601.0,Moderate,2,13.7,16
S02866,P51171,20,Female,Cardiac,245,Local,Medium,310.0,No,High,20,20.0,H002,24.6,62.1,1045.0,Poor,4,4.5,20
S02867,P10620,40,Male,Urological,43,Local,Low,55.0,No,Low,8,11.0,H004,22.5,21.6,665.0,Poor,3,8.8,11
S02868,P33021,29,Female,General,121,Regional,Low,160.0,No,Low,4,12.0,H005,23.1,49.2,438.0,Good,4,8.7,7
S02869,P34327,79,Female,General,109,General,High,192.0,No,High,4,28.0,H006,21.0,,1137.0,Poor,7,9.2,8
S02870,P70665,32,Male,ENT,70,General,Low,100.0,No,Low,2,22.0,H001,23.1,48.0,417.0,Good,3,9.5,6
S02871,P27185,38,Male,Cardiac,245,Local,Medium,350.0,No,High,20,2.0,H019,26.9,53.6,980.0,Poor,1,16.5,24
S02872,P79961,88,Female,Orthopedic,78,General,Low,120.0,No,Medium,15,16.0,H011,21.7,38.2,664.0,Moderate,2,10.3,19
S02873,P73434,76,Male,Orthopedic,79,Sedation,Low,99.0,No,Medium,13,22.0,H010,22.2,39.8,779.0,Good,3,8.3,17
S02874,P94340,33,Female,Cardiac,236,General,Low,365.0,No,High,22,11.0,H003,23.6,46.9,741.0,Moderate,3,10.8,24
S02875,P59609,45,Female,Gynecological,115,Local,Medium,134.0,No,Medium,12,21.0,H013,19.8,61.4,802.0,Good,1,6.7,14
S02876,P45948,55,Female,Urological,96,General,Low,,No,Low,11,19.0,H002,,43.3,433.0,Moderate,1,9.2,12
S02877,P74737,65,Male,General,79,Sedation,High,185.0,Yes,High,15,10.0,H006,25.4,67.3,967.0,Poor,4,16.5,16
S02878,P72047,85,Female,Cardiac,262,General,Medium,392.0,No,High,17,1.0,H011,27.3,63.5,760.0,Moderate,5,10.9,20
S02879,P28906,80,Male,General,132,General,Medium,172.0,No,High,3,2.0,H019,25.8,50.7,1224.0,Moderate,3,8.6,3
S02880,P34356,88,Female,Orthopedic,117,Local,Low,186.0,No,Medium,10,21.0,H012,19.9,,675.0,Good,3,12.5,10
S02881,P67563,20,Male,Gynecological,109,General,Medium,134.0,No,Low,6,23.0,H010,24.0,45.5,635.0,Poor,3,11.8,9
S02882,P87892,35,Female,General,83,General,Medium,125.0,No,Low,7,11.0,H013,25.7,43.3,817.0,Moderate,2,6.2,7
S02883,P57203,58,Female,Orthopedic,116,Local,Low,168.0,No,Low,19,14.0,H014,23.2,63.3,642.0,Moderate,2,5.3,19
S02884,P91781,21,Male,Urological,85,Local,High,244.0,Yes,High,16,15.0,H010,23.4,57.0,1170.0,Poor,4,17.4,18
S02885,P59145,43,Male,Gynecological,151,General,Low,170.0,No,Low,9,26.0,H007,20.3,21.3,359.0,Moderate,4,4.2,12
S02886,P66721,29,Female,Cardiac,267,Regional,High,,No,High,26,16.0,H017,23.2,27.5,880.0,Moderate,5,5.3,29
S02887,P42867,85,Male,General,114,General,High,199.0,No,Medium,7,17.0,H006,20.8,68.7,593.0,Moderate,2,12.0,9
S02888,P69304,22,Male,General,76,General,Low,74.0,No,Low,10,17.0,H003,21.6,51.0,771.0,Good,2,6.2,12
S02889,P16926,28,Male,Orthopedic,93,Regional,Low,119.0,No,Low,16,4.0,H006,24.6,47.9,697.0,Moderate,2,9.9,20
S02890,P69364,32,Female,Orthopedic,131,General,Medium,145.0,No,Low,14,21.0,H015,23.8,23.4,705.0,Good,3,8.2,14
S02891,P46127,28,Female,Gynecological,137,Regional,Medium,168.0,No,Low,16,27.0,H002,21.3,48.2,740.0,Good,4,9.9,17
S02892,P63240,58,Male,Ophthalmic,111,General,Medium,131.0,No,High,6,4.0,H008,24.4,39.4,1010.0,Poor,5,11.7,9
S02893,P98872,44,Female,General,20,Local,Low,35.0,No,Low,7,3.0,H001,22.0,46.2,300.0,Good,4,10.5,8
S02894,P49490,83,Male,General,163,Regional,Medium,242.0,No,High,6,15.0,H018,22.0,47.2,808.0,Poor,4,24.6,7
S02895,P70942,36,Male,General,102,General,High,235.0,No,High,8,23.0,H007,20.9,50.7,874.0,Moderate,3,14.6,10
S02896,P76628,56,Male,General,117,Sedation,High,226.0,No,High,9,3.0,H005,26.9,52.9,605.0,Moderate,1,14.7,11
S02897,P25127,65,Male,Orthopedic,67,Local,Low,119.0,No,Low,13,22.0,H014,24.4,54.5,552.0,Good,1,4.6,16
S02898,P97895,63,Male,Neurological,172,General,High,292.0,No,High,20,7.0,H019,21.5,53.5,877.0,Poor,4,14.3,21
S02899,P59989,75,Female,Ophthalmic,84,Sedation,Low,166.0,Yes,High,7,6.0,H002,23.1,65.2,1257.0,Good,6,12.7,9
S02900,P77121,32,Male,Urological,44,General,Medium,72.0,No,Low,4,6.0,H017,23.8,28.6,745.0,Good,3,6.8,4
S02901,P21417,54,Female,Ophthalmic,20,General,Low,25.0,No,Low,1,16.0,H008,20.7,49.0,745.0,Good,1,8.2,4
S02902,P37860,75,Male,Orthopedic,130,General,Medium,219.0,No,High,9,18.0,H004,22.6,68.5,937.0,Moderate,7,9.7,13
S02903,P94504,80,Male,General,88,General,Low,132.0,No,Low,8,14.0,H002,21.1,49.0,300.0,Poor,1,8.7,10
S02904,P55038,62,Male,General,133,Regional,Low,191.0,No,Medium,7,18.0,H009,25.4,72.6,514.0,Good,4,2.2,10
S02905,P11931,64,Female,Cardiac,235,Regional,Low,359.0,No,High,20,24.0,H005,22.1,57.8,,Moderate,4,10.2,23
S02906,P63734,80,Female,Cardiac,237,Local,High,458.0,No,High,26,25.0,H005,24.4,40.2,1059.0,Moderate,5,19.3,29
S02907,P86677,62,Male,Urological,100,General,Medium,86.0,No,Low,5,22.0,H004,21.1,50.0,620.0,Moderate,1,7.0,9
S02908,P17399,86,Male,Gynecological,131,General,Medium,182.0,No,High,7,16.0,H003,19.8,55.0,957.0,Poor,2,15.4,11
S02909,P27122,27,Male,General,68,General,Medium,115.0,No,Medium,2,7.0,H015,19.1,,815.0,Good,4,12.5,4
S02910,P54278,43,Female,Cardiac,268,General,Low,,No,Medium,24,22.0,H008,22.6,51.7,598.0,Moderate,4,6.5,24
S02911,P46051,26,Male,General,74,Sedation,Low,85.0,No,Low,8,20.0,H016,,67.7,340.0,Good,4,7.0,9
S02912,P19221,24,Female,Orthopedic,120,Local,Low,94.0,No,Low,17,26.0,H011,21.2,45.6,513.0,Moderate,4,2.3,18
S02913,P27285,51,Male,Orthopedic,140,Local,Low,281.0,No,Low,18,21.0,H002,22.5,63.0,691.0,Good,3,5.1,21
S02914,P55945,34,Male,General,115,Local,High,216.0,No,High,8,4.0,H008,24.3,70.1,463.0,Poor,3,12.9,9
S02915,P63938,47,Female,Cardiac,249,General,Low,486.0,No,Medium,18,17.0,H002,21.7,78.3,786.0,Poor,3,5.6,20
S02916,P17828,49,Male,ENT,37,General,Medium,64.0,No,Medium,1,21.0,H007,20.1,59.9,391.0,Poor,1,7.6,5
S02917,P74617,62,Male,General,33,General,Medium,41.0,No,High,3,29.0,H016,24.6,66.2,1094.0,Moderate,2,9.8,7
S02918,P42522,86,Female,Orthopedic,114,Local,High,135.0,No,High,16,10.0,H007,21.4,63.3,520.0,Moderate,7,19.3,19
S02919,P99881,79,Male,Orthopedic,149,General,Low,202.0,No,Medium,7,25.0,H005,23.4,56.0,879.0,Good,2,2.8,9
S02920,P95902,45,Male,Gynecological,113,General,High,218.0,No,High,9,9.0,H004,22.9,59.7,509.0,Poor,4,,10
S02921,P65670,41,Male,Orthopedic,127,Regional,Medium,207.0,No,Medium,13,11.0,H003,20.8,46.4,526.0,Good,4,5.3,13
S02922,P10671,73,Male,Orthopedic,119,General,Medium,138.0,No,Low,16,28.0,H005,22.2,55.5,735.0,Good,4,5.8,16
S02923,P21413,26,Female,General,99,Regional,Medium,153.0,No,Medium,4,5.0,H018,21.1,45.6,718.0,Good,5,5.9,7
S02924,P34684,56,Male,Cardiac,210,General,Low,326.0,Yes,High,26,6.0,H011,21.4,32.8,599.0,Moderate,4,17.4,30
S02925,P49654,48,Female,General,113,Regional,Medium,202.0,No,Medium,12,25.0,H015,23.3,37.9,848.0,Good,3,4.5,14
S02926,P43456,31,Female,General,115,General,Medium,161.0,No,Low,1,27.0,H004,22.0,69.8,300.0,Good,1,9.8,5
S02927,P79762,62,Female,Orthopedic,109,Local,Medium,177.0,No,High,17,4.0,H012,20.1,60.3,957.0,Poor,4,15.6,19
S02928,P63101,41,Female,Urological,93,Local,High,197.0,No,High,12,24.0,H016,22.4,70.5,1293.0,Moderate,4,11.1,14
S02929,P36687,31,Female,General,38,General,Medium,66.0,No,High,10,18.0,H015,22.8,,862.0,Moderate,6,18.4,14
S02930,P96888,65,Female,General,95,Local,Low,119.0,No,Low,9,26.0,H014,19.0,60.7,530.0,Good,4,10.7,13
S02931,P90557,30,Male,Orthopedic,116,Local,Low,67.0,No,Low,12,15.0,H015,20.5,54.8,586.0,Good,2,,15
S02932,P67576,66,Male,General,127,Regional,High,231.0,No,High,10,17.0,H019,,81.4,454.0,Good,5,13.2,12
S02933,P29681,29,Female,Cardiac,234,Sedation,Medium,334.0,No,Medium,16,7.0,H008,21.3,67.3,768.0,Moderate,5,8.3,20
S02934,P90439,49,Male,General,116,Local,High,183.0,No,High,8,17.0,H007,21.8,72.5,1303.0,Good,5,12.6,10
S02935,P75735,76,Female,Cardiac,228,General,Low,238.0,No,Medium,21,13.0,H002,23.8,42.6,,Good,3,13.4,23
S02936,P24633,34,Male,ENT,20,General,Medium,26.0,No,Low,5,12.0,H004,22.7,35.9,438.0,Moderate,1,9.6,6
S02937,P25674,73,Female,Cardiac,233,General,High,391.0,Yes,High,31,9.0,H008,26.2,60.4,993.0,Poor,4,15.0,35
S02938,P35973,69,Male,Ophthalmic,65,Regional,Medium,99.0,No,Medium,7,12.0,H002,20.8,55.4,868.0,Moderate,1,13.2,7
S02939,P66676,82,Female,Ophthalmic,64,Sedation,Low,52.0,No,Medium,1,5.0,H015,22.1,47.4,716.0,Moderate,2,5.3,1
S02940,P89834,30,Male,General,94,Regional,Low,91.0,No,Low,10,25.0,H007,22.0,58.5,538.0,Good,1,12.8,12
S02941,P22500,69,Male,Cardiac,224,General,High,461.0,No,High,24,12.0,H007,23.5,59.3,1136.0,Moderate,1,11.6,24
S02942,P10465,85,Female,Neurological,170,Sedation,Medium,245.0,No,High,14,12.0,H018,29.2,56.1,713.0,Moderate,5,16.2,16
S02943,P71462,72,Female,ENT,36,Local,Low,53.0,No,Medium,4,29.0,H002,23.5,71.8,545.0,Poor,3,11.5,7
S02944,P50839,31,Female,General,30,General,Medium,33.0,No,Medium,7,15.0,H012,25.0,55.8,304.0,Good,3,7.7,9
S02945,P17031,77,Female,General,86,Sedation,Low,128.0,No,Medium,4,21.0,H012,27.3,39.0,,Moderate,5,6.8,8
S02946,P50759,25,Male,Orthopedic,97,General,Low,134.0,No,Low,10,29.0,H019,25.4,62.3,557.0,Good,3,9.0,13
S02947,P13582,60,Female,Urological,112,Regional,Low,147.0,No,Medium,4,26.0,H008,23.2,56.8,878.0,Moderate,1,8.9,6
S02948,P95161,53,Male,Orthopedic,54,Regional,Low,57.0,No,Low,12,11.0,H018,,,429.0,Poor,3,4.5,14
S02949,P87622,56,Female,Orthopedic,128,Sedation,Medium,158.0,No,Medium,11,16.0,H013,22.9,44.8,943.0,Good,5,11.1,13
S02950,P50429,55,Male,Cardiac,303,General,Low,633.0,No,High,24,24.0,H008,22.4,,968.0,Moderate,5,6.3,28
S02951,P84132,20,Male,General,84,General,Medium,117.0,No,Low,1,15.0,H011,23.7,70.3,728.0,Good,1,4.4,3
S02952,P91568,54,Female,Ophthalmic,59,Regional,Low,102.0,No,Medium,3,9.0,H009,23.5,47.7,775.0,Poor,3,10.8,3
S02953,P12705,85,Female,Urological,92,Local,Low,132.0,Yes,Medium,14,16.0,H012,23.5,59.7,664.0,Moderate,2,8.5,14
S02954,P62678,49,Male,Orthopedic,135,General,Low,189.0,No,Medium,11,1.0,H006,,58.1,725.0,Poor,4,13.4,14
S02955,P29981,37,Female,Neurological,167,General,Low,218.0,No,High,17,26.0,H007,22.9,43.9,657.0,Poor,3,14.8,18
S02956,P36997,89,Female,Urological,49,Sedation,Medium,93.0,No,High,6,18.0,H015,22.0,55.0,1239.0,Moderate,1,18.6,8
S02957,P67158,25,Male,General,109,Local,High,225.0,No,High,9,8.0,H019,25.7,44.2,1488.0,Poor,1,21.0,13
S02958,P23343,53,Female,Orthopedic,62,General,Medium,78.0,No,Medium,15,14.0,H011,23.0,48.4,314.0,Moderate,3,11.2,19
S02959,P92710,54,Male,Neurological,204,General,Medium,281.0,No,High,19,1.0,H007,26.6,91.8,836.0,Moderate,1,10.9,21
S02960,P54117,52,Male,General,78,Regional,High,192.0,No,High,8,23.0,H002,21.4,40.5,920.0,Poor,6,10.7,10
S02961,P88275,84,Female,ENT,70,Regional,Medium,45.0,No,High,1,16.0,H018,23.5,76.2,911.0,Good,4,18.9,2
S02962,P11587,48,Male,Gynecological,84,Regional,Medium,133.0,No,Medium,10,1.0,H018,21.8,70.8,455.0,Good,3,5.5,13
S02963,P81225,88,Male,Orthopedic,162,Local,Medium,269.0,No,High,12,14.0,H004,23.1,57.5,616.0,Good,3,18.6,15
S02964,P40168,22,Female,Gynecological,107,General,Low,136.0,No,Low,8,3.0,H015,24.5,56.2,945.0,Good,3,8.2,10
S02965,P73546,70,Male,Cardiac,230,Local,Low,355.0,No,High,21,12.0,H013,27.5,63.1,1261.0,Poor,5,14.2,23
S02966,P57075,60,Female,Urological,69,General,Medium,113.0,No,Medium,6,25.0,H018,24.6,50.2,352.0,Moderate,4,11.1,10
S02967,P61768,35,Female,Neurological,175,Local,Medium,197.0,No,Medium,18,19.0,H010,22.6,61.2,1128.0,Moderate,3,11.8,19
S02968,P60245,34,Male,Orthopedic,191,General,Low,334.0,No,Medium,21,14.0,H005,22.1,39.6,526.0,Good,4,14.5,24
S02969,P53394,69,Male,General,50,General,High,129.0,No,Medium,12,15.0,H007,24.1,59.7,852.0,Good,1,,14
S02970,P49953,63,Male,Cardiac,272,General,Low,395.0,No,Medium,25,15.0,H015,25.2,60.6,704.0,Good,2,5.1,28
S02971,P97553,62,Female,Cardiac,257,General,Medium,393.0,No,High,22,3.0,H004,27.5,48.5,1030.0,Moderate,4,8.5,25
S02972,P96756,21,Male,General,136,General,High,282.0,No,High,10,7.0,H013,26.2,60.5,859.0,Poor,2,11.2,12
S02973,P62890,61,Female,Gynecological,118,Regional,Low,258.0,No,Low,11,24.0,H016,22.1,58.8,794.0,Good,1,7.9,11
S02974,P23341,88,Male,Urological,80,Local,High,184.0,No,High,12,27.0,H003,24.8,76.8,776.0,Poor,2,17.9,12
S02975,P14770,19,Female,Neurological,210,Regional,Medium,366.0,No,High,20,5.0,H011,25.8,51.0,1307.0,Poor,4,14.6,20
S02976,P99773,51,Male,Orthopedic,126,Regional,Medium,196.0,No,Low,14,27.0,H005,21.2,62.3,827.0,Moderate,4,7.0,18
S02977,P26600,53,Male,General,112,General,High,281.0,No,High,6,1.0,H010,22.0,90.3,808.0,Moderate,3,18.4,8
S02978,P72223,82,Male,General,132,Local,Medium,139.0,Yes,High,7,15.0,H004,29.2,61.7,1133.0,Poor,4,20.1,10
S02979,P73943,38,Female,Orthopedic,122,General,Low,119.0,No,Medium,15,24.0,H007,21.1,56.1,707.0,Good,3,13.6,16
S02980,P84248,52,Female,Ophthalmic,47,General,Medium,72.0,No,Medium,1,7.0,H003,24.9,57.5,614.0,Moderate,3,11.4,4
S02981,P37577,69,Male,ENT,50,General,Low,84.0,No,Low,7,28.0,H008,21.0,24.0,540.0,Moderate,2,4.6,7
S02982,P67088,22,Male,Orthopedic,133,General,Low,96.0,No,Low,18,29.0,H013,21.8,33.6,768.0,Moderate,1,4.2,19
S02983,P51030,75,Male,Urological,53,Regional,Low,79.0,No,Low,7,13.0,H006,20.2,43.4,726.0,Good,3,3.5,11
S02984,P29343,77,Male,General,79,General,Low,114.0,No,Medium,10,26.0,H017,21.2,50.4,607.0,Moderate,2,13.9,11
S02985,P75507,69,Female,Cardiac,210,General,Medium,361.0,No,High,21,3.0,H012,24.7,64.6,1003.0,Poor,4,8.9,24
S02986,P77557,64,Female,General,105,Local,High,221.0,No,High,10,16.0,H019,25.3,60.8,763.0,Poor,6,9.6,14
S02987,P56616,71,Female,Orthopedic,97,General,High,142.0,No,High,17,9.0,H013,27.5,43.3,1166.0,Poor,4,21.7,19
S02988,P86336,74,Male,Orthopedic,81,Regional,Low,95.0,Yes,High,16,19.0,H005,24.0,79.6,969.0,Moderate,2,20.2,20
S02989,P65936,83,Male,ENT,36,General,Medium,45.0,Yes,High,7,8.0,H011,23.9,71.0,916.0,Poor,4,14.7,9
S02990,P77673,48,Female,General,72,Local,Medium,123.0,No,Low,2,13.0,H013,21.9,50.7,639.0,Good,4,6.0,3
S02991,P77515,50,Male,Cardiac,225,Local,Low,362.0,No,Medium,18,22.0,H010,21.0,55.5,841.0,Good,2,8.2,21
S02992,P88654,63,Female,General,97,General,Medium,127.0,No,Medium,13,,H002,23.4,43.0,582.0,Moderate,2,9.4,17
S02993,P67423,31,Male,ENT,65,Local,Low,100.0,No,Low,1,25.0,H004,21.7,47.1,601.0,Moderate,2,2.5,3
S02994,P15717,79,Male,General,101,General,High,169.0,No,High,6,20.0,H005,20.9,47.0,839.0,Moderate,3,15.2,8
S02995,P96523,73,Female,Ophthalmic,73,General,Low,154.0,No,Medium,1,8.0,H008,24.3,24.4,414.0,Poor,2,13.7,3
S02996,P96574,63,Male,Urological,102,Regional,Medium,170.0,No,Medium,5,20.0,H017,20.7,50.4,894.0,Moderate,4,9.4,5
S02997,P75526,39,Female,Neurological,122,Local,High,261.0,Yes,High,26,10.0,H001,25.1,,,Good,5,17.4,28
S02998,P94526,43,Male,Gynecological,66,General,Medium,126.0,No,Low,8,16.0,H018,22.7,43.2,300.0,Good,4,5.6,11
S02999,P28555,49,Male,Gynecological,116,General,Low,209.0,No,Low,9,18.0,H011,22.4,31.3,784.0,Good,1,3.7,13
S03000,P90728,65,Male,Urological,86,General,Low,129.0,No,Low,5,24.0,H019,20.0,56.8,356.0,Moderate,2,8.2,6
S03001,P21572,74,Male,Neurological,209,Regional,High,351.0,Yes,High,24,11.0,H013,26.3,54.5,649.0,Poor,2,12.9,28
S03002,P67366,66,Male,Orthopedic,73,Sedation,Low,137.0,No,Low,13,14.0,H009,20.5,55.2,522.0,Good,4,3.7,13
S03003,P56084,84,Male,Orthopedic,105,General,Low,158.0,No,Low,13,13.0,H003,17.1,57.9,706.0,Moderate,1,10.6,13
S03004,P86200,87,Female,General,81,Sedation,High,153.0,No,Medium,15,25.0,H014,23.9,52.2,839.0,Good,2,12.9,16
S03005,P58012,68,Female,Urological,84,General,Medium,175.0,No,Low,7,25.0,H012,23.6,55.0,577.0,Good,1,9.0,10
S03006,P64440,44,Male,Gynecological,101,Local,Medium,123.0,No,Medium,9,7.0,H008,18.7,55.7,482.0,Good,2,13.9,9
S03007,P38502,61,Male,General,104,Sedation,Low,101.0,No,Medium,1,4.0,H016,23.3,30.1,656.0,Moderate,5,9.9,3
S03008,P54298,48,Male,Orthopedic,116,Regional,Low,208.0,No,Low,14,28.0,H014,24.2,43.7,300.0,Good,4,16.0,17
S03009,P43160,63,Female,Orthopedic,161,General,Medium,206.0,No,High,8,5.0,H006,26.8,50.6,885.0,Moderate,2,15.5,11
S03010,P93789,76,Female,Urological,130,General,Low,211.0,No,Medium,9,6.0,H003,22.4,34.3,668.0,Poor,1,7.1,13
S03011,P58956,44,Male,General,56,General,Low,114.0,Yes,Low,12,4.0,H013,23.7,39.8,821.0,Good,3,9.9,14
S03012,P28678,54,Female,Urological,81,Regional,Low,88.0,No,Medium,10,5.0,H003,24.3,56.1,557.0,Poor,2,6.7,14
S03013,P14065,21,Male,Orthopedic,143,Sedation,Medium,212.0,No,High,12,2.0,H010,24.2,64.7,874.0,Poor,5,21.2,14
S03014,P86641,71,Male,General,107,General,Low,208.0,No,High,7,18.0,H019,22.3,32.3,525.0,Poor,5,14.8,9
S03015,P66187,53,Male,Ophthalmic,47,General,High,130.0,Yes,Medium,13,15.0,H015,22.4,36.3,848.0,Moderate,4,8.5,15
S03016,P49648,51,Female,Orthopedic,127,General,Low,183.0,No,Medium,11,3.0,H006,24.5,54.4,831.0,Moderate,4,14.2,12
S03017,P35622,56,Male,Orthopedic,72,Regional,Low,159.0,No,Low,15,19.0,H019,24.2,50.0,528.0,Good,4,7.5,18
S03018,P36274,33,Male,Gynecological,99,Regional,High,195.0,No,High,14,5.0,H018,23.3,59.8,754.0,Good,3,16.4,16
S03019,P65941,61,Male,General,46,General,High,124.0,Yes,High,14,16.0,H010,23.9,75.8,845.0,Poor,7,23.5,17
S03020,P55557,71,Female,ENT,85,Local,Medium,169.0,No,Medium,9,22.0,H001,25.5,57.3,639.0,Moderate,1,10.6,10
S03021,P57997,43,Male,Ophthalmic,26,General,High,96.0,Yes,High,12,13.0,H017,23.9,55.1,647.0,Moderate,5,4.9,15
S03022,P67356,27,Male,Gynecological,104,Regional,Low,197.0,No,Low,4,9.0,H016,,41.9,534.0,Good,1,13.0,6
S03023,P93456,45,Male,Orthopedic,129,General,Low,158.0,No,Low,16,26.0,H019,19.6,47.6,538.0,Good,3,9.7,16
S03024,P26445,32,Female,General,92,General,Low,171.0,No,Low,5,24.0,H018,21.9,25.0,804.0,Good,3,15.5,9
S03025,P66633,44,Male,Ophthalmic,41,Regional,Low,63.0,No,Low,5,25.0,H010,24.2,53.5,,Good,2,7.8,5
S03026,P77603,63,Female,General,83,Regional,Medium,105.0,No,Medium,7,,H001,20.2,45.3,502.0,Moderate,1,13.4,11
S03027,P54038,26,Male,ENT,105,General,Medium,164.0,No,Low,1,8.0,H008,21.9,64.5,586.0,Good,2,10.3,5
S03028,P45516,71,Male,Gynecological,87,Local,Low,135.0,No,Low,11,12.0,H008,22.8,29.5,717.0,Moderate,4,8.6,12
S03029,P57415,34,Female,Orthopedic,120,Regional,Low,247.0,No,Medium,13,5.0,H006,24.6,55.3,675.0,Poor,2,15.5,15
S03030,P73333,82,Female,General,73,General,High,167.0,No,High,8,12.0,H016,26.1,33.3,934.0,Poor,1,12.2,8
S03031,P40846,70,Male,Gynecological,130,Sedation,Medium,164.0,No,High,8,8.0,H016,28.2,51.6,1178.0,Good,2,15.1,11
S03032,P24142,37,Female,Orthopedic,122,Sedation,Low,145.0,No,Low,16,14.0,H001,23.7,54.7,568.0,Moderate,4,4.8,17
S03033,P17523,58,Male,Neurological,157,General,Low,233.0,No,Low,15,21.0,H018,23.8,61.0,488.0,Poor,4,7.4,19
S03034,P15037,25,Male,Gynecological,100,Sedation,Low,109.0,No,Low,13,12.0,H006,20.1,60.4,443.0,Good,2,5.3,16
S03035,P91345,25,Female,Orthopedic,112,Local,Low,143.0,No,Medium,9,21.0,H004,20.3,57.4,542.0,Good,4,10.2,12
S03036,P24540,86,Female,Neurological,221,General,Low,315.0,No,High,18,12.0,H005,26.1,71.6,1066.0,Poor,4,15.2,18
S03037,P69414,75,Male,Gynecological,98,Regional,Medium,134.0,No,Medium,12,15.0,H002,21.8,56.6,778.0,Good,2,13.0,13
S03038,P26248,29,Female,Urological,38,General,Low,65.0,No,Low,10,10.0,H003,20.9,43.2,300.0,Moderate,1,8.7,12
S03039,P57259,38,Male,General,104,Regional,Medium,132.0,No,Medium,7,3.0,H006,18.3,46.8,882.0,Moderate,3,11.6,11
S03040,P78537,32,Male,ENT,123,Sedation,Low,93.0,No,Medium,4,1.0,H002,23.5,65.9,380.0,Poor,5,20.0,6
S03041,P23177,46,Female,Ophthalmic,95,General,Low,94.0,No,Low,1,6.0,H004,,63.0,336.0,Moderate,4,6.7,2
S03042,P54330,38,Female,General,56,Regional,Low,83.0,No,Low,3,18.0,H005,20.4,48.0,391.0,Good,3,15.3,5
S03043,P48152,41,Female,Orthopedic,111,General,High,196.0,No,Medium,14,3.0,H015,24.6,43.7,676.0,Poor,2,6.2,18
S03044,P78761,56,Female,Urological,79,Regional,Medium,89.0,No,Low,5,14.0,H004,17.6,42.9,577.0,Moderate,3,1.0,7
S03045,P60977,31,Female,Cardiac,239,Local,Low,498.0,No,High,17,4.0,H018,25.0,48.6,1011.0,Good,2,22.5,20
S03046,P77226,81,Male,Urological,91,General,Low,159.0,No,Low,13,11.0,H019,20.3,55.3,799.0,Moderate,1,8.3,13
S03047,P62846,70,Female,General,79,Regional,Medium,117.0,No,Medium,1,8.0,H007,22.4,63.8,300.0,Moderate,2,3.5,3
S03048,P32073,72,Female,Neurological,152,General,Low,238.0,No,High,21,7.0,H001,20.7,56.9,620.0,Poor,6,11.9,21
S03049,P61008,30,Female,General,118,Local,Medium,167.0,No,Low,3,15.0,H006,19.3,49.5,814.0,Good,3,6.8,4
S03050,P91980,68,Male,General,56,Local,High,112.0,No,High,6,26.0,H003,23.8,81.0,755.0,Good,1,14.0,7
S03051,P46509,78,Male,Ophthalmic,35,Regional,Low,63.0,No,Low,1,19.0,H001,20.3,49.8,394.0,Good,2,7.3,4
S03052,P79214,30,Male,Cardiac,206,General,Medium,361.0,No,Medium,17,7.0,H016,20.6,70.2,813.0,Moderate,1,13.7,19
S03053,P69899,72,Male,Ophthalmic,78,Regional,Medium,70.0,Yes,High,10,25.0,H003,27.9,47.2,950.0,Poor,2,13.9,12
S03054,P17683,43,Male,Orthopedic,123,Regional,Medium,192.0,No,Medium,15,27.0,H015,22.4,61.5,824.0,Good,1,9.7,19
S03055,P17778,74,Female,Gynecological,126,Regional,Low,201.0,No,High,9,22.0,H013,21.6,,664.0,Poor,1,11.1,10
S03056,P61510,52,Female,Ophthalmic,36,Regional,Medium,50.0,No,Low,11,7.0,H009,17.9,38.9,300.0,Good,3,10.1,14
S03057,P27495,75,Male,Neurological,142,Local,Low,302.0,No,High,17,5.0,H007,25.6,49.9,1018.0,Poor,5,10.4,17
S03058,P47144,28,Male,Orthopedic,106,General,Medium,222.0,Yes,High,19,29.0,H008,21.6,65.6,902.0,Moderate,7,16.8,23
S03059,P50150,46,Female,Urological,74,General,Medium,102.0,No,Medium,5,26.0,H006,22.2,43.9,,Moderate,2,2.8,6
S03060,P51352,37,Male,Urological,86,Sedation,Low,123.0,No,Low,5,13.0,H007,25.9,25.1,300.0,Good,3,8.4,6
S03061,P75300,35,Female,Neurological,129,General,High,230.0,No,High,19,14.0,H006,26.2,59.3,914.0,Good,1,8.4,21
S03062,P43040,40,Male,General,104,Sedation,Medium,136.0,Yes,High,14,16.0,H019,24.2,49.9,759.0,Moderate,3,8.5,15
S03063,P19200,45,Male,Urological,53,Regional,Medium,64.0,No,Medium,9,26.0,H018,20.6,28.8,789.0,Moderate,3,6.2,12
S03064,P54665,27,Male,Orthopedic,100,Sedation,High,215.0,No,High,20,9.0,H017,23.7,62.5,1133.0,Poor,4,14.3,23
S03065,P87937,68,Female,General,125,Regional,Medium,261.0,Yes,High,9,20.0,H016,22.7,69.9,879.0,Moderate,4,17.0,12
S03066,P42003,57,Male,General,24,Local,Low,47.0,No,Low,8,28.0,H005,22.6,57.4,1024.0,Moderate,2,9.4,8
S03067,P78735,77,Female,Orthopedic,129,Local,Medium,224.0,No,High,14,9.0,H017,27.8,85.2,719.0,Poor,3,14.5,15
S03068,P51655,68,Male,Urological,89,Regional,Medium,69.0,No,Medium,9,9.0,H009,21.6,41.2,919.0,Good,2,5.5,13
S03069,P27440,28,Male,Neurological,155,General,Medium,145.0,No,Medium,15,4.0,H004,21.4,,591.0,Poor,4,12.7,18
S03070,P59024,23,Female,Ophthalmic,46,General,High,133.0,No,Medium,2,22.0,H015,23.0,54.9,775.0,Good,2,8.9,6
S03071,P53342,48,Male,General,126,General,Low,250.0,No,Medium,8,8.0,H019,23.9,,564.0,Poor,2,,9
S03072,P75753,52,Male,General,148,Sedation,Low,246.0,No,Medium,9,,H016,21.2,59.4,759.0,Good,1,13.8,11
S03073,P71856,35,Male,General,121,General,Low,170.0,No,Low,5,15.0,H001,22.5,60.0,1098.0,Good,4,5.8,5
S03074,P23633,74,Female,General,146,Local,Medium,278.0,Yes,High,13,17.0,H003,24.1,54.5,566.0,Poor,5,13.4,15
S03075,P15145,59,Male,Urological,59,Regional,Low,101.0,No,Medium,11,1.0,H003,26.5,66.8,300.0,Moderate,2,9.8,11
S03076,P22016,71,Male,Gynecological,52,General,Low,95.0,No,Low,8,22.0,H019,23.8,40.7,478.0,Poor,4,5.1,9
S03077,P70086,25,Female,Urological,78,Sedation,Low,73.0,No,Low,3,17.0,H011,20.3,43.9,659.0,Good,2,6.5,6
S03078,P54807,76,Female,General,114,General,Medium,182.0,No,High,3,14.0,H016,20.3,34.1,1171.0,Good,3,13.5,4
S03079,P43977,32,Female,Cardiac,184,Regional,Low,373.0,No,Medium,18,10.0,H003,22.2,15.0,624.0,Good,1,11.0,20
S03080,P52748,50,Female,Orthopedic,92,Regional,Low,152.0,No,Low,12,19.0,H010,20.6,29.0,815.0,Moderate,3,11.2,13
S03081,P10054,49,Female,Urological,55,General,Low,98.0,No,Low,7,22.0,H008,21.0,60.7,509.0,Moderate,1,1.0,7
S03082,P60746,77,Male,General,100,General,Low,,No,Low,6,23.0,H010,20.0,63.2,776.0,Poor,1,6.6,8
S03083,P24564,37,Male,General,96,Regional,Low,147.0,No,Low,6,12.0,H013,21.0,34.7,524.0,Moderate,3,7.2,9
S03084,P65203,35,Female,General,66,General,Low,126.0,No,Low,9,15.0,H010,20.9,61.2,421.0,Good,2,6.8,10
S03085,P24196,42,Female,General,95,Local,Medium,123.0,No,Low,4,8.0,H002,21.8,20.9,624.0,Good,3,2.9,5
S03086,P34670,43,Female,Gynecological,65,Regional,Low,82.0,Yes,Low,18,7.0,H016,20.7,37.6,634.0,Good,1,11.1,20
S03087,P94979,31,Female,General,77,General,Low,104.0,No,Low,9,26.0,H018,20.6,44.4,973.0,Good,2,13.5,11
S03088,P68295,30,Male,ENT,32,General,Medium,48.0,No,Medium,7,12.0,H011,22.8,64.2,751.0,Good,1,9.0,8
S03089,P89602,34,Male,Orthopedic,115,General,Low,116.0,No,Low,12,8.0,H004,22.0,71.7,656.0,Moderate,3,14.6,16
S03090,P54609,51,Female,General,65,Local,Low,111.0,Yes,Low,11,22.0,H016,22.0,44.4,623.0,Moderate,4,1.0,15
S03091,P75141,42,Male,Orthopedic,140,Regional,Low,203.0,No,Low,16,21.0,H012,21.9,49.2,487.0,Good,1,4.7,18
S03092,P54629,46,Female,Urological,79,General,Low,138.0,No,Low,7,8.0,H017,20.2,,551.0,Good,3,7.2,8
S03093,P66680,69,Female,General,83,Regional,Medium,71.0,No,Medium,4,6.0,H012,25.3,80.3,661.0,Good,2,15.5,6
S03094,P63451,35,Male,General,143,Regional,High,301.0,No,Medium,7,19.0,H014,25.6,68.5,738.0,Poor,3,6.5,8
S03095,P10392,83,Female,Urological,91,Regional,Low,172.0,No,Low,5,27.0,H015,24.5,35.5,300.0,Moderate,3,4.7,7
S03096,P65090,72,Female,General,78,General,Medium,127.0,No,High,3,5.0,H001,21.0,70.8,646.0,Moderate,3,17.1,6
S03097,P21765,30,Female,Cardiac,222,General,High,384.0,No,High,32,7.0,H005,22.0,44.8,773.0,Poor,3,,32
S03098,P65520,40,Male,General,54,General,Low,95.0,No,Low,1,27.0,H009,23.4,66.8,427.0,Good,3,6.4,1
S03099,P20780,31,Female,Orthopedic,118,Regional,Medium,222.0,No,Medium,11,22.0,H014,20.7,58.5,839.0,Moderate,1,11.5,14
S03100,P84753,37,Male,Ophthalmic,69,Regional,Medium,114.0,No,Low,4,18.0,H005,20.6,37.7,485.0,Moderate,3,4.6,7
S03101,P62715,44,Female,Gynecological,42,General,Medium,70.0,No,Low,7,10.0,H009,19.3,63.3,705.0,Good,3,9.6,11
S03102,P54954,27,Male,Gynecological,59,General,High,167.0,No,High,11,14.0,H001,22.4,71.8,825.0,Poor,5,9.2,15
S03103,P94353,19,Female,Ophthalmic,44,Regional,Low,76.0,No,Low,4,6.0,H013,20.4,54.8,1038.0,Good,3,4.1,7
S03104,P94692,49,Female,Urological,47,General,High,109.0,No,Medium,14,,H013,18.8,57.1,633.0,Poor,2,15.3,16
S03105,P35178,68,Female,General,91,Regional,Low,171.0,No,Low,6,15.0,H011,24.3,43.7,677.0,Good,1,8.3,8
S03106,P95176,39,Female,Orthopedic,125,General,Medium,182.0,No,Medium,16,24.0,H010,22.9,60.1,572.0,Good,2,5.9,17
S03107,P48093,79,Male,Neurological,176,General,Low,265.0,No,Medium,12,26.0,H019,20.8,79.0,568.0,Moderate,2,2.0,14
S03108,P40182,44,Female,Ophthalmic,76,Regional,Low,116.0,No,Low,1,3.0,H002,23.7,72.9,683.0,Good,1,8.3,4
S03109,P94757,82,Male,ENT,52,General,Low,93.0,No,Medium,6,26.0,H014,22.6,49.0,656.0,Good,5,10.3,6
S03110,P89311,34,Female,Gynecological,98,Regional,High,248.0,No,High,18,9.0,H012,27.1,38.3,916.0,Poor,6,17.8,19
S03111,P86884,56,Male,Cardiac,209,General,Medium,315.0,No,High,18,10.0,H009,23.6,,963.0,Good,4,6.9,22
S03112,P47884,72,Female,Orthopedic,128,General,High,308.0,Yes,High,18,14.0,H004,23.1,67.0,,Moderate,4,11.9,19
S03113,P63092,22,Male,Ophthalmic,62,Regional,Low,96.0,No,Low,4,9.0,H018,23.3,53.4,743.0,Good,4,9.6,8
S03114,P97686,84,Female,Orthopedic,84,General,Low,161.0,No,Medium,14,10.0,H018,23.8,58.9,667.0,Moderate,1,9.2,18
S03115,P13698,44,Female,General,85,Regional,Low,132.0,No,Low,4,21.0,H007,24.1,58.7,518.0,Moderate,2,10.1,8
S03116,P93465,53,Male,Neurological,178,Local,Low,240.0,No,Low,14,10.0,H014,24.0,58.9,459.0,Good,1,8.8,16
S03117,P94055,63,Male,Cardiac,248,Sedation,Low,515.0,No,High,19,18.0,H003,30.1,59.1,717.0,Good,2,16.0,23
S03118,P49554,64,Female,Gynecological,109,General,High,194.0,No,High,14,11.0,H001,25.4,51.9,901.0,Good,5,15.7,15
S03119,P13399,19,Female,ENT,48,General,High,112.0,No,Medium,7,10.0,H019,21.0,39.2,907.0,Moderate,2,6.7,10
S03120,P41449,80,Male,Urological,102,General,Low,114.0,No,Low,11,5.0,H017,22.4,53.1,673.0,Good,4,9.0,12
S03121,P19542,62,Male,General,105,Local,Low,197.0,No,Medium,6,26.0,H001,20.8,73.1,570.0,Poor,1,11.0,8
S03122,P71741,89,Male,General,68,General,Medium,132.0,No,High,8,4.0,H002,26.5,73.7,655.0,Moderate,5,18.7,11
S03123,P42002,51,Female,Ophthalmic,25,General,Medium,40.0,No,Low,3,17.0,H003,20.3,19.9,443.0,Good,3,1.7,6
S03124,P43079,62,Female,General,70,Local,Medium,84.0,No,High,5,8.0,H001,27.1,64.0,969.0,Moderate,5,15.0,8
S03125,P60838,49,Male,General,45,General,Medium,67.0,Yes,Medium,14,29.0,H008,22.0,40.3,,Good,3,12.8,17
S03126,P69432,82,Female,Gynecological,106,Regional,Low,149.0,Yes,High,11,3.0,H008,22.8,70.4,1098.0,Poor,4,13.3,11
S03127,P21720,77,Female,Cardiac,275,Regional,Low,327.0,Yes,High,24,13.0,H013,22.9,40.8,1137.0,Poor,5,11.8,24
S03128,P47919,83,Female,Orthopedic,162,Regional,High,269.0,No,High,15,15.0,H003,21.1,71.3,550.0,Poor,4,14.4,17
S03129,P18447,54,Male,Urological,47,Local,Medium,77.0,No,Low,9,29.0,H017,20.9,42.2,461.0,Moderate,1,7.3,10
S03130,P55168,74,Male,General,113,General,High,198.0,No,High,11,5.0,H016,24.4,41.2,1054.0,Good,2,19.9,15
S03131,P39820,43,Male,Orthopedic,122,Regional,Low,193.0,Yes,Medium,16,25.0,H014,22.9,59.8,897.0,Moderate,3,10.1,16
S03132,P44084,51,Male,Cardiac,168,Regional,Medium,162.0,No,Medium,18,2.0,H018,22.0,43.5,672.0,Poor,2,6.6,21
S03133,P26307,72,Male,ENT,60,General,Low,120.0,No,Medium,5,9.0,H004,22.8,67.0,1037.0,Moderate,3,7.7,7
S03134,P81702,23,Male,General,76,Local,High,155.0,No,Low,5,25.0,H015,20.9,58.9,829.0,Good,1,5.8,9
S03135,P35243,69,Male,General,126,Local,Low,221.0,No,Medium,10,11.0,H009,21.8,52.8,841.0,Moderate,2,13.0,14
S03136,P64123,19,Female,Orthopedic,93,Sedation,Medium,144.0,Yes,Medium,18,18.0,H007,26.6,46.8,750.0,Moderate,2,13.0,20
S03137,P68064,59,Male,ENT,86,Local,Low,139.0,Yes,Medium,6,12.0,H013,21.3,69.4,387.0,Moderate,3,2.2,9
S03138,P71491,52,Female,Ophthalmic,56,General,Low,64.0,No,Low,1,27.0,H006,21.4,60.0,413.0,Good,1,6.5,1
S03139,P10620,51,Male,General,46,General,Low,58.0,No,Low,7,3.0,H001,19.7,69.7,581.0,Good,3,9.7,8
S03140,P83882,53,Female,Cardiac,223,General,Medium,285.0,No,High,21,29.0,H007,24.5,41.3,1258.0,Poor,3,11.0,21
S03141,P68677,53,Male,Gynecological,145,General,Medium,218.0,No,Medium,7,7.0,H015,24.5,47.5,874.0,Moderate,4,11.7,8
S03142,P81660,47,Female,Urological,74,General,High,190.0,No,Medium,10,18.0,H002,21.1,,615.0,Moderate,3,10.9,13
S03143,P76560,50,Female,Urological,107,General,Medium,174.0,No,Medium,4,8.0,H017,20.2,58.7,876.0,Moderate,5,16.2,8
S03144,P55856,58,Male,ENT,95,General,Medium,116.0,No,Medium,4,24.0,H018,23.1,39.9,572.0,Moderate,4,8.4,7
S03145,P76883,72,Female,General,76,Local,Medium,115.0,No,High,11,21.0,H009,25.1,46.0,300.0,Moderate,6,12.1,14
S03146,P32878,57,Male,Neurological,141,General,Low,,No,High,24,5.0,H005,23.9,56.8,1081.0,Poor,4,14.2,28
S03147,P40652,64,Female,General,55,Regional,Medium,76.0,No,High,6,8.0,H016,22.5,,478.0,Poor,2,10.0,10
S03148,P42705,78,Male,Urological,123,Local,Medium,,No,Medium,9,21.0,H005,24.9,29.0,300.0,Poor,3,13.5,12
S03149,P45047,89,Male,Cardiac,244,Regional,Medium,421.0,No,High,22,15.0,H004,21.3,58.8,981.0,Moderate,2,13.3,26
S03150,P59682,25,Male,Cardiac,187,General,Low,240.0,No,Medium,15,16.0,H014,20.4,84.7,587.0,Moderate,3,15.0,19
S03151,P76191,69,Female,Gynecological,125,Regional,Low,174.0,No,Low,6,11.0,H007,24.0,51.4,670.0,Moderate,4,4.5,10
S03152,P31488,34,Male,General,36,Local,Low,64.0,No,Low,1,20.0,H012,24.7,45.5,971.0,Good,4,7.6,2
S03153,P39518,32,Female,Urological,55,Local,High,140.0,No,Medium,12,27.0,H005,22.2,62.8,857.0,Moderate,2,8.1,12
S03154,P80273,75,Male,Orthopedic,122,General,Medium,229.0,No,High,19,4.0,H019,22.0,71.4,1218.0,Poor,5,12.7,22
S03155,P80305,22,Male,Neurological,255,General,Medium,492.0,No,High,21,21.0,H005,23.1,55.2,749.0,Good,5,14.3,24
S03156,P30642,79,Male,Cardiac,264,Regional,Low,288.0,No,Medium,21,28.0,H019,19.8,40.7,647.0,Moderate,1,10.6,21
S03157,P19304,73,Female,Gynecological,85,General,Medium,134.0,No,Medium,9,7.0,H015,27.8,36.6,797.0,Moderate,5,15.5,12
S03158,P40167,89,Female,Gynecological,100,Local,Low,134.0,No,Low,8,13.0,H008,19.9,60.8,513.0,Good,3,9.1,8
S03159,P20708,66,Male,General,117,Regional,Low,133.0,No,Low,10,17.0,H014,22.7,44.4,760.0,Moderate,2,8.2,12
S03160,P66945,80,Female,General,132,Local,Medium,166.0,Yes,High,12,23.0,H018,26.1,67.2,1083.0,Moderate,2,17.2,12
S03161,P74815,26,Male,Orthopedic,112,Sedation,Low,157.0,No,Low,14,20.0,H012,20.2,62.7,561.0,Moderate,2,10.1,16
S03162,P72791,82,Male,Gynecological,93,Regional,Low,131.0,No,Low,6,29.0,H019,20.1,46.3,824.0,Poor,3,11.7,7
S03163,P40592,29,Female,ENT,45,Sedation,Low,59.0,No,Low,6,17.0,H018,24.3,32.4,551.0,Moderate,1,5.5,8
S03164,P45517,40,Male,Urological,99,Regional,Low,148.0,No,Low,7,26.0,H017,22.7,47.3,327.0,Good,4,3.7,9
S03165,P53653,27,Male,Cardiac,270,General,High,653.0,Yes,High,30,16.0,H018,23.7,60.5,964.0,Good,4,22.5,33
S03166,P78011,46,Female,General,31,Local,Medium,30.0,No,Low,9,10.0,H018,20.9,55.9,601.0,Moderate,1,9.5,10
S03167,P95624,71,Male,Cardiac,228,Regional,High,469.0,Yes,High,24,20.0,H001,21.9,43.1,776.0,Moderate,3,12.2,24
S03168,P91176,37,Female,Orthopedic,83,Sedation,High,,Yes,Medium,21,12.0,H012,23.5,40.4,716.0,Moderate,5,6.6,24
S03169,P40502,77,Female,Orthopedic,124,General,Low,169.0,No,Medium,12,20.0,H013,24.9,52.0,653.0,Poor,4,7.2,13
S03170,P24795,61,Female,Orthopedic,82,General,Low,73.0,No,Low,12,19.0,H003,23.1,54.5,1123.0,Good,4,13.7,12
S03171,P14699,63,Female,Orthopedic,80,Local,Medium,138.0,No,Medium,10,3.0,H013,22.3,55.1,487.0,Moderate,4,3.6,10
S03172,P92429,85,Female,Urological,113,General,Low,120.0,No,Medium,5,16.0,H017,24.0,75.6,761.0,Poor,3,16.6,9
S03173,P94842,49,Male,Cardiac,235,Regional,High,460.0,Yes,High,25,1.0,H015,21.6,78.3,929.0,Moderate,5,14.5,26
S03174,P58426,42,Female,Gynecological,98,Regional,Low,198.0,No,Low,12,12.0,H006,22.6,48.4,761.0,Good,1,8.0,16
S03175,P16162,89,Male,ENT,82,General,Medium,91.0,No,High,6,20.0,H010,27.0,49.3,890.0,Good,6,,10
S03176,P50394,58,Female,General,119,General,Medium,220.0,No,Low,7,19.0,H018,22.5,42.5,848.0,Good,2,8.4,11
S03177,P75028,62,Male,General,77,Local,High,166.0,Yes,High,9,3.0,H006,24.7,41.1,698.0,Good,5,12.9,12
S03178,P81624,39,Female,Gynecological,88,General,Medium,76.0,No,Low,15,27.0,H010,20.7,51.5,501.0,Good,2,15.5,19
S03179,P80286,33,Female,Orthopedic,108,Local,Medium,122.0,No,Low,12,22.0,H016,20.9,38.1,617.0,Good,4,10.2,16
S03180,P80566,30,Male,General,122,Local,Low,189.0,No,Medium,12,9.0,H010,21.9,42.3,759.0,Poor,4,9.6,16
S03181,P18594,34,Female,General,87,Regional,Medium,140.0,No,Low,9,14.0,H003,22.4,,,Good,2,8.3,10
S03182,P71427,32,Male,Urological,71,General,Medium,72.0,No,High,7,4.0,H016,23.5,69.6,769.0,Good,4,13.3,9
S03183,P99283,71,Male,Urological,91,General,Medium,137.0,No,Medium,14,11.0,H007,18.9,56.3,873.0,Moderate,3,10.8,17
S03184,P46765,22,Female,Urological,134,Local,Medium,234.0,No,Medium,9,20.0,H008,24.3,36.4,881.0,Moderate,2,15.1,13
S03185,P56173,63,Male,Gynecological,102,General,Low,183.0,No,Low,9,26.0,H017,23.0,60.6,747.0,Good,2,5.4,11
S03186,P34053,86,Male,General,81,General,Low,111.0,No,Medium,5,18.0,H003,22.5,66.0,636.0,Poor,3,8.3,6
S03187,P82125,73,Male,Urological,138,Sedation,High,275.0,Yes,High,19,9.0,H015,22.1,46.1,774.0,Poor,7,18.5,22
S03188,P42432,47,Male,Ophthalmic,99,General,Low,180.0,No,Low,1,27.0,H015,21.0,40.6,700.0,Moderate,2,12.3,3
S03189,P98873,22,Female,General,125,General,Medium,219.0,No,Medium,5,16.0,H017,23.5,44.5,885.0,Poor,2,4.3,7
S03190,P61595,78,Female,ENT,54,Sedation,Medium,95.0,No,Medium,3,22.0,H006,23.2,58.2,416.0,Poor,4,10.6,3
S03191,P40721,18,Female,Ophthalmic,42,General,High,114.0,No,High,3,21.0,H001,20.9,64.5,999.0,Good,5,16.8,4
S03192,P60757,67,Male,General,34,General,Low,50.0,No,Medium,4,12.0,H017,25.6,58.3,608.0,Moderate,2,13.3,7
S03193,P13587,66,Female,Orthopedic,148,General,Low,234.0,No,High,19,1.0,H003,22.1,48.7,784.0,Good,4,16.2,19
S03194,P93154,31,Female,Cardiac,242,Local,High,357.0,Yes,High,32,19.0,H018,,74.3,1196.0,Poor,3,9.6,36
S03195,P51197,71,Female,Urological,25,Local,Medium,45.0,No,Medium,8,26.0,H014,23.6,46.6,747.0,Moderate,3,8.6,8
S03196,P51099,30,Male,Orthopedic,156,Local,Medium,162.0,No,Low,12,26.0,H008,22.3,47.6,568.0,Moderate,2,10.9,15
S03197,P46864,34,Male,General,79,Sedation,Low,106.0,No,Low,5,25.0,H008,22.1,55.2,527.0,Good,3,7.8,6
S03198,P69996,76,Female,General,83,General,Low,123.0,No,Low,5,11.0,H013,22.8,62.5,553.0,Poor,3,7.1,7
S03199,P80280,88,Female,Ophthalmic,20,Regional,High,82.0,No,High,11,27.0,H017,24.3,51.4,986.0,Poor,7,15.2,11
S03200,P69403,37,Male,Urological,94,General,Medium,,No,Medium,8,1.0,H001,25.1,39.6,1026.0,Good,2,14.8,12
S03201,P21345,84,Female,Gynecological,115,Sedation,High,273.0,Yes,High,20,10.0,H001,23.7,60.1,603.0,Poor,6,14.2,23
S03202,P75850,83,Male,General,88,Sedation,High,184.0,Yes,High,15,19.0,H016,23.2,60.5,1387.0,Moderate,4,15.4,15
S03203,P67983,73,Male,Orthopedic,107,General,Medium,137.0,No,Medium,11,10.0,H008,21.3,63.2,1204.0,Moderate,1,10.8,14
S03204,P99230,28,Female,Gynecological,178,Local,Medium,259.0,No,High,10,1.0,H009,,85.3,850.0,Moderate,5,11.5,14
S03205,P33926,39,Female,Orthopedic,83,Regional,Medium,116.0,No,Medium,10,6.0,H001,21.8,46.8,703.0,Good,3,12.6,13
S03206,P82181,66,Male,General,68,General,Medium,112.0,No,Low,10,28.0,H006,22.1,53.9,638.0,Poor,3,16.1,10
S03207,P88867,89,Female,ENT,91,Regional,Medium,107.0,No,Medium,2,13.0,H012,22.8,61.0,886.0,Moderate,1,12.0,2
S03208,P13568,76,Female,General,59,Sedation,Low,85.0,No,Medium,5,5.0,H017,23.3,57.1,679.0,Moderate,1,7.9,6
S03209,P92475,48,Male,General,57,General,High,163.0,No,Medium,12,18.0,H003,20.9,31.9,798.0,Moderate,1,9.5,15
S03210,P83043,34,Female,Gynecological,133,General,Medium,206.0,No,Medium,7,11.0,H008,23.4,60.4,850.0,Moderate,2,10.4,7
S03211,P82263,87,Female,Urological,98,Sedation,High,166.0,Yes,High,15,12.0,H015,23.9,53.9,429.0,Poor,1,18.6,16
S03212,P99989,37,Female,General,104,General,Low,145.0,No,Low,1,28.0,H016,22.7,56.9,,Good,2,6.9,3
S03213,P28079,42,Female,General,95,General,Low,78.0,No,Low,6,16.0,H010,25.1,36.1,647.0,Good,4,12.1,7
S03214,P13412,87,Female,Orthopedic,99,Local,Medium,146.0,No,High,15,3.0,H008,25.1,66.1,792.0,Poor,2,11.9,17
S03215,P65260,58,Male,General,82,Regional,Medium,163.0,No,Medium,5,28.0,H016,21.3,48.6,396.0,Moderate,3,9.0,6
S03216,P63746,37,Male,Cardiac,237,General,Low,271.0,No,High,22,1.0,H019,28.6,85.1,869.0,Moderate,6,,26
S03217,P87050,18,Female,General,115,General,Low,122.0,No,Low,6,20.0,H015,24.0,39.2,492.0,Good,1,7.9,6
S03218,P63946,48,Female,Gynecological,112,Local,Medium,146.0,No,High,13,4.0,H013,25.9,47.0,797.0,Poor,3,8.1,16
S03219,P20016,88,Male,Orthopedic,92,Regional,High,213.0,No,High,14,8.0,H014,24.7,78.8,852.0,Poor,6,14.6,17
S03220,P57241,49,Male,General,113,Regional,Low,227.0,No,Low,6,29.0,H013,23.5,60.2,300.0,Moderate,1,6.6,10
S03221,P44742,68,Female,Orthopedic,69,Local,Low,112.0,No,Low,9,5.0,H010,17.9,52.9,543.0,Good,2,4.7,11
S03222,P88776,36,Male,Cardiac,230,General,Low,256.0,No,High,20,29.0,H003,27.3,61.1,725.0,Moderate,3,17.4,20
S03223,P73483,73,Male,Orthopedic,85,Local,Low,126.0,Yes,High,17,9.0,H018,25.7,37.7,700.0,Moderate,4,9.3,20
S03224,P83288,73,Female,Orthopedic,94,Local,Low,191.0,No,Medium,16,12.0,H015,22.2,,816.0,Poor,3,8.1,17
S03225,P75979,61,Female,ENT,127,Sedation,Medium,178.0,Yes,High,8,28.0,H007,27.8,48.8,532.0,Moderate,7,12.6,9
S03226,P25483,73,Female,ENT,25,General,Medium,38.0,No,High,3,22.0,H010,24.2,54.9,986.0,Poor,4,13.0,3
S03227,P87357,59,Female,Gynecological,75,General,Low,117.0,No,Low,7,9.0,H002,20.0,43.3,777.0,Moderate,3,5.2,8
S03228,P19269,45,Male,General,105,Regional,Low,108.0,No,Low,7,22.0,H014,22.4,42.8,578.0,Good,4,3.9,7
S03229,P33819,71,Female,Urological,65,Sedation,High,166.0,No,High,16,14.0,H008,23.4,80.0,1308.0,Good,7,14.1,19
S03230,P24992,78,Male,Ophthalmic,64,Sedation,Low,112.0,No,High,1,3.0,H017,24.6,42.1,1423.0,Good,2,16.1,1
S03231,P18089,78,Male,General,132,General,Medium,119.0,No,High,6,8.0,H005,24.1,71.7,948.0,Poor,1,12.8,8
S03232,P89804,33,Female,Orthopedic,139,Regional,Low,153.0,No,Medium,17,7.0,H014,25.9,55.7,587.0,Poor,4,7.3,19
S03233,P22036,66,Female,Gynecological,85,General,Medium,102.0,No,High,8,14.0,H007,23.7,62.7,1024.0,Good,5,15.4,10
S03234,P18856,18,Female,ENT,65,Regional,Medium,112.0,Yes,Medium,11,26.0,H010,27.0,58.7,332.0,Poor,3,11.4,13
S03235,P18477,59,Male,Cardiac,255,Local,Low,325.0,No,High,24,17.0,H007,22.4,63.3,1434.0,Good,4,12.3,26
S03236,P68154,59,Female,General,109,Local,Medium,176.0,No,High,6,5.0,H017,25.3,54.9,889.0,Good,5,5.7,8
S03237,P30634,44,Female,Neurological,180,General,Medium,260.0,No,Low,16,18.0,H004,20.2,62.8,657.0,Good,4,5.2,16
S03238,P71494,89,Female,Neurological,190,Sedation,Low,289.0,No,High,20,16.0,H015,22.9,28.3,583.0,Poor,6,20.1,21
S03239,P33836,81,Female,Gynecological,110,General,Medium,181.0,Yes,High,16,12.0,H001,22.8,88.8,1058.0,Poor,3,13.5,16
S03240,P29630,20,Male,Neurological,177,Regional,Low,279.0,No,Low,17,8.0,H015,22.6,,625.0,Good,4,12.5,20
S03241,P24958,33,Female,ENT,51,Regional,Low,76.0,No,Low,6,21.0,H009,24.4,70.2,573.0,Good,1,8.9,9
S03242,P30679,32,Female,Urological,102,Regional,High,213.0,No,High,13,17.0,H018,24.9,46.1,695.0,Moderate,2,14.0,16
S03243,P31226,82,Female,Orthopedic,128,Local,Low,200.0,No,Low,13,13.0,H008,20.0,50.5,423.0,Good,3,3.9,16
S03244,P85213,55,Female,Urological,20,Regional,Low,28.0,No,Low,8,6.0,H003,23.9,53.4,453.0,Good,1,11.9,11
S03245,P57909,70,Female,Urological,55,General,Low,75.0,Yes,High,14,4.0,H013,25.0,51.3,499.0,Poor,4,14.6,14
S03246,P47806,76,Male,General,75,General,High,204.0,No,High,8,7.0,H010,23.7,71.0,1027.0,Good,6,12.5,9
S03247,P91127,73,Male,General,83,Regional,Low,113.0,No,Low,10,18.0,H001,20.1,52.8,917.0,Moderate,3,11.1,10
S03248,P54952,24,Female,Urological,116,Regional,Low,221.0,No,Medium,4,2.0,H003,19.8,38.4,794.0,Poor,2,11.5,5
S03249,P88812,28,Female,General,186,Regional,Medium,240.0,Yes,High,11,3.0,H010,28.3,69.8,602.0,Poor,4,19.7,14
S03250,P45743,46,Female,Orthopedic,46,General,Medium,80.0,No,Low,16,29.0,H015,20.9,57.6,666.0,Good,1,5.3,17
S03251,P98322,42,Male,Cardiac,249,General,Medium,506.0,No,High,17,8.0,H019,22.5,54.4,437.0,Poor,3,,19
S03252,P26487,71,Male,Cardiac,242,Local,High,388.0,Yes,High,31,4.0,H009,24.6,32.5,1311.0,Poor,5,9.6,31
S03253,P56367,29,Female,Gynecological,94,Regional,Low,122.0,No,Low,10,28.0,H019,20.0,51.3,488.0,Good,4,4.8,12
S03254,P49535,44,Female,Orthopedic,136,Regional,Medium,186.0,No,Medium,17,13.0,H014,23.9,42.7,795.0,Moderate,5,6.5,21
S03255,P89996,35,Male,General,94,Regional,Medium,140.0,No,Medium,8,1.0,H011,25.5,54.2,655.0,Poor,3,6.9,10
S03256,P34238,31,Female,General,79,General,Low,126.0,No,Low,6,13.0,H003,19.9,40.5,716.0,Good,1,2.6,10
S03257,P40890,30,Male,Urological,80,General,High,169.0,No,High,11,1.0,H017,22.5,85.1,1310.0,Poor,6,19.4,15
S03258,P37014,32,Male,General,106,General,Medium,,No,Low,7,9.0,H012,22.9,41.8,300.0,Good,1,4.4,7
S03259,P65845,58,Male,Ophthalmic,73,Local,Low,152.0,No,Low,9,28.0,H015,19.6,39.3,652.0,Poor,3,5.9,9
S03260,P28154,47,Male,Ophthalmic,65,General,Low,93.0,No,Low,3,24.0,H003,20.2,50.3,657.0,Good,3,1.7,4
S03261,P52932,49,Male,Orthopedic,102,General,Low,134.0,No,Low,13,13.0,H018,21.8,30.8,524.0,Moderate,3,12.7,14
S03262,P66387,52,Female,Gynecological,184,Sedation,High,371.0,No,High,12,10.0,H007,28.8,52.8,644.0,Poor,4,11.5,16
S03263,P29381,71,Female,Cardiac,250,General,Low,438.0,Yes,High,26,17.0,H008,21.0,38.6,1168.0,Moderate,5,,27
S03264,P35816,80,Female,Urological,102,Regional,High,246.0,Yes,High,12,19.0,H011,23.1,69.6,969.0,Good,5,8.1,13
S03265,P22620,55,Male,General,74,General,Low,153.0,No,Low,5,23.0,H001,27.0,61.1,600.0,Moderate,3,7.4,7
S03266,P24909,64,Male,Cardiac,245,General,High,442.0,No,High,20,16.0,H014,25.3,51.6,777.0,Good,3,12.7,22
S03267,P93120,71,Male,Cardiac,245,General,Medium,346.0,No,High,18,3.0,H005,21.2,79.8,897.0,Poor,3,17.9,21
S03268,P82757,67,Female,General,32,Local,Low,29.0,Yes,Medium,14,26.0,H010,21.7,44.7,760.0,Moderate,2,5.7,14
S03269,P27416,27,Male,Urological,58,Regional,Low,70.0,No,Low,8,10.0,H010,23.2,44.4,,Good,2,5.1,12
S03270,P61826,88,Female,Urological,57,Local,Medium,89.0,No,Medium,5,24.0,H014,25.2,65.0,523.0,Moderate,4,11.5,9
S03271,P19515,29,Female,Orthopedic,101,Sedation,Low,115.0,No,Low,13,24.0,H016,24.8,58.6,539.0,Good,3,9.6,14
S03272,P87298,47,Female,Cardiac,207,General,Low,212.0,No,Medium,20,7.0,H004,23.6,62.1,838.0,Moderate,3,9.9,21
S03273,P78478,64,Male,General,91,Regional,Medium,138.0,No,Low,7,15.0,H016,23.4,63.3,936.0,Good,1,8.6,11
S03274,P80328,47,Female,General,131,General,High,277.0,Yes,High,10,22.0,H013,22.1,62.2,1305.0,Good,4,4.3,12
S03275,P38156,35,Male,Orthopedic,123,Regional,Medium,175.0,Yes,High,15,11.0,H018,21.8,64.9,1202.0,Poor,5,10.0,17
S03276,P43463,84,Male,Neurological,144,Local,High,304.0,No,High,16,23.0,H008,22.4,50.8,915.0,Moderate,5,12.9,17
S03277,P88728,23,Female,Ophthalmic,29,General,Medium,48.0,No,Medium,1,16.0,H011,23.3,78.7,991.0,Good,3,11.4,3
S03278,P60549,35,Female,General,78,Sedation,Medium,143.0,No,Medium,4,27.0,H003,24.2,47.8,787.0,Good,4,12.0,5
S03279,P62364,89,Female,Gynecological,57,Regional,Low,122.0,No,Low,6,27.0,H007,22.2,47.4,452.0,Good,1,10.3,10
S03280,P98828,70,Male,General,99,General,Medium,226.0,No,Medium,9,28.0,H017,25.1,57.2,781.0,Good,3,13.0,11
S03281,P83990,24,Female,General,130,General,Medium,223.0,No,Medium,12,7.0,H015,23.6,60.8,657.0,Good,4,10.3,14
S03282,P42221,72,Female,General,72,Regional,Medium,98.0,No,Medium,9,22.0,H019,24.4,55.9,924.0,Moderate,3,8.8,11
S03283,P14517,87,Male,Cardiac,242,Regional,High,417.0,No,High,22,22.0,H017,24.0,20.3,1170.0,Good,3,13.9,23
S03284,P31555,25,Female,Cardiac,227,General,Low,447.0,No,High,21,14.0,H005,26.3,,807.0,Moderate,3,14.4,25
S03285,P78070,47,Male,ENT,51,Regional,Medium,62.0,No,Medium,4,5.0,H007,21.0,74.5,,Good,3,11.5,7
S03286,P24685,51,Female,Urological,85,General,Medium,164.0,No,Low,6,9.0,H003,23.9,65.0,464.0,Good,2,11.2,8
S03287,P37385,27,Female,Gynecological,80,Sedation,Low,115.0,No,Low,13,15.0,H010,22.9,51.8,534.0,Moderate,1,10.2,15
S03288,P94592,32,Female,Orthopedic,95,General,Low,148.0,No,Low,20,26.0,H015,21.2,65.0,579.0,Moderate,4,6.6,20
S03289,P49492,30,Female,Orthopedic,71,Regional,High,139.0,No,Medium,12,27.0,H016,23.6,51.5,829.0,Moderate,2,12.1,16
S03290,P32461,31,Male,Orthopedic,121,Local,Low,133.0,No,Low,18,27.0,H019,24.6,53.0,623.0,Moderate,3,6.4,20
S03291,P59326,47,Female,Ophthalmic,92,Local,Medium,130.0,No,Medium,1,28.0,H007,21.9,57.7,592.0,Moderate,4,9.8,3
S03292,P93485,51,Female,Urological,101,Local,Medium,190.0,No,Medium,7,3.0,H008,21.2,58.6,641.0,Poor,5,7.1,10
S03293,P29369,35,Male,General,134,Sedation,High,222.0,Yes,High,15,29.0,H011,25.1,79.0,830.0,Poor,2,17.9,17
S03294,P63264,38,Male,ENT,49,General,Medium,97.0,Yes,Low,14,17.0,H016,19.2,24.2,701.0,Moderate,1,9.9,14
S03295,P81523,31,Female,Orthopedic,145,General,Low,192.0,No,Medium,14,3.0,H019,22.1,51.9,544.0,Moderate,4,13.4,16
S03296,P63106,75,Female,General,56,Regional,Low,66.0,Yes,High,13,4.0,H003,25.3,45.5,730.0,Moderate,6,17.5,15
S03297,P89221,33,Male,Orthopedic,141,General,Medium,222.0,No,High,16,8.0,H007,27.3,68.0,729.0,Good,1,7.1,20
S03298,P46019,83,Female,Cardiac,289,Local,Low,492.0,No,High,24,8.0,H005,22.5,49.3,1059.0,Poor,5,13.1,27
S03299,P81272,56,Female,ENT,84,General,Medium,130.0,No,Medium,6,4.0,H005,23.2,51.5,808.0,Moderate,4,7.1,10
S03300,P45634,75,Male,Urological,129,Sedation,Low,199.0,No,High,11,12.0,H003,24.9,76.7,720.0,Moderate,3,13.9,13
S03301,P15403,63,Male,Orthopedic,102,Local,Low,202.0,No,Medium,12,16.0,H012,21.9,62.9,530.0,Poor,4,8.7,14
S03302,P38868,37,Female,Cardiac,235,Regional,High,409.0,No,High,18,10.0,H013,22.1,68.7,481.0,Moderate,3,17.6,21
S03303,P22880,61,Female,General,62,General,High,134.0,Yes,High,20,20.0,H009,22.3,60.1,616.0,Poor,4,11.3,23
S03304,P75647,37,Female,Orthopedic,121,Sedation,Medium,140.0,No,Medium,10,21.0,H012,27.3,36.8,653.0,Moderate,3,9.9,11
S03305,P46092,26,Male,General,98,Local,Low,184.0,No,Low,5,12.0,H014,24.0,37.8,300.0,Good,2,9.2,6
S03306,P76487,36,Female,General,90,Local,High,173.0,No,High,9,3.0,H013,23.5,40.9,1240.0,Poor,4,18.2,9
S03307,P77283,37,Female,Cardiac,225,Local,Medium,,No,Medium,19,10.0,H018,23.6,40.2,880.0,Moderate,4,15.7,21
S03308,P57809,27,Female,Cardiac,225,General,High,458.0,No,High,21,18.0,H004,26.5,55.6,527.0,Good,3,17.6,25
S03309,P93519,19,Male,Cardiac,250,General,Low,529.0,No,Medium,22,12.0,H019,21.1,65.5,437.0,Poor,2,10.4,25
S03310,P50403,85,Female,Ophthalmic,55,General,Low,86.0,No,Medium,4,17.0,H002,21.0,59.1,,Good,4,6.3,5
S03311,P72178,54,Male,Neurological,145,Regional,Medium,211.0,No,High,19,25.0,H001,22.1,38.1,875.0,Moderate,2,18.0,22
S03312,P67205,46,Male,General,33,Regional,High,99.0,No,Medium,11,23.0,H011,23.5,47.5,678.0,Good,5,7.8,13
S03313,P73981,84,Female,Cardiac,222,General,Low,302.0,Yes,High,24,19.0,H010,,56.7,972.0,Poor,6,16.6,24
S03314,P54226,34,Female,Gynecological,58,Sedation,Low,80.0,No,Medium,8,3.0,H011,21.4,28.1,602.0,Moderate,2,12.1,10
S03315,P48499,47,Female,Orthopedic,94,General,Medium,131.0,No,Low,17,22.0,H019,23.0,,300.0,Good,2,10.7,18
S03316,P84174,78,Female,Orthopedic,107,Local,High,239.0,No,High,15,10.0,H009,23.8,79.7,852.0,Poor,7,16.4,17
S03317,P91094,63,Male,Gynecological,95,Regional,Medium,139.0,No,Medium,8,13.0,H017,18.7,42.8,598.0,Good,2,12.4,12
S03318,P15863,46,Male,Gynecological,80,General,High,202.0,No,Medium,15,21.0,H013,22.8,49.5,753.0,Good,3,19.5,16
S03319,P98004,36,Male,Cardiac,305,General,Medium,446.0,No,High,20,25.0,H002,26.0,64.0,1462.0,Moderate,3,12.3,21
S03320,P91233,20,Male,Neurological,142,Local,High,247.0,No,High,19,21.0,H008,21.9,62.1,533.0,Poor,4,19.1,21
S03321,P62581,24,Female,ENT,106,Local,Medium,199.0,No,Medium,3,9.0,H003,18.2,45.9,544.0,Moderate,3,2.7,5
S03322,P57204,29,Female,Orthopedic,115,General,Low,173.0,No,Low,17,14.0,H017,24.1,39.7,657.0,Good,1,7.0,21
S03323,P51176,74,Female,Orthopedic,100,Regional,Medium,146.0,No,Medium,15,11.0,H007,21.6,46.3,891.0,Moderate,3,8.4,16
S03324,P55828,64,Male,General,107,Regional,Medium,161.0,No,Medium,7,14.0,H015,23.1,68.1,1157.0,Moderate,3,6.6,8
S03325,P25853,49,Male,Cardiac,226,General,Low,438.0,No,High,17,22.0,H002,28.0,74.9,,Good,4,9.5,18
S03326,P45187,74,Male,General,65,Regional,Low,103.0,Yes,High,12,28.0,H007,22.4,42.4,704.0,Good,3,17.1,14
S03327,P95209,29,Female,Gynecological,153,General,Medium,286.0,No,Medium,9,12.0,H016,19.1,42.7,560.0,Moderate,3,15.4,11
S03328,P57905,33,Male,General,24,Local,Medium,34.0,No,Low,4,10.0,H017,25.5,37.3,512.0,Moderate,3,12.0,6
S03329,P42672,46,Female,General,82,Local,Low,149.0,No,Low,5,26.0,H001,17.6,32.2,551.0,Poor,1,7.8,9
S03330,P29829,84,Female,General,95,General,High,199.0,No,High,12,5.0,H010,22.7,85.5,822.0,Good,7,20.8,12
S03331,P79406,62,Female,Gynecological,142,Local,Low,250.0,No,Low,13,12.0,H017,24.6,41.2,606.0,Good,1,4.0,13
S03332,P54758,79,Male,Orthopedic,108,General,Low,193.0,No,Medium,10,28.0,H009,20.9,61.8,383.0,Good,5,2.3,13
S03333,P62078,35,Male,Cardiac,319,Sedation,Low,388.0,No,Medium,18,26.0,H006,20.4,47.9,399.0,Moderate,4,8.8,20
S03334,P45839,79,Female,Gynecological,122,Regional,Low,185.0,No,Low,12,24.0,H014,21.6,47.4,578.0,Moderate,4,8.7,15
S03335,P13133,23,Female,Neurological,108,General,Low,193.0,Yes,Low,21,26.0,H016,21.6,46.5,447.0,Good,1,7.3,21
S03336,P36458,34,Male,Orthopedic,76,Local,Medium,139.0,No,Low,15,7.0,H019,20.3,54.4,481.0,Good,4,8.8,16
S03337,P63301,55,Female,Neurological,187,General,Medium,350.0,No,High,16,2.0,H018,22.1,58.9,986.0,Moderate,4,12.3,17
S03338,P29097,21,Male,Gynecological,65,Local,Medium,99.0,No,Low,11,25.0,H001,24.1,58.9,731.0,Good,4,,13
S03339,P55558,79,Male,Orthopedic,136,Sedation,High,316.0,Yes,High,17,15.0,H016,22.5,67.5,909.0,Poor,3,11.0,17
S03340,P87418,80,Male,Gynecological,86,Regional,High,162.0,Yes,High,19,8.0,H004,23.3,47.8,1145.0,Good,5,19.5,21
S03341,P26998,56,Male,Urological,44,Regional,Low,46.0,No,Low,1,14.0,H016,20.2,52.5,817.0,Moderate,2,13.5,4
S03342,P86514,40,Male,General,61,Regional,Low,86.0,No,Low,9,24.0,H016,24.8,30.4,873.0,Good,3,6.9,9
S03343,P22551,25,Male,Cardiac,265,General,Low,492.0,No,High,20,15.0,H005,25.6,62.6,1251.0,Poor,4,21.3,23
S03344,P53660,62,Female,Urological,20,General,Medium,23.0,No,Medium,9,19.0,H009,23.1,56.0,581.0,Moderate,4,8.7,9
S03345,P68429,56,Male,Cardiac,271,Sedation,Low,287.0,No,High,21,15.0,H015,24.7,48.8,1172.0,Moderate,2,10.3,25
S03346,P30831,72,Female,Ophthalmic,92,General,Medium,90.0,No,High,1,14.0,H017,28.3,56.0,744.0,Poor,3,9.0,1
S03347,P30732,61,Female,Gynecological,90,General,Medium,154.0,No,Medium,14,28.0,H017,20.8,59.4,892.0,Moderate,2,13.0,18
S03348,P50533,27,Male,Orthopedic,77,General,Medium,82.0,No,Low,15,27.0,H007,19.9,58.7,553.0,Good,1,5.1,19
S03349,P11858,26,Male,Urological,96,Sedation,Low,159.0,No,Low,10,13.0,H002,22.7,24.5,604.0,Good,1,2.4,10
S03350,P93306,74,Female,General,75,Sedation,Low,105.0,No,Low,4,24.0,H019,19.4,52.2,399.0,Good,4,7.0,6
S03351,P33191,29,Female,General,44,General,Low,55.0,No,Low,7,21.0,H017,18.9,46.2,397.0,Moderate,2,11.9,8
S03352,P80145,85,Female,General,147,General,Medium,176.0,No,High,3,4.0,H005,20.9,54.5,828.0,Good,7,21.8,6
S03353,P35942,25,Male,General,63,Local,Medium,98.0,No,Low,7,25.0,H012,22.3,66.8,794.0,Good,4,3.0,7
S03354,P82679,70,Male,Gynecological,55,General,Medium,70.0,No,Medium,7,21.0,H019,18.8,32.3,408.0,Moderate,1,10.2,7
S03355,P26550,88,Male,Ophthalmic,68,Sedation,Medium,101.0,No,Medium,18,25.0,H007,21.4,52.1,923.0,Good,2,8.0,21
S03356,P73246,49,Female,Cardiac,237,Sedation,Medium,384.0,No,Medium,22,23.0,H016,16.0,74.8,936.0,Moderate,3,16.4,22
S03357,P74849,22,Female,General,134,Local,Low,225.0,No,Medium,10,28.0,H010,23.5,53.8,805.0,Good,4,9.0,13
S03358,P75160,81,Male,Gynecological,88,General,Low,156.0,No,Medium,9,16.0,H019,23.7,41.6,1008.0,Poor,2,10.3,11
S03359,P14903,31,Female,Gynecological,88,Local,Low,136.0,No,Low,11,2.0,H008,21.6,47.4,495.0,Good,3,10.3,12
S03360,P23466,55,Male,General,100,Sedation,Low,118.0,No,Low,9,9.0,H004,24.4,71.3,316.0,Moderate,3,8.4,9
S03361,P88325,88,Female,Neurological,185,General,Low,303.0,No,High,14,5.0,H019,25.7,61.0,793.0,Poor,5,13.2,16
S03362,P41215,71,Male,Gynecological,106,Local,Medium,179.0,No,Medium,7,7.0,H007,20.9,46.2,955.0,Good,2,14.2,11
S03363,P82233,21,Female,Cardiac,248,General,Low,358.0,No,Medium,23,17.0,H006,20.8,68.7,976.0,Poor,2,8.2,27
S03364,P84875,77,Female,Cardiac,244,Sedation,Low,344.0,No,High,20,29.0,H004,27.1,64.8,725.0,Poor,4,10.3,23
S03365,P72405,29,Female,General,77,Regional,Low,172.0,No,Medium,4,23.0,H008,23.9,,406.0,Good,4,4.9,7
S03366,P25954,71,Male,Cardiac,264,General,Low,293.0,No,High,19,13.0,H016,24.9,59.9,688.0,Poor,3,4.3,22
S03367,P40120,62,Female,Orthopedic,109,Regional,Low,179.0,No,Low,10,15.0,H007,18.5,71.9,300.0,Good,2,4.0,14
S03368,P16764,38,Female,Orthopedic,144,General,Low,261.0,No,Low,8,16.0,H006,23.9,48.1,478.0,Good,4,7.9,10
S03369,P10528,48,Male,Gynecological,141,General,Low,197.0,No,Low,4,12.0,H009,22.1,68.2,696.0,Good,2,11.9,4
S03370,P86176,26,Male,ENT,49,Sedation,High,121.0,No,Medium,8,18.0,H010,21.9,35.3,300.0,Good,4,11.9,11
S03371,P52908,89,Female,General,162,General,Low,223.0,No,Medium,9,28.0,H016,17.7,40.5,694.0,Moderate,2,17.4,12
S03372,P80267,35,Male,Orthopedic,98,Sedation,Low,147.0,No,Low,21,3.0,H004,23.1,63.6,883.0,Moderate,4,7.4,23
S03373,P24084,40,Male,Urological,58,General,Low,102.0,No,Low,7,11.0,H007,21.9,60.2,782.0,Poor,4,9.0,10
S03374,P24231,54,Male,Cardiac,256,Regional,Low,368.0,No,Medium,17,3.0,H014,20.2,53.9,,Moderate,4,9.2,17
S03375,P60705,66,Male,ENT,83,Sedation,Medium,201.0,No,High,4,25.0,H009,21.1,70.7,1022.0,Moderate,5,12.8,5
S03376,P57530,54,Male,General,92,Regional,Low,125.0,No,Low,9,6.0,H015,22.2,42.9,827.0,Good,1,4.3,12
S03377,P47215,54,Female,Cardiac,264,Local,High,555.0,No,High,27,19.0,H009,25.6,44.2,877.0,Poor,2,14.8,27
S03378,P13752,59,Male,General,97,Sedation,High,211.0,No,High,12,2.0,H003,21.7,77.5,842.0,Good,4,19.7,16
S03379,P33698,79,Female,Neurological,241,Regional,Medium,369.0,No,High,19,14.0,H017,25.0,60.2,1172.0,Poor,3,9.3,19
S03380,P23366,46,Male,Urological,78,Local,Low,151.0,No,Low,8,27.0,H014,19.7,55.0,327.0,Good,4,9.1,10
S03381,P24940,77,Male,Orthopedic,94,General,Low,95.0,No,Medium,16,28.0,H003,21.1,55.8,910.0,Moderate,4,12.2,19
S03382,P33153,74,Male,Urological,63,General,Low,102.0,No,High,4,5.0,H004,24.4,57.4,975.0,Poor,2,5.7,7
S03383,P69998,87,Female,Gynecological,114,General,Medium,146.0,No,Medium,3,20.0,H007,21.6,74.2,791.0,Good,3,12.4,5
S03384,P73359,83,Female,Urological,94,Local,Low,128.0,No,High,14,7.0,H019,26.9,49.2,1037.0,Poor,5,9.1,14
S03385,P82184,75,Male,Ophthalmic,66,Regional,Medium,89.0,Yes,High,7,22.0,H006,25.2,72.4,1164.0,Poor,7,12.4,10
S03386,P37444,35,Male,Cardiac,214,Regional,Low,259.0,Yes,High,27,16.0,H017,20.2,56.9,1010.0,Moderate,4,8.4,30
S03387,P58646,73,Male,General,123,Sedation,Low,123.0,No,Medium,1,24.0,H010,19.0,56.0,984.0,Good,2,4.9,1
S03388,P82942,71,Male,Urological,138,General,Low,223.0,No,Medium,12,26.0,H004,23.9,52.0,868.0,Moderate,4,11.6,14
S03389,P53876,38,Female,Neurological,180,Sedation,Low,266.0,No,Medium,21,11.0,H003,22.0,64.8,822.0,Poor,1,5.8,23
S03390,P12118,66,Male,Orthopedic,174,General,Medium,245.0,Yes,High,14,2.0,H007,25.1,59.2,858.0,Poor,1,16.1,16
S03391,P54694,36,Female,Cardiac,265,General,Medium,457.0,No,High,20,10.0,H005,22.8,49.0,835.0,Moderate,7,23.6,21
S03392,P10389,55,Female,Cardiac,306,Regional,Low,500.0,No,Medium,21,7.0,H012,22.9,40.0,902.0,Moderate,4,13.1,22
S03393,P44824,75,Male,Ophthalmic,74,General,Low,105.0,No,Medium,1,4.0,H019,21.9,40.2,683.0,Moderate,4,13.3,2
S03394,P36981,31,Female,General,94,Regional,High,277.0,No,High,11,21.0,H016,23.3,51.0,979.0,Moderate,3,14.0,15
S03395,P92370,42,Male,Gynecological,125,Local,Low,225.0,No,Low,13,27.0,H006,23.5,58.1,358.0,Good,4,7.9,13
S03396,P75784,75,Female,ENT,56,Local,Medium,125.0,No,Medium,5,16.0,H018,22.7,49.7,644.0,Poor,1,11.0,7
S03397,P69275,50,Male,Cardiac,252,General,Low,346.0,No,High,16,16.0,H019,26.7,71.2,758.0,Poor,3,9.2,18
S03398,P95637,87,Female,Gynecological,139,General,Medium,218.0,No,High,6,18.0,H008,20.5,49.3,1349.0,Moderate,3,15.2,7
S03399,P94803,18,Female,Orthopedic,144,General,Medium,162.0,No,Medium,13,27.0,H010,23.6,49.4,557.0,Good,1,15.0,15
S03400,P38389,69,Male,Orthopedic,119,Regional,Low,166.0,No,Medium,13,1.0,H010,22.8,58.0,678.0,Moderate,3,11.5,13
S03401,P59639,76,Female,Orthopedic,126,General,Medium,166.0,No,Medium,13,16.0,H008,21.9,62.1,337.0,Moderate,3,1.9,15
S03402,P60121,84,Male,Cardiac,262,General,Medium,628.0,No,High,20,26.0,H003,18.4,40.9,1241.0,Good,6,23.4,24
S03403,P12128,29,Male,General,111,Local,Low,143.0,No,Low,1,5.0,H018,18.7,68.8,439.0,Good,1,9.2,4
S03404,P13721,88,Female,General,112,Sedation,Medium,160.0,Yes,Medium,14,17.0,H007,22.8,67.7,982.0,Good,1,5.6,14
S03405,P40509,46,Male,Cardiac,250,Local,Low,265.0,No,High,22,1.0,H002,25.5,73.6,711.0,Poor,2,15.6,22
S03406,P10113,43,Female,Orthopedic,95,General,Low,157.0,No,Low,15,25.0,H019,22.8,65.2,406.0,Good,1,12.7,16
S03407,P72099,43,Female,Gynecological,80,Regional,Medium,98.0,No,Low,11,19.0,H003,22.0,45.5,767.0,Moderate,1,9.9,14
S03408,P11418,63,Female,Orthopedic,133,General,High,286.0,No,High,16,28.0,H018,22.6,49.1,510.0,Poor,4,15.0,16
S03409,P30474,65,Male,Urological,104,General,Low,100.0,No,Medium,6,9.0,H003,19.3,51.9,786.0,Good,2,12.6,9
S03410,P18759,52,Male,Ophthalmic,81,General,Medium,118.0,No,Medium,1,22.0,H008,18.7,58.2,559.0,Moderate,4,11.0,4
S03411,P54995,23,Female,Gynecological,79,Sedation,Low,74.0,No,Low,14,23.0,H010,22.2,42.5,1033.0,Good,2,7.0,14
S03412,P88690,89,Male,General,85,Regional,Medium,114.0,No,High,6,1.0,H005,28.0,67.8,1088.0,Poor,6,12.8,7
S03413,P14874,33,Female,Gynecological,64,General,Low,90.0,No,Low,5,23.0,H011,21.8,66.9,855.0,Good,4,1.6,6
S03414,P67724,24,Male,Gynecological,58,Regional,Medium,76.0,No,Low,9,21.0,H011,20.5,60.7,1068.0,Good,4,10.9,12
S03415,P58777,61,Male,Ophthalmic,62,Sedation,Low,83.0,No,Low,1,18.0,H017,22.1,50.6,477.0,Good,4,9.2,4
S03416,P90847,47,Female,ENT,110,General,Low,197.0,No,Low,5,17.0,H009,21.7,20.7,758.0,Poor,2,5.7,8
S03417,P63613,62,Female,General,92,Local,Medium,198.0,No,Medium,7,24.0,H017,18.8,38.2,545.0,Good,4,11.1,8
S03418,P85139,81,Female,General,147,General,Low,235.0,No,High,5,4.0,H015,24.7,52.1,975.0,Moderate,6,6.7,7
S03419,P72218,25,Female,Urological,75,General,Low,93.0,No,Low,5,12.0,H016,21.8,57.7,670.0,Good,1,11.2,5
S03420,P78857,38,Male,Orthopedic,120,Local,Low,182.0,No,Low,15,8.0,H012,21.7,32.9,355.0,Good,3,8.0,15
S03421,P53715,55,Male,General,60,General,Medium,83.0,No,Low,6,25.0,H004,,51.2,590.0,Good,1,9.7,9
S03422,P41833,74,Male,Gynecological,89,Local,Low,157.0,No,Medium,4,5.0,H013,23.1,61.3,774.0,Good,2,11.8,4
S03423,P56070,61,Female,Gynecological,64,General,Medium,101.0,No,Medium,13,2.0,H014,25.8,54.4,760.0,Good,3,12.7,15
S03424,P22061,45,Male,Neurological,133,Regional,Low,136.0,No,Medium,15,27.0,H008,21.0,45.4,1098.0,Good,2,8.8,17
S03425,P74087,61,Female,Cardiac,204,Regional,Medium,373.0,No,High,17,12.0,H013,22.2,45.2,464.0,Good,4,10.4,17
S03426,P19302,88,Male,Orthopedic,122,Local,High,268.0,No,High,21,24.0,H012,22.4,75.1,709.0,Good,4,13.4,23
S03427,P93949,52,Female,General,67,Local,Low,130.0,Yes,Medium,15,7.0,H013,24.6,46.2,300.0,Good,3,15.7,15
S03428,P12251,81,Female,Ophthalmic,45,Regional,Medium,60.0,No,High,1,21.0,H014,23.6,72.6,1050.0,Poor,7,8.6,2
S03429,P20109,74,Female,Ophthalmic,72,General,Low,114.0,No,Low,1,27.0,H013,19.1,52.1,764.0,Poor,3,2.6,4
S03430,P25999,39,Male,Neurological,133,General,Low,152.0,No,Medium,15,23.0,H013,23.4,59.4,794.0,Good,4,7.6,16
S03431,P26520,35,Female,Cardiac,242,Regional,Medium,359.0,Yes,High,24,9.0,H007,23.0,66.2,1051.0,Moderate,1,17.8,24
S03432,P11722,73,Male,Urological,105,Regional,High,220.0,No,High,14,18.0,H014,25.2,50.3,715.0,Poor,3,,15
S03433,P98645,32,Male,Gynecological,128,General,Medium,167.0,No,Medium,13,25.0,H003,21.1,55.6,486.0,Good,1,1.9,13
S03434,P71901,42,Male,General,105,Sedation,High,218.0,No,Medium,10,25.0,H017,20.4,46.8,756.0,Moderate,2,5.9,11
S03435,P37037,34,Male,Neurological,178,General,Low,275.0,No,Medium,19,9.0,H016,26.5,43.3,539.0,Moderate,3,12.1,19
S03436,P44995,61,Female,Orthopedic,101,General,Medium,137.0,No,Medium,13,7.0,H006,20.6,42.7,451.0,Good,3,12.2,15
S03437,P30389,39,Male,Urological,77,Sedation,Low,,No,Low,5,13.0,H002,,44.1,808.0,Good,4,10.6,6
S03438,P57533,65,Male,General,139,Regional,High,248.0,No,High,5,8.0,H003,24.2,88.7,696.0,Good,5,12.4,7
S03439,P45651,85,Female,Neurological,188,Local,Medium,289.0,Yes,High,23,21.0,H013,19.1,55.0,908.0,Poor,2,6.3,26
S03440,P53095,77,Female,Ophthalmic,56,General,Low,59.0,No,Low,5,18.0,H001,23.5,57.4,300.0,Moderate,4,6.7,7
S03441,P45986,86,Female,Gynecological,116,General,Medium,192.0,No,Low,8,14.0,H002,25.6,47.3,592.0,Good,4,10.5,9
S03442,P35508,19,Female,Ophthalmic,61,Regional,Medium,82.0,Yes,Medium,11,24.0,H014,23.6,37.0,701.0,Moderate,2,10.0,12
S03443,P55425,50,Male,General,96,General,High,221.0,No,Medium,8,7.0,H010,19.6,59.2,1119.0,Moderate,2,9.1,11
S03444,P20307,33,Female,General,82,Local,Medium,90.0,No,Medium,7,25.0,H007,20.1,46.0,594.0,Good,5,10.7,11
S03445,P60152,84,Male,Ophthalmic,47,General,High,126.0,No,High,5,17.0,H006,24.0,52.2,403.0,Poor,5,12.7,7
S03446,P58805,69,Male,ENT,99,General,Medium,83.0,No,Medium,8,29.0,H010,23.7,63.7,552.0,Good,3,13.5,8
S03447,P20793,41,Male,ENT,20,General,Medium,33.0,No,Low,6,18.0,H006,25.2,46.9,601.0,Poor,3,10.2,7
S03448,P87736,58,Female,Urological,94,General,Medium,136.0,Yes,Medium,12,23.0,H002,25.4,54.0,1070.0,Good,1,7.2,12
S03449,P95626,61,Male,General,75,General,Low,121.0,No,Low,7,6.0,H009,21.6,49.7,590.0,Good,4,8.4,8
S03450,P77472,53,Female,Cardiac,182,Local,Low,240.0,No,Low,17,7.0,H018,20.9,48.9,511.0,Good,4,2.6,19
S03451,P95433,52,Male,Neurological,150,Regional,High,232.0,No,Medium,14,17.0,H010,21.7,39.1,635.0,Poor,2,8.2,16
S03452,P93831,21,Male,Ophthalmic,58,General,High,129.0,No,Medium,4,7.0,H012,24.4,62.5,,Good,1,18.0,5
S03453,P76521,50,Male,Neurological,183,Regional,High,335.0,Yes,High,25,2.0,H007,27.0,,901.0,Poor,2,13.5,29
S03454,P42037,43,Male,Gynecological,122,General,Low,204.0,No,Low,11,13.0,H003,22.1,59.8,540.0,Good,3,12.2,14
S03455,P28760,76,Male,Ophthalmic,84,General,Low,133.0,No,Medium,2,8.0,H015,22.3,53.0,842.0,Moderate,4,9.2,2
S03456,P86112,80,Female,ENT,23,Local,High,78.0,No,High,6,19.0,H008,27.2,63.6,792.0,Moderate,6,18.3,8
S03457,P53894,72,Female,ENT,81,Local,Low,166.0,No,Low,1,17.0,H002,23.4,51.8,442.0,Moderate,1,8.3,2
S03458,P75030,20,Male,General,111,Regional,Low,177.0,No,Low,8,15.0,H006,17.9,66.5,485.0,Good,4,2.0,9
S03459,P90150,78,Female,General,96,General,Low,126.0,No,Low,7,25.0,H001,21.9,39.1,300.0,Poor,2,9.3,7
S03460,P94869,46,Male,ENT,85,General,High,188.0,No,High,10,2.0,H017,21.9,51.7,1179.0,Poor,1,20.6,14
S03461,P71467,47,Male,Cardiac,182,Local,Medium,286.0,No,Medium,21,23.0,H019,21.5,70.2,,Good,4,13.6,25
S03462,P35898,86,Male,Orthopedic,90,Regional,Low,130.0,No,Medium,17,14.0,H017,24.3,61.2,775.0,Moderate,3,6.8,19
S03463,P17357,80,Male,ENT,110,Regional,Medium,155.0,No,Medium,3,21.0,H016,21.8,70.3,547.0,Good,3,13.1,3
S03464,P82325,21,Male,Gynecological,91,Sedation,Low,163.0,No,Low,9,24.0,H016,20.0,57.4,669.0,Moderate,2,7.6,13
S03465,P12171,43,Female,General,156,General,Medium,,No,Medium,7,9.0,H009,20.2,48.9,1130.0,Moderate,3,7.0,8
S03466,P55733,71,Male,Orthopedic,81,Local,Medium,72.0,Yes,High,20,7.0,H008,25.7,78.6,692.0,Good,4,12.4,20
S03467,P36464,56,Female,General,136,Regional,Medium,254.0,No,High,8,22.0,H002,21.8,34.3,586.0,Moderate,5,11.7,12
S03468,P49306,36,Male,ENT,51,General,Low,76.0,No,Low,6,19.0,H018,,59.6,331.0,Moderate,4,5.6,7
S03469,P89072,55,Female,General,115,General,Low,180.0,No,Low,7,6.0,H001,23.7,19.5,538.0,Good,1,8.0,7
S03470,P51917,80,Female,General,81,Regional,Low,154.0,No,Low,6,8.0,H006,19.3,68.1,300.0,Good,3,9.9,7
S03471,P23321,34,Male,General,93,General,High,115.0,Yes,High,17,25.0,H009,23.3,46.4,1182.0,Moderate,2,17.2,17
S03472,P48932,71,Male,Ophthalmic,77,Regional,Low,134.0,No,Low,1,17.0,H013,18.6,46.3,460.0,Moderate,1,9.7,3
S03473,P19089,70,Female,Ophthalmic,41,Local,Low,77.0,No,Low,1,27.0,H019,20.2,38.4,397.0,Good,2,12.4,1
S03474,P88935,81,Female,General,114,Regional,Low,147.0,No,Low,11,21.0,H010,21.0,57.1,559.0,Good,4,8.1,11
S03475,P13544,39,Female,General,82,Regional,High,138.0,No,Medium,7,6.0,H016,22.7,50.9,,Good,4,14.7,7
S03476,P94996,33,Male,Cardiac,245,Regional,Medium,488.0,No,High,20,7.0,H009,22.2,76.3,886.0,Moderate,3,,24
S03477,P29937,57,Female,General,20,Regional,Low,19.0,No,Medium,11,28.0,H019,21.3,45.9,919.0,Good,1,10.8,13
S03478,P69668,56,Male,Cardiac,229,Local,Medium,372.0,No,Medium,20,22.0,H004,24.2,41.4,614.0,Moderate,4,9.3,22
S03479,P89471,47,Male,General,127,General,Low,229.0,No,Low,4,18.0,H008,22.7,44.3,430.0,Good,3,5.2,7
S03480,P27349,74,Female,General,110,Sedation,Medium,178.0,No,Low,10,20.0,H005,26.3,69.7,586.0,Poor,1,6.5,10
S03481,P93715,75,Male,Neurological,206,General,High,393.0,No,High,20,13.0,H006,23.5,69.8,856.0,Good,3,10.4,24
S03482,P47845,35,Female,Cardiac,241,General,Medium,342.0,No,High,20,10.0,H016,23.8,78.3,1159.0,Moderate,4,16.7,21
S03483,P55889,75,Female,Orthopedic,170,Local,High,328.0,No,High,11,24.0,H014,23.9,47.8,889.0,Good,4,13.8,15
S03484,P42002,34,Male,Orthopedic,128,General,Medium,164.0,No,Medium,13,26.0,H013,22.1,37.3,667.0,Good,4,11.7,14
S03485,P98786,47,Female,Gynecological,80,General,Low,106.0,No,Low,12,27.0,H002,21.9,67.1,300.0,Moderate,1,10.2,16
S03486,P70388,19,Male,Cardiac,265,General,Medium,,No,High,19,23.0,H018,20.9,46.4,1071.0,Moderate,3,10.1,19
S03487,P42247,42,Male,Orthopedic,147,Local,Medium,152.0,Yes,Medium,15,26.0,H018,21.7,51.2,413.0,Moderate,5,13.3,19
S03488,P16330,87,Male,ENT,88,Regional,Low,147.0,No,Medium,3,16.0,H013,24.2,41.9,655.0,Poor,5,16.9,6
S03489,P90316,49,Female,Cardiac,227,General,Medium,171.0,No,High,19,10.0,H008,27.2,53.4,1207.0,Moderate,4,14.0,23
S03490,P68870,69,Male,Ophthalmic,68,Regional,Low,109.0,No,Medium,2,3.0,H002,25.5,30.0,1094.0,Moderate,5,15.5,2
S03491,P21330,25,Male,General,131,General,Low,214.0,No,Medium,5,9.0,H009,22.6,62.8,1107.0,Good,2,13.3,5
S03492,P52012,63,Female,Gynecological,114,Sedation,High,193.0,No,Medium,17,13.0,H003,22.8,66.8,,Poor,2,15.5,19
S03493,P33829,44,Female,General,45,General,Low,50.0,No,Low,7,3.0,H013,22.7,62.5,300.0,Good,4,4.8,8
S03494,P33493,71,Female,Orthopedic,101,Regional,Medium,139.0,No,High,8,10.0,H014,23.9,51.2,648.0,Good,2,17.4,10
S03495,P53121,84,Female,Urological,59,Regional,Low,99.0,No,Medium,8,27.0,H002,19.8,55.2,688.0,Moderate,2,5.0,11
S03496,P15717,56,Male,Urological,57,Regional,Medium,91.0,No,Medium,7,8.0,H005,22.9,51.0,656.0,Good,1,14.4,7
S03497,P32139,25,Female,Neurological,116,Sedation,High,185.0,Yes,High,29,12.0,H013,24.4,60.3,1054.0,Moderate,6,,30
S03498,P14767,52,Female,Gynecological,156,General,Medium,238.0,No,High,9,19.0,H005,24.4,78.6,1147.0,Moderate,6,16.2,12
S03499,P94593,26,Female,General,63,Local,Medium,99.0,No,Medium,6,26.0,H017,18.6,45.9,436.0,Moderate,5,10.1,10
S03500,P90295,50,Female,Ophthalmic,35,General,Low,54.0,Yes,Low,13,27.0,H008,21.7,58.2,728.0,Moderate,4,12.8,13
S03501,P24641,22,Male,Urological,21,Regional,Low,25.0,No,Low,4,24.0,H013,24.4,29.1,403.0,Good,3,13.5,7
S03502,P61904,64,Male,Orthopedic,145,General,Medium,224.0,No,High,16,5.0,H015,26.0,55.2,861.0,Poor,1,27.2,20
S03503,P30206,40,Female,Ophthalmic,57,General,Medium,101.0,No,Medium,3,4.0,H012,21.0,61.0,1118.0,Good,3,13.4,3
S03504,P59641,32,Male,ENT,59,General,Medium,98.0,No,Medium,3,22.0,H013,19.8,45.7,391.0,Good,5,9.1,3
S03505,P51074,19,Male,Gynecological,91,General,Medium,147.0,No,Medium,8,26.0,H011,22.8,59.6,681.0,Good,1,,11
S03506,P11575,81,Male,Orthopedic,137,Sedation,Low,273.0,Yes,Medium,23,19.0,H004,23.7,39.4,623.0,Good,5,13.0,27
S03507,P81396,78,Female,Urological,65,Local,Low,100.0,Yes,High,14,27.0,H006,26.3,47.8,704.0,Poor,3,11.6,16
S03508,P79388,76,Female,General,30,General,High,87.0,No,High,11,20.0,H018,24.7,61.9,883.0,Poor,2,15.6,11
S03509,P15395,22,Female,Neurological,141,Regional,Medium,176.0,No,Low,20,11.0,H007,23.3,43.5,435.0,Moderate,3,11.4,22
S03510,P28956,43,Female,Ophthalmic,20,Local,Medium,31.0,No,Low,4,25.0,H019,22.5,60.8,768.0,Good,4,13.6,8
S03511,P20332,87,Female,General,98,General,Medium,104.0,No,High,3,22.0,H011,26.4,69.9,948.0,Moderate,7,13.9,3
S03512,P44505,59,Female,Urological,107,General,High,200.0,No,Medium,6,11.0,H016,23.8,55.3,1125.0,Good,4,8.2,7
S03513,P50294,27,Male,Gynecological,143,Local,High,284.0,No,High,17,18.0,H005,23.8,33.7,978.0,Good,4,23.0,19
S03514,P68193,28,Female,Cardiac,190,General,Low,351.0,No,Medium,21,17.0,H004,20.7,49.9,827.0,Moderate,3,8.2,25
S03515,P66976,36,Male,ENT,88,Regional,High,141.0,Yes,High,13,3.0,H008,27.1,70.9,530.0,Poor,2,10.8,14
S03516,P22107,88,Male,General,71,General,Low,108.0,No,Medium,12,9.0,H016,21.1,52.9,924.0,Moderate,1,17.4,13
S03517,P53154,30,Male,General,177,General,Low,261.0,No,Medium,3,7.0,H014,18.8,46.1,816.0,Good,3,8.9,3
S03518,P81701,83,Female,General,131,Regional,High,247.0,No,High,2,9.0,H010,28.0,72.4,800.0,Poor,1,11.9,6
S03519,P90014,66,Female,Orthopedic,171,Local,Low,263.0,No,Low,8,16.0,H004,22.5,61.8,975.0,Poor,3,7.8,10
S03520,P85175,84,Female,Gynecological,124,Sedation,Low,184.0,No,Medium,8,15.0,H001,23.5,61.9,895.0,Moderate,5,12.0,10
S03521,P36915,77,Female,General,101,General,Medium,193.0,No,High,7,25.0,H003,23.8,36.6,927.0,Poor,1,8.8,7
S03522,P56753,41,Female,Ophthalmic,47,Local,High,138.0,No,High,10,1.0,H013,26.3,38.5,996.0,Poor,2,12.3,11
S03523,P22944,77,Male,ENT,52,Sedation,Low,111.0,No,Medium,7,24.0,H019,20.8,62.4,799.0,Good,5,6.3,7
S03524,P42887,30,Female,Gynecological,75,Regional,Medium,112.0,No,Medium,2,8.0,H019,22.7,26.3,739.0,Good,3,9.2,2
S03525,P35291,38,Female,Cardiac,258,Sedation,Medium,355.0,Yes,High,34,11.0,H015,24.2,71.6,841.0,Poor,3,15.3,35
S03526,P32670,33,Female,Gynecological,146,Sedation,Low,176.0,No,Low,8,5.0,H009,23.1,51.6,858.0,Good,1,13.5,10
S03527,P88997,27,Male,Orthopedic,109,Local,Medium,146.0,No,Medium,17,1.0,H014,19.5,41.8,398.0,Good,1,10.9,17
S03528,P75155,24,Male,Urological,58,Sedation,Medium,99.0,No,Medium,9,4.0,H002,23.5,41.2,749.0,Poor,2,10.3,10
S03529,P86525,31,Female,General,45,Regional,Medium,79.0,No,Low,7,7.0,H007,21.2,64.5,907.0,Good,1,6.8,11
S03530,P40650,26,Male,Ophthalmic,67,Regional,Medium,114.0,No,Low,2,,H005,20.7,34.9,625.0,Good,1,2.5,3
S03531,P45621,45,Male,Neurological,216,Sedation,High,330.0,Yes,High,22,10.0,H019,20.7,35.5,,Poor,4,5.8,23
S03532,P82856,23,Male,Cardiac,278,Local,Medium,362.0,No,High,17,4.0,H011,29.6,41.4,,Moderate,6,6.8,21
S03533,P13797,22,Male,ENT,111,General,Low,231.0,No,Medium,4,10.0,H018,21.6,53.1,429.0,Poor,3,13.7,8
S03534,P75919,89,Male,General,102,General,Medium,127.0,No,High,2,5.0,H016,22.6,74.7,,Good,6,11.5,2
S03535,P71187,24,Female,Urological,82,General,Medium,157.0,No,Low,12,20.0,H014,19.9,64.6,903.0,Good,4,9.9,15
S03536,P41763,23,Female,Ophthalmic,98,Local,Low,158.0,No,Low,3,20.0,H004,18.9,44.8,486.0,Good,4,11.9,4
S03537,P94808,20,Female,General,56,General,Medium,71.0,No,Low,13,2.0,H002,23.6,53.4,714.0,Moderate,4,6.3,17
S03538,P30599,27,Male,General,76,General,Medium,86.0,Yes,Medium,10,19.0,H005,20.9,55.0,772.0,Moderate,3,12.1,10
S03539,P40335,56,Male,General,141,Regional,Low,182.0,No,Low,5,27.0,H016,24.6,52.7,524.0,Moderate,1,11.9,7
S03540,P42196,77,Male,Urological,47,General,Low,76.0,Yes,Medium,14,28.0,H018,26.1,28.8,1004.0,Moderate,5,10.1,18
S03541,P43070,70,Male,ENT,68,Sedation,Medium,83.0,No,Medium,4,2.0,H014,20.9,45.3,662.0,Good,1,9.2,8
S03542,P40806,59,Male,Neurological,198,Regional,Low,389.0,No,Medium,20,27.0,H017,21.3,67.2,550.0,Moderate,4,5.1,21
S03543,P52864,24,Female,Gynecological,102,General,High,196.0,Yes,High,22,12.0,H002,18.8,84.8,864.0,Moderate,4,11.7,24
S03544,P96098,73,Female,Cardiac,274,General,Low,468.0,No,High,24,26.0,H018,21.1,63.9,911.0,Moderate,2,12.2,28
S03545,P53489,20,Female,General,135,Local,Medium,227.0,No,High,11,6.0,H003,26.3,77.2,786.0,Poor,5,13.1,12
S03546,P66457,63,Male,Urological,94,Regional,Medium,186.0,No,Medium,10,21.0,H004,25.0,67.3,535.0,Moderate,3,9.5,10
S03547,P70100,47,Male,Ophthalmic,101,Regional,Low,138.0,No,Low,1,24.0,H016,20.4,45.4,363.0,Poor,4,9.1,4
S03548,P69179,81,Male,General,62,General,Medium,94.0,No,Medium,10,8.0,H018,21.2,37.9,,Moderate,3,16.3,13
S03549,P39824,40,Male,Neurological,175,Sedation,Low,188.0,Yes,Medium,25,22.0,H004,20.7,65.3,,Good,4,8.5,25
S03550,P35520,63,Male,Cardiac,312,Local,Low,477.0,No,High,19,6.0,H007,22.4,95.0,818.0,Moderate,6,13.2,22
S03551,P42833,49,Male,Orthopedic,178,Local,Medium,327.0,No,High,12,21.0,H016,25.5,48.2,660.0,Good,7,15.6,16
S03552,P42785,55,Female,Neurological,141,General,Low,220.0,No,Medium,17,28.0,H010,23.7,65.5,517.0,Moderate,4,9.0,18
S03553,P84256,85,Female,Ophthalmic,59,Sedation,Medium,129.0,No,High,6,9.0,H008,21.1,68.0,765.0,Poor,5,17.8,9
S03554,P51954,69,Male,General,94,Local,Medium,155.0,No,Medium,7,28.0,H009,23.4,42.7,564.0,Good,3,13.1,10
S03555,P93839,47,Male,Cardiac,252,General,Low,337.0,No,High,20,20.0,H006,28.6,55.4,551.0,Moderate,1,16.8,24
S03556,P97903,50,Male,Gynecological,138,Sedation,Low,225.0,No,Low,9,15.0,H019,21.2,43.2,340.0,Good,3,8.1,13
S03557,P71165,68,Male,Cardiac,295,Local,High,362.0,No,High,22,10.0,H010,21.2,60.2,794.0,Moderate,4,19.4,23
S03558,P70081,42,Female,Cardiac,241,Local,Low,303.0,No,Medium,17,16.0,H005,23.8,52.1,666.0,Good,5,14.7,17
S03559,P21238,30,Female,Ophthalmic,93,Local,Medium,105.0,No,Low,5,29.0,H018,24.0,42.3,576.0,Good,1,6.8,6
S03560,P23864,51,Female,Orthopedic,139,General,Low,209.0,No,Medium,10,1.0,H019,23.9,41.2,970.0,Moderate,2,10.5,10
S03561,P73962,22,Female,General,89,Regional,High,181.0,No,Medium,10,26.0,H002,22.0,44.7,746.0,Poor,4,9.5,14
S03562,P99184,30,Male,General,39,General,Low,72.0,No,Low,5,5.0,H019,21.2,68.6,300.0,Moderate,1,8.7,7
S03563,P82317,48,Male,Cardiac,270,Regional,Low,396.0,No,Medium,23,26.0,H019,19.1,38.2,527.0,Good,3,6.4,26
S03564,P34236,75,Male,Cardiac,258,General,Medium,309.0,Yes,High,24,16.0,H018,21.6,67.8,974.0,Moderate,5,17.6,24
S03565,P71049,74,Male,Cardiac,251,General,Low,493.0,No,High,17,27.0,H003,25.5,65.3,630.0,Poor,5,16.7,17
S03566,P65954,36,Female,Neurological,150,Sedation,Medium,,No,Medium,20,6.0,H007,22.4,47.4,501.0,Good,3,5.9,20
S03567,P14885,48,Male,Ophthalmic,118,General,Low,178.0,No,Low,1,2.0,H017,22.5,39.9,775.0,Good,2,6.1,3
S03568,P88763,29,Male,General,94,Local,Low,147.0,No,Low,7,14.0,H008,,57.1,509.0,Poor,4,5.5,9
S03569,P41214,72,Male,General,55,General,Low,82.0,No,Low,10,23.0,H009,22.1,49.7,419.0,Good,3,5.0,10
S03570,P65417,35,Male,Neurological,140,General,Medium,231.0,No,Medium,15,24.0,H004,23.1,47.3,470.0,Poor,2,12.0,17
S03571,P40483,75,Female,ENT,90,General,High,187.0,Yes,High,12,23.0,H008,25.1,71.8,1061.0,Moderate,5,15.1,16
S03572,P93331,78,Male,Orthopedic,141,General,Low,232.0,No,Medium,12,24.0,H010,24.5,75.2,408.0,Moderate,5,10.3,16
S03573,P52165,67,Male,Ophthalmic,46,Regional,High,110.0,Yes,High,11,23.0,H008,23.0,74.7,761.0,Good,2,10.6,15
S03574,P86327,41,Male,Neurological,193,General,Medium,205.0,No,Medium,17,25.0,H005,21.7,50.8,724.0,Poor,3,7.6,17
S03575,P94595,86,Female,ENT,90,Regional,Low,133.0,No,Medium,7,5.0,H002,22.3,15.0,834.0,Good,1,14.0,9
S03576,P13150,67,Female,Cardiac,244,Regional,Low,290.0,No,High,19,7.0,H012,21.0,61.3,596.0,Moderate,2,14.5,21
S03577,P47956,64,Female,Orthopedic,98,General,Low,125.0,No,Low,17,1.0,H002,24.2,38.0,425.0,Good,1,9.2,19
S03578,P71812,79,Male,General,118,General,Low,218.0,No,Medium,11,13.0,H017,20.8,45.7,733.0,Moderate,3,7.7,11
S03579,P85845,81,Male,Cardiac,265,General,Medium,521.0,Yes,High,26,8.0,H002,25.0,44.1,1539.0,Poor,3,10.8,27
S03580,P74875,23,Female,Gynecological,117,General,Medium,215.0,No,High,7,19.0,H019,24.2,60.1,781.0,Poor,5,17.6,8
S03581,P69349,81,Male,Gynecological,74,General,Low,132.0,Yes,High,14,17.0,H011,25.2,64.8,787.0,Poor,5,14.5,15
S03582,P43461,73,Male,Gynecological,60,Local,Medium,91.0,No,Medium,9,17.0,H009,23.2,53.3,1239.0,Poor,1,13.7,12
S03583,P24797,32,Female,Orthopedic,122,Regional,Low,220.0,No,Low,19,20.0,H017,21.7,46.7,521.0,Moderate,1,4.3,20
S03584,P91856,40,Male,Gynecological,127,Local,High,254.0,No,High,12,29.0,H009,28.6,54.3,807.0,Moderate,2,14.9,15
S03585,P13972,72,Male,Cardiac,271,Local,Medium,564.0,No,High,25,4.0,H003,24.9,48.0,918.0,Good,6,9.6,29
S03586,P82082,33,Female,ENT,87,Regional,Low,106.0,No,Medium,5,9.0,H010,21.7,47.2,607.0,Moderate,3,7.1,6
S03587,P13197,50,Male,Gynecological,86,General,Medium,146.0,No,Medium,10,13.0,H010,26.9,39.4,764.0,Good,4,7.1,14
S03588,P43036,67,Male,General,65,General,Low,72.0,No,Medium,5,3.0,H018,21.1,60.2,941.0,Poor,5,10.7,9
S03589,P87353,64,Male,Urological,79,Regional,High,184.0,No,Medium,10,24.0,H010,26.1,55.2,415.0,Moderate,4,16.6,10
S03590,P30077,83,Female,General,89,General,Low,87.0,No,Low,9,12.0,H002,18.0,74.8,554.0,Good,1,10.2,10
S03591,P33769,26,Male,General,123,General,High,189.0,No,High,7,5.0,H007,24.9,42.9,1245.0,Moderate,5,20.4,10
S03592,P29132,39,Male,Cardiac,225,Sedation,High,300.0,Yes,High,31,16.0,H006,20.3,76.4,387.0,Moderate,4,14.7,33
S03593,P71314,88,Female,Gynecological,88,General,Medium,138.0,No,Medium,14,6.0,H005,20.8,34.2,461.0,Good,5,11.6,17
S03594,P29848,58,Female,Neurological,241,General,Medium,387.0,Yes,High,21,12.0,H004,24.8,49.1,966.0,Poor,5,14.1,25
S03595,P72781,35,Female,Orthopedic,166,Sedation,Medium,371.0,No,High,17,19.0,H002,25.3,33.4,1008.0,Poor,4,13.4,20
S03596,P63029,38,Male,Urological,53,General,Low,78.0,No,Low,11,10.0,H015,20.8,50.8,471.0,Good,4,8.9,13
S03597,P90373,42,Male,Orthopedic,164,General,High,334.0,No,High,19,25.0,H008,26.3,65.9,955.0,Good,7,10.0,19
S03598,P67848,57,Female,Gynecological,66,General,Low,102.0,No,Low,8,8.0,H008,24.3,46.1,688.0,Good,2,10.4,9
S03599,P46225,38,Female,Orthopedic,106,General,High,230.0,No,High,16,4.0,H009,24.5,32.9,651.0,Good,4,20.7,16
S03600,P23398,62,Male,General,80,Sedation,Medium,123.0,No,Medium,6,13.0,H019,18.2,47.6,743.0,Good,5,4.7,6
S03601,P49906,50,Female,Urological,77,Regional,Low,140.0,No,Low,14,6.0,H014,23.9,51.6,365.0,Good,2,6.3,16
S03602,P59367,61,Male,Orthopedic,138,Regional,Low,163.0,No,Medium,13,20.0,H019,21.5,41.8,991.0,Moderate,2,18.1,15
S03603,P93949,29,Female,Gynecological,103,General,Low,78.0,No,Low,9,16.0,H012,22.6,,,Moderate,3,8.4,11
S03604,P32525,62,Female,General,108,General,Low,175.0,No,Low,3,5.0,H017,23.6,63.0,574.0,Good,1,11.6,4
S03605,P44421,84,Male,Urological,67,Regional,Medium,64.0,No,High,5,10.0,H018,23.1,48.7,1012.0,Poor,4,8.4,5
S03606,P91935,27,Female,Orthopedic,131,General,Low,248.0,No,Medium,11,26.0,H010,24.7,33.9,1068.0,Moderate,5,14.5,11
S03607,P92627,41,Female,Urological,82,General,High,159.0,No,Medium,12,24.0,H010,20.9,60.0,609.0,Good,4,7.8,14
S03608,P87066,67,Male,General,48,Regional,Low,57.0,No,Low,2,19.0,H018,23.1,71.8,1150.0,Good,2,7.9,4
S03609,P26136,62,Male,General,104,Local,Low,240.0,No,Medium,5,27.0,H014,23.8,67.9,482.0,Moderate,2,11.0,9
S03610,P20406,66,Female,Neurological,182,Sedation,Low,271.0,No,High,12,4.0,H008,27.9,37.8,969.0,Moderate,4,18.4,12
S03611,P43830,58,Male,Neurological,158,Local,Low,227.0,No,Medium,22,22.0,H007,26.6,69.2,549.0,Good,2,9.5,24
S03612,P32705,67,Male,General,77,Regional,Medium,132.0,No,High,7,1.0,H008,23.1,59.1,1475.0,Poor,4,20.4,10
S03613,P38197,61,Male,Orthopedic,107,Local,Low,186.0,Yes,High,19,18.0,H005,23.2,57.4,822.0,Poor,6,15.8,23
S03614,P95005,23,Female,General,82,Sedation,Medium,151.0,No,Medium,3,2.0,H009,23.0,37.8,477.0,Poor,3,11.9,7
S03615,P58424,72,Male,Gynecological,152,General,Medium,167.0,No,High,13,10.0,H013,29.5,47.1,1165.0,Moderate,2,13.9,17
S03616,P36908,50,Female,General,152,General,Low,252.0,No,Medium,11,3.0,H014,26.2,26.4,650.0,Poor,2,4.8,12
S03617,P75536,21,Male,Orthopedic,38,General,Low,53.0,No,Low,14,8.0,H001,20.9,36.5,340.0,Moderate,2,8.4,17
S03618,P83423,47,Male,Neurological,194,Sedation,Low,237.0,No,Medium,16,19.0,H002,22.4,60.6,544.0,Good,4,13.0,20
S03619,P48863,49,Female,General,118,Sedation,Low,178.0,No,Low,8,23.0,H012,22.0,51.5,802.0,Moderate,1,9.9,10
S03620,P14541,24,Male,Gynecological,93,Local,Medium,88.0,No,Medium,12,28.0,H011,22.9,44.3,681.0,Good,3,8.1,13
S03621,P52016,89,Male,Ophthalmic,87,General,Low,154.0,Yes,High,10,29.0,H002,26.8,55.0,928.0,Poor,7,16.8,13
S03622,P44901,34,Male,General,139,Sedation,Low,196.0,No,Medium,8,4.0,H019,24.9,57.7,698.0,Good,4,8.5,8
S03623,P27084,41,Female,Gynecological,58,General,Medium,78.0,No,Low,12,27.0,H019,24.4,54.6,300.0,Poor,4,6.7,12
S03624,P65330,49,Male,Orthopedic,124,General,Low,,No,Low,11,9.0,H002,26.0,57.9,1172.0,Good,3,8.0,12
S03625,P76246,77,Male,ENT,128,Regional,High,235.0,No,High,10,26.0,H001,23.9,37.3,865.0,Moderate,6,15.2,12
S03626,P45958,71,Male,Cardiac,202,Local,Medium,372.0,Yes,High,24,26.0,H002,24.4,58.0,1208.0,Good,3,20.7,27
S03627,P44396,73,Male,Neurological,176,Local,Medium,206.0,No,Medium,10,27.0,H013,21.4,70.0,906.0,Moderate,3,12.4,12
S03628,P81157,35,Male,Cardiac,226,General,Medium,313.0,No,High,19,15.0,H018,24.7,58.5,858.0,Good,4,8.8,20
S03629,P26072,78,Female,Orthopedic,151,General,Low,216.0,No,High,12,22.0,H008,23.0,61.0,592.0,Moderate,2,15.2,14
S03630,P98191,77,Male,Urological,115,Regional,Low,135.0,No,High,8,13.0,H016,25.8,60.4,1101.0,Good,3,17.9,9
S03631,P47705,51,Male,Cardiac,244,General,Medium,377.0,No,High,23,3.0,H004,28.9,61.6,615.0,Poor,5,14.4,23
S03632,P56217,57,Female,Cardiac,240,Local,Low,307.0,No,High,21,14.0,H001,21.9,42.6,960.0,Poor,5,11.0,21
S03633,P63211,20,Female,Orthopedic,68,General,Low,73.0,No,Low,20,6.0,H010,22.7,20.1,447.0,Good,4,5.4,20
S03634,P51726,72,Male,ENT,112,General,Medium,185.0,Yes,High,8,3.0,H009,22.9,48.3,300.0,Moderate,4,16.4,9
S03635,P14378,87,Male,Urological,69,General,Medium,135.0,No,High,2,4.0,H019,25.8,60.7,785.0,Poor,4,16.6,2
S03636,P73405,52,Male,Ophthalmic,55,Local,Medium,83.0,No,High,3,7.0,H006,30.3,41.4,644.0,Poor,2,12.1,6
S03637,P90602,56,Female,Urological,109,Local,Low,160.0,No,Low,6,24.0,H009,21.7,53.2,813.0,Good,1,8.5,7
S03638,P77832,53,Male,Ophthalmic,65,General,High,145.0,No,High,2,28.0,H004,29.9,70.2,780.0,Poor,6,19.3,2
S03639,P71924,23,Male,General,120,General,Low,161.0,No,Low,6,25.0,H008,20.3,61.7,476.0,Good,2,6.7,8
S03640,P15381,62,Male,Orthopedic,138,Sedation,High,305.0,No,High,14,19.0,H001,22.6,40.2,796.0,Poor,4,19.3,17
S03641,P80725,69,Male,Neurological,186,Regional,Low,284.0,No,High,15,26.0,H007,24.9,64.2,930.0,Good,1,16.6,19
S03642,P49382,84,Male,Cardiac,249,General,High,260.0,No,High,28,9.0,H005,22.5,70.2,850.0,Poor,4,10.2,30
S03643,P37376,84,Male,Gynecological,66,General,High,172.0,No,High,13,27.0,H008,23.1,70.9,615.0,Poor,3,17.3,15
S03644,P54976,53,Female,Orthopedic,115,Sedation,Low,205.0,No,Low,13,28.0,H013,23.5,,1044.0,Good,1,13.2,15
S03645,P30554,87,Female,Orthopedic,152,Local,Medium,255.0,No,High,18,5.0,H015,19.5,76.8,1227.0,Poor,4,13.5,20
S03646,P37667,56,Female,Gynecological,73,General,Low,49.0,No,Low,9,12.0,H006,20.0,51.8,463.0,Moderate,1,8.7,12
S03647,P82981,64,Female,Orthopedic,98,General,Low,146.0,No,Low,10,9.0,H017,25.8,44.6,531.0,Good,3,9.8,11
S03648,P78317,61,Male,Orthopedic,93,General,Low,164.0,No,Low,10,5.0,H006,19.2,65.2,589.0,Moderate,1,6.2,11
S03649,P60375,89,Female,Orthopedic,124,General,Medium,200.0,No,Medium,13,6.0,H002,21.7,36.0,505.0,Moderate,4,8.6,15
S03650,P89827,71,Female,Gynecological,142,General,Low,221.0,No,Medium,5,28.0,H005,24.4,78.2,559.0,Good,3,8.1,7
S03651,P24063,26,Female,Orthopedic,136,General,Medium,240.0,No,Medium,10,6.0,H005,22.8,65.1,707.0,Good,2,4.0,13
S03652,P86079,23,Female,Orthopedic,54,General,High,133.0,Yes,High,20,20.0,H002,22.5,55.2,591.0,Poor,6,19.8,21
S03653,P52921,47,Male,Cardiac,259,General,High,532.0,No,High,27,26.0,H013,24.7,35.5,1406.0,Moderate,2,15.1,28
S03654,P67039,55,Male,Gynecological,86,Regional,Low,133.0,No,Low,13,22.0,H012,23.7,49.2,300.0,Good,4,8.0,13
S03655,P85326,66,Male,Cardiac,255,Regional,Medium,388.0,No,High,22,14.0,H006,21.8,,500.0,Moderate,3,16.6,26
S03656,P81477,52,Male,Orthopedic,115,Local,Low,203.0,No,Medium,13,1.0,H014,22.9,23.5,900.0,Good,4,11.1,16
S03657,P99170,55,Male,Ophthalmic,34,General,Low,46.0,No,Low,1,13.0,H005,23.7,43.1,,Good,3,6.3,1
S03658,P30936,84,Male,Ophthalmic,57,Local,High,116.0,No,High,7,9.0,H019,25.4,74.7,1016.0,Poor,1,17.3,9
S03659,P25231,42,Male,Orthopedic,106,Sedation,High,209.0,No,High,22,26.0,H007,25.1,64.8,810.0,Moderate,2,8.2,22
S03660,P12311,53,Female,Cardiac,249,Sedation,Low,,Yes,Medium,26,28.0,H005,26.3,49.5,557.0,Good,5,,28
S03661,P70543,58,Female,Orthopedic,93,General,Low,165.0,No,Low,12,7.0,H015,22.1,31.2,576.0,Moderate,1,6.2,15
S03662,P56210,51,Female,Gynecological,66,General,Low,117.0,No,Low,9,5.0,H004,20.0,47.8,677.0,Moderate,3,9.0,9
S03663,P69938,87,Male,Cardiac,261,Regional,Low,386.0,No,High,20,24.0,H019,24.7,81.5,1204.0,Poor,4,14.2,21
S03664,P46898,87,Female,Ophthalmic,93,General,Low,134.0,No,Low,4,26.0,H014,24.4,,445.0,Moderate,2,10.6,8
S03665,P41429,54,Female,Urological,97,General,Low,128.0,No,Low,5,29.0,H004,20.2,45.7,690.0,Good,2,3.7,5
S03666,P89353,50,Female,General,70,General,Low,110.0,No,Low,8,23.0,H007,17.5,59.0,503.0,Moderate,3,5.2,8
S03667,P26357,60,Female,Orthopedic,97,Regional,Low,97.0,No,Low,15,14.0,H019,22.9,65.2,523.0,Good,1,6.9,19
S03668,P81018,31,Male,Ophthalmic,39,Local,Medium,58.0,No,Low,4,11.0,H010,21.1,66.6,420.0,Poor,2,11.4,4
S03669,P19567,48,Male,Gynecological,126,General,Medium,296.0,No,Medium,6,2.0,H011,27.4,54.0,594.0,Moderate,3,7.1,6
S03670,P44366,33,Female,Urological,55,Sedation,Medium,57.0,No,Low,7,26.0,H014,22.5,30.3,350.0,Moderate,3,13.1,10
S03671,P14272,28,Female,Orthopedic,146,Local,Low,225.0,No,Medium,12,29.0,H005,25.3,70.3,497.0,Moderate,4,16.7,16
S03672,P11568,24,Male,Gynecological,119,General,Medium,191.0,No,Low,9,27.0,H008,21.0,45.3,414.0,Moderate,1,7.9,11
S03673,P13205,60,Male,Urological,117,General,Low,193.0,No,Low,6,17.0,H008,23.2,43.7,300.0,Good,4,14.4,9
S03674,P34738,18,Male,ENT,101,General,High,172.0,No,Medium,11,26.0,H008,22.9,37.5,,Good,3,8.8,13
S03675,P94889,64,Male,General,106,Sedation,Low,175.0,No,Medium,7,1.0,H006,24.5,57.6,518.0,Moderate,2,11.3,10
S03676,P42439,49,Female,General,45,Local,High,110.0,Yes,High,10,12.0,H009,24.1,64.8,914.0,Poor,7,10.2,13
S03677,P65272,44,Female,General,108,Regional,Low,115.0,No,Low,3,4.0,H015,21.0,42.0,316.0,Good,3,12.2,3
S03678,P70824,73,Male,Gynecological,103,Regional,Medium,183.0,Yes,High,18,18.0,H009,26.2,65.8,760.0,Moderate,1,16.5,20
S03679,P88807,56,Male,Ophthalmic,48,General,Low,81.0,No,Low,2,1.0,H002,20.6,63.2,669.0,Good,4,7.9,6
S03680,P91294,70,Male,General,130,Sedation,Medium,157.0,No,Medium,5,9.0,H001,20.6,50.5,645.0,Moderate,2,11.4,7
S03681,P13462,69,Male,Cardiac,235,Sedation,Medium,314.0,No,High,24,13.0,H001,25.2,63.3,932.0,Poor,2,12.9,24
S03682,P29885,20,Female,Orthopedic,104,Local,Low,137.0,No,Low,13,4.0,H004,21.3,48.2,636.0,Good,1,9.9,16
S03683,P79156,33,Female,General,123,Regional,Medium,123.0,No,Medium,3,3.0,H015,22.6,43.2,561.0,Moderate,5,11.9,3
S03684,P80731,59,Female,Urological,67,General,Low,115.0,No,Low,4,27.0,H012,20.7,59.1,459.0,Poor,2,12.9,8
S03685,P98278,88,Male,Orthopedic,102,General,Medium,177.0,No,Medium,15,8.0,H007,24.0,70.1,643.0,Poor,3,9.3,19
S03686,P75571,29,Female,Neurological,146,General,Low,204.0,No,Medium,24,29.0,H001,24.6,51.8,532.0,Good,3,8.7,27
S03687,P58239,25,Female,ENT,45,Regional,Medium,67.0,No,Medium,7,11.0,H007,23.8,45.4,332.0,Good,5,10.8,8
S03688,P41783,85,Male,General,67,Local,High,152.0,Yes,High,13,2.0,H006,25.7,65.8,784.0,Good,5,4.9,13
S03689,P52394,87,Female,Cardiac,258,Sedation,Low,405.0,No,High,20,3.0,H010,20.2,51.4,796.0,Moderate,4,15.5,24
S03690,P11455,30,Female,Neurological,149,General,Medium,163.0,No,Medium,18,20.0,H009,21.7,67.3,761.0,Moderate,3,7.8,19
S03691,P71653,46,Female,General,34,General,High,105.0,Yes,High,8,1.0,H004,27.5,73.7,763.0,Poor,5,14.8,10
S03692,P12943,63,Male,Orthopedic,129,General,Medium,148.0,Yes,High,19,28.0,H009,25.4,58.4,642.0,Poor,5,4.7,21
S03693,P68313,32,Male,Gynecological,80,Sedation,Low,136.0,No,Low,11,8.0,H003,21.6,44.9,607.0,Good,3,5.9,12
S03694,P65731,41,Male,General,89,Local,Low,105.0,No,Low,12,18.0,H001,24.6,47.7,770.0,Moderate,2,9.9,16
S03695,P98634,46,Male,General,128,Regional,Low,142.0,No,Low,10,13.0,H018,22.6,29.1,553.0,Moderate,3,5.1,11
S03696,P86240,64,Male,General,92,Regional,Low,137.0,Yes,High,17,2.0,H017,20.2,47.1,638.0,Good,2,6.8,18
S03697,P75621,40,Female,Orthopedic,165,Regional,Low,244.0,No,Low,19,21.0,H019,21.8,58.8,509.0,Moderate,1,13.1,23
S03698,P66876,47,Male,Orthopedic,117,General,Medium,179.0,No,Medium,18,1.0,H002,20.7,44.8,883.0,Good,2,10.3,19
S03699,P36723,38,Male,Orthopedic,150,General,Medium,184.0,No,Medium,14,24.0,H013,21.7,80.7,438.0,Good,2,8.9,15
S03700,P79630,72,Female,Orthopedic,103,General,Medium,160.0,No,Medium,15,15.0,H017,25.3,47.0,820.0,Moderate,3,3.4,19
S03701,P59809,29,Male,Gynecological,103,General,Low,163.0,No,Low,4,9.0,H008,22.6,38.9,478.0,Poor,2,11.7,5
S03702,P55257,34,Male,Orthopedic,92,Regional,Low,170.0,No,Low,14,28.0,H019,21.0,54.0,806.0,Moderate,2,13.1,18
S03703,P65916,35,Female,Gynecological,75,General,Medium,116.0,No,Medium,11,6.0,H019,20.6,56.6,699.0,Moderate,4,1.0,14
S03704,P33657,83,Male,Orthopedic,113,Local,Medium,149.0,No,High,13,9.0,H004,25.4,77.2,1034.0,Poor,5,9.2,16
S03705,P33432,86,Male,Orthopedic,80,Regional,High,137.0,No,High,12,19.0,H017,23.8,54.4,1262.0,Moderate,3,18.4,13
S03706,P13578,54,Female,Orthopedic,124,Regional,Medium,129.0,No,Low,18,11.0,H002,23.4,39.3,805.0,Poor,1,6.0,19
S03707,P44831,29,Male,General,80,Sedation,Low,127.0,No,Low,8,15.0,H003,20.3,43.0,756.0,Moderate,4,10.9,11
S03708,P83560,72,Male,General,97,General,Medium,168.0,No,Medium,12,24.0,H003,21.2,66.8,503.0,Poor,3,8.5,15
S03709,P17617,53,Male,Urological,40,Regional,Medium,49.0,No,Low,10,27.0,H019,19.8,69.7,736.0,Good,4,12.1,12
S03710,P52680,79,Female,Orthopedic,141,General,Low,222.0,No,Medium,18,24.0,H017,21.8,38.2,464.0,Moderate,2,4.1,22
S03711,P86503,43,Male,General,140,Local,Medium,202.0,No,High,10,3.0,H006,28.9,53.5,670.0,Moderate,5,9.6,10
S03712,P88881,89,Female,Urological,124,Regional,Low,212.0,No,Medium,5,28.0,H019,20.9,69.6,744.0,Moderate,2,10.2,9
S03713,P93827,76,Male,Cardiac,297,General,Low,522.0,No,High,19,13.0,H003,24.3,66.5,1206.0,Poor,4,16.3,21
S03714,P43316,34,Female,Orthopedic,121,General,Low,99.0,No,Low,12,25.0,H012,20.4,42.9,565.0,Good,2,8.0,15
S03715,P40221,70,Male,Orthopedic,109,Local,Medium,197.0,No,Medium,11,9.0,H017,21.9,44.0,600.0,Good,4,7.8,11
S03716,P34837,38,Male,Orthopedic,134,Regional,Medium,211.0,No,Medium,19,18.0,H018,23.0,41.9,780.0,Moderate,3,8.2,21
S03717,P47358,43,Female,Ophthalmic,52,Regional,Low,69.0,No,Low,3,28.0,H005,24.4,59.9,494.0,Good,1,2.2,4
S03718,P70033,36,Female,Neurological,127,General,Medium,171.0,No,Low,19,28.0,H015,21.2,31.8,679.0,Good,1,6.7,23
S03719,P71131,67,Male,General,114,Regional,Medium,172.0,No,Medium,3,19.0,H014,22.1,56.4,788.0,Moderate,4,4.7,4
S03720,P64390,36,Male,Gynecological,92,Regional,Low,124.0,No,Medium,12,18.0,H011,18.7,47.5,461.0,Good,2,13.7,15
S03721,P51691,63,Male,Neurological,135,General,Low,164.0,No,Medium,16,1.0,H016,20.3,44.1,899.0,Poor,1,3.6,20
S03722,P73380,59,Male,General,74,Regional,Low,95.0,No,Low,10,18.0,H018,24.2,43.8,300.0,Good,2,10.1,11
S03723,P40817,72,Female,Orthopedic,113,Regional,Low,134.0,No,Low,11,13.0,H003,20.3,60.2,409.0,Good,1,6.5,15
S03724,P18197,89,Male,General,90,Local,High,221.0,No,High,13,1.0,H009,24.6,67.8,1073.0,Moderate,6,12.2,17
S03725,P96550,18,Male,Orthopedic,120,General,Medium,182.0,No,Low,16,28.0,H004,20.1,62.1,1163.0,Good,4,8.0,19
S03726,P17501,89,Male,Cardiac,281,General,Low,611.0,No,High,19,14.0,H008,23.1,51.3,435.0,Moderate,4,10.4,22
S03727,P86546,25,Male,Cardiac,201,Sedation,Medium,323.0,No,High,25,23.0,H008,28.0,34.5,976.0,Poor,4,7.3,25
S03728,P61382,55,Male,Gynecological,95,Local,Low,159.0,No,Medium,13,2.0,H014,24.0,56.2,300.0,Good,4,8.1,16
S03729,P98479,42,Male,Gynecological,73,General,Low,86.0,No,Low,11,8.0,H012,18.1,49.5,560.0,Moderate,2,9.4,13
S03730,P59344,64,Male,Gynecological,137,Sedation,Low,196.0,No,Medium,7,27.0,H015,29.0,46.8,,Poor,1,10.6,10
S03731,P14751,69,Female,Orthopedic,103,General,Low,156.0,No,Low,16,28.0,H014,19.9,25.9,597.0,Good,3,9.5,19
S03732,P18362,79,Male,ENT,59,Local,Low,77.0,No,Medium,5,1.0,H007,25.4,66.1,1017.0,Poor,3,12.7,9
S03733,P17768,46,Female,Orthopedic,151,General,Low,205.0,No,Low,14,26.0,H013,21.1,15.0,762.0,Moderate,1,13.8,16
S03734,P48716,85,Male,Urological,119,General,Low,193.0,No,Low,8,9.0,H010,19.5,58.2,519.0,Good,3,7.1,10
S03735,P78339,41,Male,Gynecological,144,Sedation,Low,234.0,No,Medium,9,7.0,H011,21.6,61.8,826.0,Moderate,1,10.8,13
S03736,P67023,32,Male,General,40,General,Medium,43.0,No,Low,4,29.0,H005,20.7,56.9,606.0,Moderate,4,6.7,8
S03737,P83274,45,Male,General,104,Local,Low,164.0,No,Low,2,16.0,H006,20.9,48.9,383.0,Good,4,12.5,5
S03738,P58781,56,Female,Gynecological,108,Regional,Low,179.0,No,Low,4,24.0,H003,22.1,22.4,580.0,Good,1,5.0,8
S03739,P21229,66,Female,Gynecological,98,General,Low,129.0,No,Medium,10,4.0,H004,23.3,35.0,798.0,Moderate,3,17.3,10
S03740,P26785,77,Female,Orthopedic,121,Sedation,High,206.0,Yes,High,14,22.0,H007,24.2,53.3,1555.0,Good,3,11.2,17
S03741,P24421,34,Female,Urological,118,Regional,Low,192.0,No,Low,10,11.0,H004,22.4,71.8,856.0,Moderate,3,9.1,14
S03742,P93502,39,Male,Orthopedic,151,Local,Medium,109.0,No,Medium,15,21.0,H010,22.9,65.1,902.0,Good,3,14.6,16
S03743,P82182,85,Male,General,116,Local,Low,174.0,No,Low,6,20.0,H014,20.6,47.5,300.0,Moderate,1,6.9,9
S03744,P13092,49,Female,General,96,General,Low,191.0,No,Medium,10,2.0,H003,21.6,43.4,711.0,Moderate,2,11.3,14
S03745,P29557,35,Male,Urological,148,General,Medium,106.0,No,Medium,7,26.0,H004,20.8,57.8,982.0,Good,3,,11
S03746,P34531,88,Male,General,77,General,Medium,134.0,No,Medium,8,9.0,H004,19.6,64.4,855.0,Good,4,7.0,12
S03747,P74201,50,Female,Cardiac,191,Regional,High,367.0,Yes,High,23,11.0,H016,29.2,60.4,1121.0,Poor,1,10.6,24
S03748,P16079,88,Female,General,82,General,Low,87.0,No,Low,1,,H003,22.5,33.0,699.0,Good,4,8.7,4
S03749,P98197,84,Female,Cardiac,241,General,Low,399.0,No,High,20,26.0,H018,24.4,83.1,1159.0,Moderate,4,7.9,20
S03750,P35503,83,Male,General,129,Local,Medium,232.0,No,High,8,26.0,H017,25.1,64.6,587.0,Poor,3,14.9,12
S03751,P86748,59,Female,General,74,General,Low,84.0,No,Low,9,14.0,H008,16.8,43.6,928.0,Good,1,7.5,11
S03752,P71676,75,Male,Urological,94,Local,Medium,121.0,No,Medium,7,11.0,H014,27.5,58.4,867.0,Moderate,2,15.0,8
S03753,P44244,87,Male,Cardiac,195,Regional,Medium,294.0,Yes,High,26,24.0,H004,22.5,78.8,1014.0,Moderate,3,19.4,26
S03754,P12142,37,Male,Orthopedic,152,General,Low,272.0,No,Medium,16,8.0,H003,20.9,62.3,738.0,Moderate,1,4.6,17
S03755,P59570,20,Female,General,92,General,Medium,123.0,No,Medium,6,,H013,22.3,58.3,870.0,Moderate,2,9.1,6
S03756,P13488,41,Female,Orthopedic,111,General,Low,165.0,No,Low,15,7.0,H013,24.0,68.0,746.0,Moderate,4,4.5,19
S03757,P74604,63,Female,Cardiac,303,Regional,Low,394.0,No,High,17,7.0,H006,27.9,53.5,797.0,Good,4,14.9,18
S03758,P28526,57,Male,Neurological,212,General,High,369.0,No,High,16,16.0,H010,28.2,47.5,601.0,Poor,3,12.7,20
S03759,P95521,23,Male,General,58,Local,Low,105.0,No,Low,5,26.0,H010,21.0,44.4,377.0,Good,2,11.2,6
S03760,P12491,58,Male,Cardiac,236,Local,Low,361.0,No,High,23,9.0,H011,22.3,63.4,1054.0,Poor,2,10.1,25
S03761,P41388,30,Female,General,172,General,Medium,239.0,No,High,4,22.0,H006,24.1,74.9,921.0,Poor,6,14.2,5
S03762,P45104,54,Male,Ophthalmic,119,Local,Low,177.0,No,Low,4,1.0,H016,20.7,51.9,455.0,Good,4,5.7,4
S03763,P79154,59,Male,General,117,Sedation,Low,147.0,No,Low,3,21.0,H012,18.7,,894.0,Moderate,3,6.7,6
S03764,P30713,63,Female,Cardiac,184,General,Low,221.0,No,Medium,19,12.0,H010,23.6,68.3,1058.0,Moderate,4,7.8,19
S03765,P80174,47,Male,Orthopedic,159,Sedation,Low,295.0,No,High,14,3.0,H010,22.5,47.1,814.0,Good,3,13.3,16
S03766,P38993,47,Female,Orthopedic,100,General,Low,199.0,No,Low,11,17.0,H006,23.0,44.5,860.0,Good,3,4.7,11
S03767,P17340,66,Male,General,129,Regional,Medium,124.0,No,Medium,5,7.0,H007,24.3,47.7,678.0,Poor,1,10.2,5
S03768,P85348,71,Female,Gynecological,78,General,Low,130.0,Yes,High,7,19.0,H015,28.5,80.2,701.0,Poor,6,24.3,7
S03769,P27321,76,Male,Orthopedic,134,Local,High,285.0,Yes,High,24,2.0,H003,23.5,62.2,792.0,Moderate,3,18.4,24
S03770,P48897,42,Male,Orthopedic,100,Local,Low,113.0,No,Low,13,10.0,H004,25.3,69.7,,Good,2,12.8,16
S03771,P64515,48,Male,Cardiac,229,Sedation,Low,311.0,No,High,18,7.0,H004,22.4,69.2,803.0,Good,1,9.1,18
S03772,P11354,41,Male,Cardiac,258,Sedation,High,392.0,Yes,High,34,10.0,H018,22.0,47.2,1250.0,Poor,2,15.1,34
S03773,P68245,55,Female,ENT,30,General,Medium,62.0,No,Medium,2,1.0,H016,21.5,46.2,716.0,Moderate,2,4.8,6
S03774,P59212,27,Male,Cardiac,311,Regional,Low,620.0,No,Medium,19,9.0,H018,23.5,43.7,701.0,Good,3,10.8,22
S03775,P79926,48,Male,Orthopedic,89,General,Low,108.0,No,Low,11,3.0,H006,23.4,66.6,554.0,Moderate,3,12.6,12
S03776,P19844,31,Female,Neurological,147,General,Medium,156.0,No,Medium,21,19.0,H007,23.0,62.2,622.0,Good,3,16.6,21
S03777,P89173,56,Male,Orthopedic,138,General,Low,239.0,No,Medium,18,14.0,H006,22.0,32.1,771.0,Good,3,11.7,20
S03778,P15340,79,Female,Orthopedic,158,Sedation,Low,262.0,No,High,18,9.0,H015,26.2,71.1,1127.0,Poor,3,17.9,19
S03779,P94476,88,Female,General,80,Regional,Medium,149.0,No,Medium,10,18.0,H015,19.7,53.9,,Poor,2,12.7,12
S03780,P39457,50,Male,Cardiac,207,General,Medium,244.0,No,High,19,27.0,H018,28.4,38.7,1020.0,Moderate,7,18.2,20
S03781,P16545,22,Female,Orthopedic,92,Sedation,Medium,157.0,No,Low,19,16.0,H006,21.4,40.1,300.0,Good,1,10.5,23
S03782,P34489,34,Male,General,59,Local,Low,75.0,No,Low,6,9.0,H018,21.6,47.4,399.0,Good,2,10.7,7
S03783,P54596,25,Male,General,99,General,High,217.0,No,Medium,5,12.0,H019,22.8,25.2,535.0,Poor,2,4.8,8
S03784,P20052,72,Male,Orthopedic,117,Regional,Low,174.0,No,Medium,12,23.0,H003,23.5,49.3,664.0,Good,1,12.6,15
S03785,P36898,88,Female,Urological,92,Local,Medium,190.0,No,High,8,3.0,H007,22.4,55.1,890.0,Poor,3,22.9,12
S03786,P36858,57,Female,Cardiac,250,Regional,Low,408.0,No,Medium,19,10.0,H004,23.2,47.7,780.0,Good,3,8.8,21
S03787,P24728,30,Male,ENT,94,Regional,Medium,132.0,No,Low,5,14.0,H019,20.1,50.4,531.0,Good,4,4.8,8
S03788,P53565,19,Female,Ophthalmic,47,Regional,Medium,72.0,No,Medium,4,19.0,H010,21.8,50.8,791.0,Good,5,14.7,6
S03789,P12192,88,Male,General,67,General,Low,98.0,No,Low,8,17.0,H001,18.8,36.5,954.0,Good,2,7.5,11
S03790,P32602,40,Female,Cardiac,244,Regional,Medium,281.0,Yes,High,27,21.0,H011,24.8,63.9,910.0,Good,6,19.8,27
S03791,P22931,26,Female,Urological,78,General,High,212.0,No,Medium,10,28.0,H004,22.2,44.8,,Moderate,4,6.1,11
S03792,P12906,30,Female,Neurological,187,General,Low,370.0,No,High,15,6.0,H007,19.8,57.7,933.0,Good,3,9.3,17
S03793,P53331,36,Female,Orthopedic,98,General,Low,141.0,No,Low,9,14.0,H011,20.6,37.2,837.0,Moderate,4,13.9,13
S03794,P90333,65,Female,General,109,Regional,Low,186.0,No,Medium,6,12.0,H002,23.9,44.5,1010.0,Good,5,12.4,9
S03795,P41485,82,Male,General,54,General,Medium,114.0,No,Medium,5,3.0,H018,24.8,54.2,625.0,Moderate,2,9.9,9
S03796,P68625,37,Female,Urological,66,General,Medium,123.0,No,Low,7,4.0,H009,19.4,31.7,548.0,Good,2,7.1,9
S03797,P23412,67,Female,Gynecological,133,General,Low,187.0,No,Low,3,19.0,H013,21.4,44.5,751.0,Good,2,1.2,5
S03798,P73598,22,Female,Ophthalmic,26,Sedation,Low,38.0,No,Low,1,15.0,H006,19.8,50.3,628.0,Good,1,9.5,1
S03799,P71256,18,Male,Gynecological,131,General,Medium,129.0,No,Medium,11,9.0,H015,24.3,54.2,833.0,Good,4,8.1,15
S03800,P46727,21,Female,General,47,General,Low,81.0,No,Low,2,27.0,H009,20.7,54.1,485.0,Moderate,4,9.8,6
S03801,P34459,84,Male,General,42,General,Low,78.0,No,Low,6,10.0,H010,23.0,40.7,673.0,Moderate,3,3.4,8
S03802,P61599,59,Male,ENT,25,Local,Low,46.0,No,Low,2,18.0,H006,21.3,36.7,492.0,Good,1,10.2,2
S03803,P64402,75,Female,ENT,73,General,Medium,124.0,No,Medium,2,29.0,H004,18.8,45.7,647.0,Good,2,9.7,6
S03804,P73267,19,Male,Urological,101,General,High,212.0,No,High,11,21.0,H009,24.2,64.9,637.0,Poor,4,9.8,11
S03805,P27995,19,Female,Urological,118,Local,Medium,141.0,No,Low,8,22.0,H007,19.6,46.4,437.0,Good,3,9.9,9
S03806,P42101,79,Male,General,126,Local,Low,201.0,No,Low,8,9.0,H012,24.2,36.5,313.0,Poor,1,10.7,8
S03807,P84252,25,Female,Cardiac,265,Regional,Medium,347.0,No,High,17,27.0,H012,30.0,88.4,409.0,Poor,3,9.3,17
S03808,P84814,29,Female,Ophthalmic,35,Regional,Low,58.0,No,Low,1,14.0,H007,23.3,40.4,412.0,Moderate,3,8.0,5
S03809,P83108,55,Male,Orthopedic,94,Sedation,High,169.0,No,Medium,20,9.0,H003,21.2,36.5,799.0,Moderate,3,10.9,22
S03810,P79512,61,Female,Cardiac,263,Sedation,Low,435.0,No,Medium,20,22.0,H005,23.3,39.6,840.0,Moderate,1,10.7,22
S03811,P17457,34,Male,General,132,Local,High,300.0,No,High,11,16.0,H006,25.0,70.4,1246.0,Moderate,3,22.5,14
S03812,P35837,50,Female,General,59,Local,High,145.0,No,Medium,8,4.0,H008,25.1,57.6,594.0,Moderate,1,13.4,11
S03813,P35448,66,Female,General,128,Local,High,254.0,No,High,11,1.0,H015,23.9,85.4,500.0,Poor,4,10.3,15
S03814,P39951,49,Male,Orthopedic,62,Sedation,Low,109.0,No,Low,6,4.0,H005,22.8,37.9,670.0,Good,4,8.0,7
S03815,P53883,45,Female,Orthopedic,131,General,Medium,266.0,No,High,17,5.0,H015,20.9,62.8,950.0,Moderate,3,12.2,17
S03816,P26552,23,Male,Cardiac,236,Sedation,Medium,346.0,No,High,19,7.0,H002,25.5,68.5,834.0,Poor,5,11.7,21
S03817,P80928,50,Female,Neurological,173,Local,Low,286.0,No,Medium,14,11.0,H013,21.5,42.4,411.0,Poor,4,6.2,14
S03818,P55235,75,Female,Orthopedic,120,Regional,Low,234.0,No,High,10,7.0,H013,24.7,73.1,876.0,Poor,3,9.8,13
S03819,P17481,63,Male,Gynecological,74,General,Medium,125.0,No,Low,9,27.0,H016,19.9,50.4,735.0,Moderate,3,10.0,13
S03820,P83018,82,Female,Cardiac,253,General,High,277.0,No,High,23,28.0,H013,26.0,42.6,579.0,Moderate,3,17.7,27
S03821,P38102,27,Male,Neurological,181,Local,Medium,232.0,No,Low,18,29.0,H007,23.3,29.4,300.0,Good,3,5.9,20
S03822,P60760,18,Male,Neurological,208,Regional,Low,358.0,Yes,High,19,5.0,H007,22.2,67.8,999.0,Poor,6,14.8,20
S03823,P47693,57,Female,General,137,General,Medium,189.0,Yes,High,14,16.0,H016,22.1,83.7,792.0,Poor,5,14.0,14
S03824,P41921,30,Male,Urological,83,Regional,Low,160.0,No,Low,6,4.0,H019,23.1,54.1,748.0,Moderate,3,7.6,7
S03825,P39845,60,Female,Orthopedic,95,General,Low,195.0,No,Medium,12,21.0,H010,26.0,59.6,647.0,Moderate,2,11.8,12
S03826,P46920,83,Male,Neurological,145,Regional,Medium,191.0,Yes,High,22,4.0,H015,27.1,59.9,832.0,Good,2,18.1,22
S03827,P16152,42,Female,Gynecological,150,Regional,Medium,178.0,No,Medium,11,9.0,H019,24.3,,701.0,Poor,5,4.7,12
S03828,P72331,57,Female,Orthopedic,167,Regional,Medium,232.0,No,High,13,6.0,H018,25.5,64.6,942.0,Poor,4,17.8,16
S03829,P68308,67,Male,Urological,106,General,Medium,145.0,No,Low,6,14.0,H001,19.4,15.4,,Good,1,8.7,10
S03830,P56283,28,Male,ENT,71,General,Low,139.0,No,Low,4,11.0,H009,24.6,46.2,383.0,Good,3,10.2,8
S03831,P89784,82,Male,General,114,General,Medium,135.0,No,Medium,10,16.0,H012,17.3,48.5,943.0,Good,4,14.4,13
S03832,P59744,32,Female,ENT,109,Regional,Low,187.0,No,Low,8,6.0,H010,24.4,52.3,480.0,Good,4,3.8,8
S03833,P44990,76,Male,General,71,Sedation,High,186.0,No,High,11,15.0,H012,24.5,,1221.0,Moderate,5,19.6,12
S03834,P64870,65,Male,General,90,Local,High,207.0,No,High,10,3.0,H014,20.6,64.7,472.0,Good,6,16.2,14
S03835,P81933,28,Female,Orthopedic,86,Local,High,190.0,No,High,23,2.0,H005,25.2,54.8,982.0,Good,5,12.9,27
S03836,P76468,70,Male,Orthopedic,116,General,High,218.0,Yes,High,23,4.0,H012,22.6,37.2,865.0,Good,7,10.3,23
S03837,P61491,32,Male,Cardiac,286,General,Medium,587.0,No,High,21,8.0,H013,23.6,38.0,830.0,Poor,5,21.7,23
S03838,P66308,61,Male,General,122,Local,Low,174.0,No,Low,6,23.0,H013,21.5,59.1,300.0,Good,3,8.2,10
S03839,P98468,87,Male,General,94,Regional,Medium,167.0,No,Low,8,10.0,H012,22.0,,611.0,Moderate,4,9.5,8
S03840,P71588,86,Female,Cardiac,159,General,Low,230.0,No,Medium,11,16.0,H009,21.6,71.2,300.0,Poor,5,8.5,13
S03841,P73352,80,Female,General,70,Regional,Medium,66.0,Yes,High,15,20.0,H007,18.7,75.7,887.0,Poor,4,16.2,16
S03842,P69950,53,Female,Orthopedic,123,Regional,Low,174.0,No,Low,10,22.0,H003,22.8,28.5,756.0,Good,4,3.3,14
S03843,P95999,58,Female,Neurological,173,General,High,301.0,No,High,18,17.0,H015,23.2,45.6,887.0,Moderate,3,10.8,22
S03844,P93380,39,Male,Orthopedic,120,General,Medium,174.0,Yes,Medium,14,6.0,H016,25.6,57.8,659.0,Good,3,6.9,17
S03845,P41016,84,Male,Gynecological,107,Regional,Medium,139.0,No,High,7,20.0,H019,24.8,54.8,1225.0,Good,2,7.6,8
S03846,P76279,52,Female,General,73,General,Low,123.0,No,Low,5,9.0,H008,23.9,47.9,625.0,Good,2,8.2,8
S03847,P68724,73,Female,Gynecological,99,General,Medium,170.0,No,Medium,12,18.0,H005,26.2,40.7,932.0,Good,2,10.8,16
S03848,P59190,43,Female,Orthopedic,115,Local,High,211.0,No,High,20,29.0,H012,25.7,56.7,777.0,Poor,3,14.3,24
S03849,P56377,71,Male,General,68,Sedation,Low,95.0,No,Medium,12,3.0,H012,22.4,52.4,939.0,Moderate,3,6.3,14
S03850,P90815,34,Female,ENT,125,General,Low,148.0,No,Medium,5,3.0,H008,18.0,64.5,727.0,Moderate,3,1.1,6
S03851,P92061,70,Female,Orthopedic,105,General,Low,165.0,No,Low,13,8.0,H007,22.5,49.4,667.0,Moderate,1,8.5,13
S03852,P91034,21,Female,General,22,Regional,Medium,42.0,Yes,High,14,13.0,H010,26.7,46.8,561.0,Poor,5,10.0,16
S03853,P37499,25,Female,Orthopedic,173,General,Medium,331.0,No,High,11,14.0,H009,25.6,68.7,784.0,Good,2,11.1,11
S03854,P41635,43,Male,Orthopedic,94,Local,Medium,124.0,No,Low,11,9.0,H013,21.0,54.4,661.0,Moderate,3,6.6,15
S03855,P18039,52,Male,General,116,Local,Low,243.0,No,Low,5,27.0,H014,22.1,50.0,623.0,Good,4,11.1,8
S03856,P82476,69,Male,Orthopedic,99,General,Low,137.0,No,High,13,1.0,H011,24.6,85.4,502.0,Moderate,2,17.1,16
S03857,P71876,43,Male,General,107,Local,High,177.0,No,Low,3,16.0,H014,22.6,37.0,804.0,Poor,1,7.8,3
S03858,P98421,19,Female,Ophthalmic,58,General,Medium,63.0,No,Low,6,17.0,H003,21.0,60.9,660.0,Good,4,,6
S03859,P76283,41,Male,Cardiac,270,Regional,Low,317.0,No,Medium,21,23.0,H006,25.3,37.1,815.0,Good,4,11.3,24
S03860,P28615,49,Male,Orthopedic,113,Sedation,Low,180.0,No,Low,16,16.0,H005,22.2,57.8,901.0,Moderate,2,9.6,17
S03861,P36516,57,Male,Urological,60,General,Low,85.0,No,Low,3,4.0,H016,22.5,25.3,584.0,Good,3,6.0,4
S03862,P45726,64,Female,General,97,General,Medium,127.0,No,Medium,5,10.0,H004,21.0,49.4,,Good,5,7.6,8
S03863,P78286,35,Female,Ophthalmic,48,Local,Medium,59.0,No,Medium,1,6.0,H017,21.6,67.5,905.0,Poor,1,5.9,2
S03864,P47390,61,Male,Cardiac,182,Regional,Medium,213.0,No,Medium,20,14.0,H011,20.4,50.4,626.0,Poor,2,16.2,20
S03865,P97082,63,Female,General,71,General,Medium,87.0,Yes,Medium,11,27.0,H004,26.2,50.6,703.0,Good,3,9.1,14
S03866,P64951,73,Male,Ophthalmic,146,General,High,313.0,Yes,High,13,12.0,H008,21.8,65.0,699.0,Poor,7,14.7,14
S03867,P43062,55,Male,Orthopedic,65,General,Low,132.0,No,Low,14,11.0,H002,22.3,22.0,300.0,Moderate,4,8.3,14
S03868,P96639,76,Male,Urological,87,Regional,Low,179.0,Yes,High,10,14.0,H005,21.5,60.7,741.0,Poor,2,13.8,11
S03869,P58823,33,Female,General,82,General,Low,139.0,No,Low,13,5.0,H012,19.5,38.4,323.0,Moderate,3,3.1,16
S03870,P37504,69,Female,Urological,135,General,High,232.0,No,High,10,25.0,H001,23.2,75.7,712.0,Poor,1,13.5,11
S03871,P45202,21,Female,Orthopedic,86,General,Medium,111.0,No,Medium,11,20.0,H010,20.7,52.0,598.0,Moderate,3,11.6,11
S03872,P77835,25,Male,General,93,Regional,Medium,160.0,Yes,High,6,21.0,H015,23.9,63.1,1368.0,Moderate,5,11.0,9
S03873,P17625,80,Female,Orthopedic,140,Local,Medium,199.0,No,High,14,11.0,H005,26.7,45.5,627.0,Good,2,13.4,17
S03874,P80069,52,Female,ENT,64,Regional,Low,103.0,No,Low,7,9.0,H002,18.0,59.2,701.0,Good,4,11.3,8
S03875,P19847,62,Male,Orthopedic,96,Regional,Low,199.0,No,Low,10,14.0,H012,24.0,49.2,300.0,Good,2,2.4,14
S03876,P72654,61,Male,Orthopedic,119,Local,Medium,186.0,No,Medium,15,7.0,H008,23.7,38.6,763.0,Poor,3,17.2,19
S03877,P74871,68,Male,Ophthalmic,50,General,High,159.0,No,High,6,1.0,H008,22.2,52.1,947.0,Poor,6,14.0,6
S03878,P62944,35,Female,Cardiac,230,General,Low,267.0,Yes,High,20,22.0,H009,22.1,66.6,654.0,Good,3,13.0,24
S03879,P26645,30,Male,General,117,General,Low,191.0,No,Low,8,25.0,H012,24.2,51.0,469.0,Good,4,5.2,8
S03880,P61454,21,Male,Cardiac,252,General,High,451.0,No,High,23,7.0,H009,22.9,64.9,667.0,Poor,5,10.4,24
S03881,P84662,80,Female,General,106,Sedation,Medium,127.0,No,Medium,3,19.0,H006,21.4,49.3,774.0,Moderate,4,13.3,3
S03882,P35384,34,Female,Orthopedic,129,General,Medium,224.0,No,High,16,27.0,H003,22.3,65.0,1011.0,Poor,5,14.3,20
S03883,P92759,59,Female,General,118,Local,Low,231.0,No,Medium,9,22.0,H019,20.4,69.7,807.0,Good,2,12.0,12
S03884,P22352,50,Female,General,129,General,Low,278.0,No,Low,3,25.0,H014,19.6,28.3,567.0,Good,3,3.7,5
S03885,P90354,29,Male,Neurological,171,Regional,Low,277.0,No,Low,18,26.0,H013,23.8,56.4,300.0,Good,3,6.6,22
S03886,P40065,47,Female,Cardiac,264,General,Low,245.0,No,Medium,21,8.0,H005,20.8,76.2,579.0,Moderate,1,10.7,24
S03887,P73015,23,Male,Orthopedic,81,General,Medium,133.0,No,High,13,3.0,H001,,65.0,656.0,Moderate,3,9.8,16
S03888,P30662,30,Male,Gynecological,32,General,Medium,55.0,No,Medium,8,24.0,H012,,49.7,478.0,Poor,4,11.1,12
S03889,P65813,28,Female,Orthopedic,174,Regional,Medium,248.0,Yes,High,18,23.0,H018,23.4,41.6,771.0,Moderate,4,14.2,20
S03890,P68735,77,Male,Cardiac,229,Regional,Low,358.0,Yes,High,28,6.0,H008,26.5,56.8,711.0,Poor,7,4.8,30
S03891,P54141,58,Male,Neurological,187,Local,Low,253.0,No,High,19,27.0,H003,25.2,51.7,840.0,Good,1,8.3,21
S03892,P86781,84,Female,General,53,Sedation,Medium,77.0,No,High,1,1.0,H010,24.1,74.7,441.0,Poor,4,14.7,5
S03893,P91744,49,Male,Gynecological,61,Regional,Low,110.0,Yes,Low,8,11.0,H019,22.4,61.3,761.0,Good,3,8.7,11
S03894,P24282,32,Male,General,68,Sedation,Low,130.0,No,Low,1,28.0,H009,23.1,47.4,654.0,Moderate,2,4.8,2
S03895,P83454,61,Female,Ophthalmic,79,General,Low,88.0,No,Low,1,11.0,H007,23.4,38.0,522.0,Good,4,7.7,3
S03896,P69351,84,Female,Gynecological,84,General,Low,113.0,No,Low,7,23.0,H019,22.1,23.8,488.0,Poor,4,13.4,11
S03897,P57153,56,Female,Urological,69,General,Low,70.0,No,High,6,2.0,H005,21.1,72.4,854.0,Good,3,13.9,9
S03898,P20968,19,Male,Gynecological,77,Regional,Low,157.0,No,Low,9,15.0,H007,21.7,55.4,524.0,Good,1,8.0,9
S03899,P64493,39,Female,Orthopedic,154,Regional,High,321.0,No,High,16,23.0,H005,24.1,34.8,1010.0,Moderate,6,16.1,18
S03900,P44208,84,Female,ENT,96,Regional,Low,86.0,No,Medium,4,25.0,H003,20.3,59.4,603.0,Moderate,4,8.3,8
S03901,P13407,55,Male,Urological,65,Local,Medium,96.0,Yes,Medium,16,13.0,H017,18.6,68.2,817.0,Moderate,5,16.8,19
S03902,P25586,86,Male,General,110,General,Medium,155.0,No,Medium,1,3.0,H007,20.3,22.0,778.0,Moderate,4,8.0,4
S03903,P18040,54,Male,Orthopedic,112,Local,Medium,142.0,No,Low,15,16.0,H016,18.1,37.3,478.0,Good,3,11.5,15
S03904,P36958,18,Female,Orthopedic,109,Regional,Medium,197.0,No,Medium,14,22.0,H010,22.3,79.1,461.0,Good,4,7.1,18
S03905,P25781,80,Male,General,88,Regional,Low,158.0,No,Medium,3,14.0,H014,,54.3,1009.0,Moderate,4,15.6,5
S03906,P87270,72,Female,General,109,General,Low,172.0,No,Low,8,28.0,H002,22.2,77.0,,Good,2,10.0,11
S03907,P35797,69,Female,Gynecological,73,General,Medium,95.0,No,Medium,11,10.0,H011,22.7,52.1,897.0,Poor,2,9.0,11
S03908,P47776,87,Male,Neurological,195,General,High,305.0,No,High,20,24.0,H018,,68.3,748.0,Moderate,5,6.5,21
S03909,P76877,32,Female,General,164,Local,Low,248.0,No,Low,1,22.0,H019,22.9,46.0,666.0,Good,3,12.7,2
S03910,P19773,83,Male,Orthopedic,125,Regional,Low,170.0,No,Medium,16,13.0,H004,24.1,45.5,537.0,Good,3,,16
S03911,P41960,34,Male,Orthopedic,121,General,High,231.0,No,High,17,3.0,H015,22.6,39.9,891.0,Moderate,5,18.7,18
S03912,P27905,87,Female,Orthopedic,117,Local,Medium,195.0,No,High,15,11.0,H018,18.2,70.3,1185.0,Moderate,4,11.5,19
S03913,P56595,31,Male,Urological,94,Regional,Medium,97.0,No,Low,1,23.0,H014,18.5,39.6,903.0,Good,1,6.9,4
S03914,P85927,57,Female,General,41,Sedation,Medium,52.0,No,Low,5,26.0,H008,23.0,38.3,607.0,Moderate,1,8.5,8
S03915,P59120,74,Female,ENT,121,Regional,High,230.0,No,High,3,14.0,H003,25.4,42.1,976.0,Poor,4,9.1,6
S03916,P46913,23,Male,Gynecological,129,Regional,Medium,254.0,No,High,13,9.0,H011,24.8,60.2,1078.0,Good,2,15.4,17
S03917,P17745,22,Male,Gynecological,80,Regional,Medium,140.0,No,Low,6,23.0,H001,27.7,59.0,627.0,Good,4,13.9,7
S03918,P94237,79,Male,General,90,Regional,Medium,134.0,No,Medium,11,28.0,H013,22.2,49.5,838.0,Poor,5,8.9,14
S03919,P51720,22,Female,Urological,63,General,Low,102.0,No,Low,10,5.0,H008,21.8,46.0,,Moderate,4,5.1,14
S03920,P60509,62,Female,ENT,78,General,High,164.0,No,Medium,8,10.0,H002,23.6,65.6,423.0,Moderate,3,11.7,8
S03921,P55171,85,Male,Gynecological,101,Sedation,High,234.0,No,High,16,24.0,H014,22.0,32.8,962.0,Poor,6,19.5,18
S03922,P55636,62,Female,Orthopedic,126,Local,Medium,205.0,No,High,11,4.0,H008,24.9,74.0,714.0,Good,4,11.8,15
S03923,P19045,52,Female,Gynecological,69,Regional,Low,129.0,No,Low,7,29.0,H010,21.7,33.7,430.0,Good,4,13.1,10
S03924,P51055,48,Female,Orthopedic,105,Regional,Medium,114.0,No,Low,16,7.0,H006,25.4,48.5,512.0,Good,3,5.6,19
S03925,P47816,63,Male,Orthopedic,154,Local,Low,193.0,No,Low,11,15.0,H009,18.8,54.4,901.0,Good,1,10.2,15
S03926,P79610,59,Male,Gynecological,83,General,Medium,131.0,No,Low,6,16.0,H004,22.0,61.7,586.0,Good,4,8.1,10
S03927,P48508,54,Male,Urological,20,General,Low,32.0,No,Low,7,11.0,H004,20.7,30.8,423.0,Poor,3,11.2,10
S03928,P85212,29,Male,Orthopedic,115,General,Medium,255.0,No,High,11,4.0,H013,21.9,66.4,712.0,Moderate,3,14.7,12
S03929,P68987,65,Male,Orthopedic,192,General,High,233.0,Yes,High,27,1.0,H016,24.8,45.2,1026.0,Good,5,19.2,31
S03930,P21434,71,Male,Ophthalmic,85,General,Low,126.0,No,Low,5,12.0,H004,21.4,61.9,557.0,Good,4,2.0,7
S03931,P89517,69,Male,Orthopedic,102,Local,Medium,150.0,No,Medium,12,8.0,H004,24.5,46.6,475.0,Moderate,5,8.1,16
S03932,P46756,23,Male,Orthopedic,118,General,High,235.0,No,Medium,13,27.0,H012,22.0,25.9,687.0,Moderate,5,10.0,17
S03933,P73491,68,Male,Gynecological,120,Local,Low,242.0,No,Medium,11,20.0,H011,21.5,59.3,435.0,Good,2,12.3,11
S03934,P35448,70,Female,Urological,27,Sedation,Low,47.0,No,High,11,3.0,H008,26.7,58.2,848.0,Moderate,3,16.1,15
S03935,P77630,31,Female,General,64,General,Low,65.0,No,Low,7,22.0,H019,19.3,71.3,872.0,Moderate,4,5.6,10
S03936,P90943,79,Male,General,101,Local,Medium,197.0,No,Medium,4,18.0,H019,20.3,72.8,421.0,Good,2,10.0,7
S03937,P12501,55,Male,Neurological,227,Regional,Low,443.0,No,High,13,4.0,H013,18.8,54.9,944.0,Poor,6,15.1,16
S03938,P76123,52,Male,Cardiac,226,Sedation,Low,356.0,Yes,High,24,12.0,H018,24.2,66.9,705.0,Good,7,13.9,25
S03939,P77396,70,Female,Gynecological,147,Regional,Low,149.0,No,Medium,10,22.0,H009,24.1,53.9,1036.0,Moderate,3,10.1,10
S03940,P36309,54,Female,Urological,57,General,Low,82.0,Yes,Low,11,19.0,H001,22.8,58.5,904.0,Good,3,6.8,14
S03941,P45693,57,Male,Neurological,78,General,Low,127.0,No,Low,21,17.0,H003,22.3,40.9,730.0,Good,1,10.4,23
S03942,P46753,40,Female,Cardiac,262,Sedation,Medium,,No,Medium,22,15.0,H016,21.1,47.6,555.0,Good,2,7.4,24
S03943,P50229,84,Female,Cardiac,256,General,Low,248.0,No,Medium,21,21.0,H003,21.2,63.7,439.0,Moderate,2,11.9,25
S03944,P47728,87,Female,Orthopedic,142,Local,Medium,180.0,No,High,15,26.0,H004,23.8,64.3,774.0,Poor,2,7.3,15
S03945,P91340,27,Male,Cardiac,260,General,Medium,475.0,No,High,16,5.0,H013,24.2,28.9,1283.0,Poor,1,16.8,16
S03946,P93862,70,Male,Orthopedic,125,Regional,High,293.0,No,High,15,12.0,H009,23.6,67.0,,Poor,2,7.7,16
S03947,P94948,19,Female,Urological,72,Regional,Low,117.0,No,Low,4,25.0,H005,21.3,39.9,588.0,Good,1,5.7,5
S03948,P52631,44,Male,Cardiac,233,General,Medium,429.0,No,Medium,22,15.0,H016,22.9,56.4,771.0,Poor,4,9.4,25
S03949,P72642,87,Female,Gynecological,86,General,Medium,140.0,No,Medium,6,6.0,H014,22.9,36.5,1004.0,Good,3,1.4,10
S03950,P11658,30,Female,General,77,General,Medium,137.0,No,High,7,4.0,H006,25.2,71.0,824.0,Poor,3,7.5,10
S03951,P11641,45,Male,Urological,25,Local,Low,38.0,No,Low,7,22.0,H004,22.2,58.1,614.0,Good,4,11.4,10
S03952,P75706,33,Male,ENT,33,Local,Low,54.0,No,Low,6,15.0,H014,19.4,40.1,553.0,Good,3,7.5,8
S03953,P69752,70,Male,Neurological,175,General,Medium,198.0,No,Medium,14,23.0,H005,22.3,49.6,623.0,Poor,1,12.3,17
S03954,P18688,51,Male,Orthopedic,52,Regional,Low,89.0,No,Low,15,4.0,H005,19.8,49.6,549.0,Good,3,7.9,19
S03955,P69691,60,Female,Gynecological,39,General,High,93.0,Yes,High,14,18.0,H017,,65.9,860.0,Good,5,18.8,15
S03956,P66765,85,Female,Orthopedic,109,Local,Medium,187.0,No,Medium,11,17.0,H017,23.5,37.3,750.0,Moderate,2,7.8,13
S03957,P77162,55,Male,Cardiac,236,Local,Medium,322.0,No,High,20,14.0,H019,23.1,42.1,1258.0,Poor,5,17.9,23
S03958,P56214,70,Female,Orthopedic,110,Local,High,227.0,No,High,20,13.0,H009,25.7,53.5,967.0,Poor,1,9.4,24
S03959,P78482,25,Male,Ophthalmic,20,Local,Medium,24.0,No,Medium,1,8.0,H014,26.2,48.6,722.0,Poor,3,11.7,1
S03960,P78643,33,Female,Orthopedic,166,General,Low,223.0,No,Medium,8,23.0,H004,20.8,,524.0,Moderate,5,19.4,12
S03961,P63501,86,Male,General,46,General,Low,74.0,No,Low,4,10.0,H019,21.7,52.1,584.0,Good,2,7.0,7
S03962,P59512,79,Female,General,65,Local,Medium,112.0,No,High,5,13.0,H002,27.0,70.6,660.0,Poor,1,16.7,5
S03963,P81766,65,Female,Gynecological,62,General,Low,113.0,No,Low,15,25.0,H017,18.4,39.5,694.0,Good,1,7.2,15
S03964,P25770,45,Male,Cardiac,278,General,High,371.0,No,High,25,19.0,H012,25.1,60.5,1286.0,Good,4,19.3,25
S03965,P98466,32,Female,Ophthalmic,72,General,Low,75.0,No,Low,1,2.0,H018,21.4,41.9,,Good,3,7.8,5
S03966,P90455,79,Female,Gynecological,85,Local,Low,102.0,No,Medium,9,2.0,H013,24.4,55.2,505.0,Poor,5,14.9,13
S03967,P58043,74,Male,General,73,Regional,Medium,86.0,No,High,11,16.0,H004,22.8,63.0,1304.0,Poor,4,16.7,12
S03968,P91298,35,Female,Neurological,185,Sedation,Medium,364.0,No,Medium,17,21.0,H013,23.4,48.7,366.0,Poor,1,7.7,19
S03969,P74973,60,Female,Urological,42,General,High,129.0,No,High,10,14.0,H015,21.9,52.0,942.0,Good,1,13.1,10
S03970,P47861,62,Female,Gynecological,111,General,Low,133.0,No,Low,8,28.0,H010,23.9,57.0,1107.0,Good,2,12.2,8
S03971,P48861,52,Male,Neurological,163,General,Low,328.0,No,Low,20,25.0,H012,19.8,43.9,685.0,Good,2,7.1,22
S03972,P64847,84,Female,Neurological,195,Local,Medium,367.0,No,High,16,13.0,H008,24.3,52.7,996.0,Poor,2,20.1,16
S03973,P32560,26,Female,Orthopedic,134,General,High,185.0,No,High,19,7.0,H006,24.8,63.9,871.0,Poor,5,15.6,23
S03974,P59717,36,Female,Orthopedic,102,Sedation,Low,121.0,No,Low,17,1.0,H012,17.3,71.9,654.0,Poor,3,7.0,20
S03975,P46997,24,Male,Orthopedic,58,Regional,Medium,58.0,No,Medium,15,1.0,H010,21.9,62.1,671.0,Poor,3,7.2,19
S03976,P58080,67,Male,Orthopedic,112,Local,Low,165.0,No,Low,13,18.0,H001,23.2,72.8,502.0,Good,3,9.6,16
S03977,P46510,64,Female,Orthopedic,76,Local,Medium,114.0,Yes,Medium,14,10.0,H015,20.0,38.1,766.0,Moderate,3,5.7,18
S03978,P18117,89,Male,Urological,82,Regional,Low,123.0,No,Low,7,5.0,H005,20.3,54.7,300.0,Moderate,2,11.6,7
S03979,P74501,57,Male,Urological,72,Local,High,114.0,No,High,8,3.0,H001,24.3,59.3,1041.0,Poor,6,12.6,8
S03980,P54457,28,Male,Urological,62,General,Low,66.0,No,Medium,5,14.0,H005,21.8,48.4,928.0,Moderate,4,8.6,9
S03981,P27656,50,Female,General,51,Local,Medium,80.0,Yes,Medium,11,17.0,H017,23.7,40.8,812.0,Moderate,3,15.3,13
S03982,P30263,24,Male,General,125,Local,Medium,210.0,No,High,8,1.0,H015,23.5,66.6,748.0,Moderate,6,,11
S03983,P56442,66,Female,Orthopedic,106,Regional,Low,94.0,No,Low,12,,H009,19.4,30.5,669.0,Moderate,2,5.1,15
S03984,P81805,66,Female,Gynecological,170,General,Low,189.0,No,Low,5,13.0,H009,26.7,60.7,679.0,Moderate,3,2.1,8
S03985,P32927,79,Female,Cardiac,241,Sedation,Medium,435.0,Yes,High,23,2.0,H009,23.8,48.3,823.0,Poor,3,13.2,24
S03986,P86391,42,Female,General,100,Sedation,Medium,113.0,No,Medium,12,26.0,H001,23.1,35.3,916.0,Poor,4,11.7,16
S03987,P81755,40,Male,ENT,71,Regional,Medium,106.0,No,Medium,6,7.0,H007,25.0,39.6,897.0,Moderate,2,17.9,10
S03988,P11681,23,Female,Ophthalmic,70,Sedation,Medium,77.0,No,Medium,1,4.0,H018,24.1,57.0,881.0,Good,2,6.0,5
S03989,P22397,47,Male,Cardiac,272,Regional,Low,475.0,No,High,24,4.0,H012,23.7,52.0,926.0,Good,3,18.8,25
S03990,P76305,52,Female,Gynecological,133,General,High,169.0,No,High,12,15.0,H008,24.9,66.4,567.0,Poor,3,9.3,16
S03991,P59697,72,Male,Orthopedic,67,Regional,Low,94.0,No,Medium,20,21.0,H019,22.9,28.9,300.0,Moderate,2,1.0,23
S03992,P20336,72,Female,Orthopedic,145,General,Medium,258.0,No,High,14,8.0,H002,24.0,36.3,793.0,Poor,1,19.8,17
S03993,P99169,28,Female,Orthopedic,134,Regional,High,275.0,No,High,18,23.0,H017,24.8,34.8,667.0,Moderate,5,11.9,18
S03994,P10886,38,Male,Orthopedic,121,Regional,High,214.0,No,High,19,8.0,H008,,70.4,868.0,Poor,3,9.6,20
S03995,P46295,54,Female,Gynecological,151,General,Low,194.0,No,Medium,14,,H010,24.2,,422.0,Moderate,4,11.0,14
S03996,P11231,42,Male,Neurological,232,General,Low,331.0,No,High,16,19.0,H019,24.4,55.8,645.0,Poor,4,18.2,20
S03997,P91600,19,Male,Orthopedic,147,Local,Medium,163.0,No,Medium,18,23.0,H018,18.4,60.5,360.0,Good,3,11.1,19
S03998,P51940,78,Male,ENT,53,Local,Low,77.0,No,Medium,3,22.0,H016,23.9,58.2,465.0,Poor,3,7.7,4
S03999,P65917,70,Male,General,54,Sedation,Medium,79.0,No,Low,5,17.0,H011,20.4,64.0,507.0,Good,1,6.2,5
S04000,P83269,55,Female,Neurological,202,General,Medium,277.0,No,Medium,18,26.0,H012,23.3,71.6,544.0,Moderate,3,10.2,20
S04001,P33549,40,Female,General,130,Local,Low,234.0,No,Low,9,25.0,H018,18.7,35.2,804.0,Good,1,8.0,10
S04002,P38026,78,Male,General,29,General,Low,34.0,Yes,Medium,11,9.0,H015,21.8,57.8,702.0,Moderate,1,11.6,11
S04003,P66588,20,Female,General,122,General,Medium,120.0,No,Medium,11,19.0,H006,22.0,61.3,372.0,Good,2,9.0,13
S04004,P93215,50,Female,General,82,Local,Medium,110.0,No,Medium,10,3.0,H010,23.4,62.5,624.0,Moderate,5,6.3,13
S04005,P26833,75,Female,Ophthalmic,20,General,Low,30.0,No,Medium,3,3.0,H016,22.0,63.6,,Good,1,17.3,3
S04006,P47901,86,Male,Cardiac,254,Local,Low,372.0,No,High,18,13.0,H016,19.8,61.2,357.0,Moderate,4,14.8,18
S04007,P33877,36,Female,General,117,General,Low,170.0,No,Low,10,21.0,H006,21.0,58.1,839.0,Poor,3,5.3,13
S04008,P26978,64,Male,Orthopedic,109,General,Medium,126.0,No,Low,7,17.0,H016,21.2,33.0,681.0,Good,1,2.2,11
S04009,P27869,31,Female,Urological,48,Regional,Medium,57.0,No,Low,10,5.0,H011,23.3,33.5,876.0,Moderate,2,8.6,12
S04010,P51316,26,Female,Cardiac,291,General,High,443.0,No,High,21,22.0,H007,24.4,66.4,984.0,Good,5,12.2,22
S04011,P19938,43,Female,Cardiac,219,General,High,341.0,No,High,27,18.0,H010,22.7,71.0,771.0,Poor,6,9.6,30
S04012,P66425,81,Male,ENT,104,General,Medium,190.0,No,Medium,1,22.0,H009,24.0,72.6,704.0,Poor,3,10.0,3
S04013,P26563,67,Male,General,44,General,High,119.0,No,Medium,8,18.0,H002,26.7,50.0,568.0,Moderate,2,6.7,10
S04014,P55513,53,Female,Orthopedic,132,Local,Low,176.0,No,Low,15,26.0,H005,24.3,38.3,762.0,Good,4,8.3,18
S04015,P31017,38,Male,Cardiac,251,General,Medium,458.0,No,High,22,11.0,H003,21.3,52.6,713.0,Poor,5,14.6,24
S04016,P49659,28,Male,Neurological,206,Regional,Medium,336.0,No,High,16,1.0,H014,28.7,75.3,941.0,Poor,6,,18
S04017,P23249,37,Female,ENT,114,Regional,Medium,124.0,No,Low,4,18.0,H008,24.4,39.9,826.0,Good,3,8.3,4
S04018,P26960,28,Female,General,65,Regional,Medium,34.0,No,Low,9,29.0,H003,,47.9,642.0,Good,4,7.2,9
S04019,P39609,31,Male,Cardiac,255,Regional,Low,281.0,No,High,24,3.0,H012,23.6,,844.0,Poor,4,20.0,27
S04020,P72939,67,Male,General,49,Regional,High,132.0,No,Medium,8,29.0,H009,21.7,51.2,683.0,Good,4,10.2,9
S04021,P48157,27,Female,General,48,Local,High,134.0,No,Medium,8,23.0,H013,23.0,46.5,632.0,Good,1,5.4,10
S04022,P41535,21,Male,Orthopedic,102,General,High,152.0,No,High,12,2.0,H019,21.2,70.1,571.0,Moderate,4,13.9,14
S04023,P61789,57,Male,Urological,92,Local,Low,156.0,No,Low,8,16.0,H019,23.1,44.3,399.0,Good,4,9.3,8
S04024,P97351,38,Male,Orthopedic,170,General,High,336.0,No,High,19,10.0,H009,27.8,74.2,806.0,Poor,6,16.4,22
S04025,P82853,50,Male,Ophthalmic,115,Regional,Medium,220.0,No,Medium,3,19.0,H001,22.1,28.8,791.0,Poor,2,12.1,7
S04026,P46056,28,Female,Urological,69,Regional,Medium,123.0,No,Low,5,23.0,H002,25.4,29.0,417.0,Moderate,3,8.6,8
S04027,P55888,33,Male,Orthopedic,129,General,Low,245.0,No,Medium,19,11.0,H003,23.3,48.9,547.0,Poor,4,7.9,20
S04028,P29940,49,Male,Gynecological,128,General,Medium,210.0,Yes,High,8,14.0,H001,19.3,66.5,962.0,Poor,5,10.4,11
S04029,P75621,67,Male,Urological,102,General,Medium,166.0,No,Medium,10,2.0,H013,21.2,52.0,808.0,Moderate,3,12.1,12
S04030,P87367,47,Male,General,84,General,Medium,117.0,No,Medium,7,1.0,H019,24.5,58.7,961.0,Moderate,3,8.3,7
S04031,P87479,57,Male,General,92,Regional,High,210.0,No,High,11,23.0,H015,22.1,65.4,933.0,Poor,1,12.3,15
S04032,P28781,55,Female,Orthopedic,116,General,Low,127.0,No,Low,11,11.0,H014,24.2,45.1,300.0,Good,2,7.5,15
S04033,P77398,37,Female,Orthopedic,113,Local,Medium,164.0,No,Medium,13,26.0,H007,24.3,36.2,1056.0,Good,2,10.6,13
S04034,P25130,38,Male,Gynecological,89,Local,Low,147.0,No,Low,10,17.0,H014,22.6,58.3,721.0,Good,4,11.1,10
S04035,P10874,48,Male,Orthopedic,116,General,Low,223.0,No,Low,13,12.0,H010,20.8,53.2,481.0,Poor,4,,14
S04036,P74665,20,Male,Cardiac,227,General,Low,307.0,No,Medium,15,26.0,H008,23.4,54.6,931.0,Moderate,3,12.5,17
S04037,P48258,67,Male,General,55,General,Low,98.0,No,Medium,12,2.0,H002,26.7,40.9,775.0,Poor,5,6.8,15
S04038,P36833,62,Female,Orthopedic,145,Local,Low,208.0,No,Medium,15,25.0,H010,22.4,66.9,932.0,Moderate,3,8.8,15
S04039,P55430,40,Male,Urological,95,General,Low,170.0,No,Medium,8,3.0,H009,23.8,42.2,790.0,Good,4,9.7,8
S04040,P47560,44,Female,Urological,136,General,Low,171.0,No,Low,8,28.0,H011,26.0,67.2,515.0,Good,1,8.6,9
S04041,P31865,41,Female,Urological,91,Sedation,Medium,156.0,No,Medium,13,17.0,H009,23.4,31.4,680.0,Good,3,7.6,16
S04042,P50594,64,Male,Orthopedic,107,Regional,Low,157.0,No,Low,11,14.0,H015,21.0,44.9,794.0,Good,4,5.1,12
S04043,P13200,72,Female,General,71,General,Low,81.0,No,Low,4,19.0,H018,21.0,68.3,441.0,Good,4,10.9,8
S04044,P80518,25,Male,Urological,81,Local,Low,117.0,Yes,Low,15,24.0,H010,17.8,48.3,610.0,Poor,1,8.2,15
S04045,P94324,47,Male,Neurological,196,Sedation,Low,371.0,No,Low,19,9.0,H007,19.6,20.5,359.0,Poor,2,1.0,22
S04046,P61685,18,Female,Gynecological,92,Regional,Low,109.0,No,Low,6,3.0,H006,22.7,38.5,696.0,Good,4,9.5,9
S04047,P65893,50,Male,General,45,General,High,97.0,Yes,High,18,29.0,H017,26.2,58.9,837.0,Good,3,17.2,19
S04048,P76724,35,Female,Neurological,157,Regional,Medium,254.0,No,High,18,16.0,H011,23.8,79.5,1082.0,Poor,7,15.8,20
S04049,P53716,42,Female,Cardiac,240,General,Low,239.0,No,Medium,18,9.0,H019,24.1,52.0,910.0,Good,4,10.9,21
S04050,P98873,50,Male,Gynecological,122,Regional,Medium,240.0,No,Medium,11,27.0,H013,24.2,62.9,554.0,Moderate,5,17.4,13
S04051,P35992,41,Female,Orthopedic,75,General,Low,147.0,No,Low,15,2.0,H012,20.5,54.7,637.0,Good,1,7.9,18
S04052,P73986,46,Male,Urological,87,Regional,Medium,157.0,No,Low,7,25.0,H002,20.8,45.1,646.0,Good,1,1.0,9
S04053,P35357,73,Female,General,96,Local,High,193.0,No,High,11,1.0,H014,21.5,72.1,894.0,Moderate,5,17.4,15
S04054,P35096,76,Male,Orthopedic,106,Sedation,Low,211.0,No,Medium,15,20.0,H009,25.1,67.1,575.0,Moderate,4,7.8,19
S04055,P48980,18,Male,Gynecological,82,Local,Low,156.0,No,Low,12,2.0,H003,,46.6,906.0,Good,1,6.0,16
S04056,P79024,45,Male,General,67,General,Medium,89.0,No,Medium,7,5.0,H007,24.5,43.8,638.0,Good,2,9.2,8
S04057,P46731,78,Female,Cardiac,244,General,Low,471.0,No,High,20,10.0,H009,24.3,43.9,856.0,Moderate,3,14.7,20
S04058,P86492,56,Male,ENT,103,Regional,Low,126.0,No,Low,5,6.0,H018,20.1,55.0,549.0,Good,1,16.1,5
S04059,P44475,32,Female,Gynecological,135,General,Medium,194.0,No,High,13,2.0,H013,24.1,51.6,1008.0,Poor,4,15.7,15
S04060,P48771,60,Male,General,56,General,Medium,53.0,No,Medium,8,20.0,H008,19.4,60.3,563.0,Moderate,4,11.6,12
S04061,P56823,28,Male,Urological,74,Local,Low,114.0,No,Low,7,23.0,H019,21.3,53.5,443.0,Good,1,10.0,10
S04062,P69357,19,Male,General,24,General,Medium,33.0,No,Low,7,10.0,H012,20.5,54.2,631.0,Good,2,5.9,11
S04063,P49248,63,Male,General,93,General,Low,126.0,No,Low,11,21.0,H019,,48.0,741.0,Moderate,1,5.7,11
S04064,P54135,55,Female,Orthopedic,137,Regional,Low,198.0,No,Medium,16,10.0,H009,25.6,37.3,771.0,Moderate,4,7.5,19
S04065,P15547,72,Male,Orthopedic,167,Sedation,Medium,221.0,No,High,14,7.0,H017,25.6,67.3,945.0,Poor,5,15.7,14
S04066,P21479,42,Female,General,36,Regional,Medium,54.0,No,Medium,10,25.0,H016,21.5,64.3,476.0,Moderate,4,14.4,10
S04067,P22621,79,Female,General,57,General,Medium,107.0,No,Medium,5,16.0,H014,25.9,79.0,539.0,Moderate,2,4.9,7
S04068,P75591,48,Male,Gynecological,104,Regional,Medium,,No,High,10,1.0,H018,20.7,51.1,1004.0,Good,4,13.3,10
S04069,P43143,71,Female,General,41,Sedation,Medium,72.0,No,Medium,12,21.0,H011,19.7,38.1,792.0,Moderate,2,4.3,15
S04070,P49927,25,Female,General,95,General,High,198.0,Yes,High,16,12.0,H002,18.3,50.8,721.0,Poor,7,16.5,18
S04071,P58388,24,Female,Urological,98,Regional,Medium,157.0,No,High,12,3.0,H008,25.6,58.3,675.0,Moderate,5,12.0,14
S04072,P41176,74,Female,ENT,31,Local,Low,46.0,No,High,4,7.0,H001,21.5,75.7,739.0,Poor,7,15.9,4
S04073,P21255,78,Female,Neurological,183,Local,Medium,,No,High,16,10.0,H006,28.5,70.5,956.0,Poor,2,10.5,18
S04074,P52095,85,Female,Ophthalmic,23,General,Low,37.0,No,Medium,6,1.0,H014,21.7,69.6,811.0,Good,4,10.6,9
S04075,P40973,41,Male,Urological,121,Sedation,Medium,200.0,No,Medium,2,22.0,H003,19.7,58.0,627.0,Moderate,3,9.7,6
S04076,P62383,19,Female,Orthopedic,126,General,Low,158.0,No,Low,14,7.0,H012,24.2,35.6,810.0,Moderate,4,9.0,18
S04077,P66618,88,Male,Neurological,160,General,Low,175.0,No,Low,21,5.0,H013,23.8,52.9,390.0,Good,2,5.5,25
S04078,P78117,61,Female,Cardiac,202,General,Medium,308.0,No,High,22,6.0,H011,27.4,34.1,,Poor,2,15.5,22
S04079,P56259,35,Female,Gynecological,111,Regional,Medium,191.0,No,Low,3,21.0,H014,18.6,45.8,568.0,Good,2,11.7,6
S04080,P91781,72,Female,General,130,General,Low,234.0,Yes,High,7,15.0,H009,19.8,63.0,896.0,Moderate,3,,9
S04081,P99878,83,Female,General,66,Local,Low,122.0,Yes,High,11,24.0,H013,26.6,,759.0,Poor,2,13.7,11
S04082,P71582,38,Female,Gynecological,86,Local,Medium,138.0,Yes,Low,16,13.0,H015,16.4,55.3,653.0,Good,4,13.7,18
S04083,P93846,73,Female,Neurological,157,General,High,273.0,No,High,22,20.0,H012,22.3,52.6,,Poor,4,18.7,23
S04084,P99485,74,Male,Neurological,226,Local,Low,338.0,No,High,17,14.0,H014,25.6,42.9,1119.0,Moderate,2,11.0,19
S04085,P85178,54,Male,Urological,22,Sedation,Low,24.0,No,Low,10,18.0,H015,19.3,50.8,614.0,Good,2,10.0,13
S04086,P24173,63,Male,ENT,108,General,Low,139.0,No,Low,6,26.0,H008,22.4,55.7,533.0,Good,4,11.4,10
S04087,P70535,37,Male,Urological,68,Local,Low,100.0,Yes,Low,12,18.0,H018,19.7,58.8,680.0,Poor,4,7.5,14
S04088,P23890,84,Female,Cardiac,237,Sedation,Low,336.0,No,High,22,15.0,H007,28.0,58.4,552.0,Poor,1,13.9,26
S04089,P36490,88,Female,Orthopedic,109,Local,High,216.0,No,High,15,26.0,H002,24.1,53.1,648.0,Poor,6,16.2,17
S04090,P81138,88,Male,Cardiac,247,Regional,Medium,268.0,No,High,22,19.0,H019,25.0,37.5,,Poor,6,15.7,26
S04091,P58673,71,Male,General,68,Local,Low,78.0,Yes,Medium,9,28.0,H017,21.8,43.0,516.0,Moderate,2,10.8,9
S04092,P67015,21,Female,Cardiac,271,Local,Low,469.0,No,Medium,22,19.0,H008,20.1,30.7,566.0,Poor,2,10.0,22
S04093,P45728,44,Male,Ophthalmic,92,General,Low,114.0,No,Low,4,20.0,H005,21.7,42.4,687.0,Moderate,2,2.9,8
S04094,P87589,50,Female,Gynecological,70,General,Medium,90.0,No,Low,9,15.0,H004,19.5,65.3,574.0,Good,4,10.2,13
S04095,P41276,87,Female,General,110,Regional,Low,168.0,Yes,Medium,13,25.0,H011,26.3,69.9,854.0,Good,4,10.8,16
S04096,P71104,57,Male,Cardiac,229,General,Low,279.0,No,High,25,9.0,H019,24.9,66.5,802.0,Poor,3,13.0,28
S04097,P79610,56,Male,Neurological,181,General,Medium,331.0,No,Medium,14,16.0,H006,21.9,69.2,938.0,Poor,3,19.3,16
S04098,P11133,28,Male,General,135,General,Low,151.0,No,Low,9,27.0,H014,25.1,59.7,530.0,Moderate,4,5.3,12
S04099,P86156,75,Male,Gynecological,79,Local,Medium,118.0,No,Medium,13,7.0,H007,21.5,51.3,,Good,5,8.8,13
S04100,P70541,42,Male,Orthopedic,147,Local,High,237.0,Yes,High,21,13.0,H011,26.4,33.9,1009.0,Good,3,18.3,22
S04101,P27696,24,Male,Urological,93,General,Low,143.0,No,Low,10,1.0,H013,24.7,77.2,436.0,Moderate,4,4.0,10
S04102,P29048,89,Male,Orthopedic,114,General,Low,153.0,No,Medium,13,17.0,H015,23.1,,710.0,Good,5,9.8,17
S04103,P16263,31,Male,Cardiac,251,General,High,,No,High,27,11.0,H014,22.4,50.0,868.0,Poor,5,15.7,28
S04104,P50224,19,Male,ENT,77,General,Low,143.0,No,Low,1,17.0,H005,20.8,67.5,581.0,Moderate,2,8.0,1
S04105,P15073,23,Female,Orthopedic,85,Regional,Low,109.0,No,Low,18,7.0,H003,29.2,51.9,443.0,Good,3,5.0,18
S04106,P72235,50,Male,Orthopedic,101,General,Medium,130.0,No,Medium,10,25.0,H011,21.8,85.6,892.0,Moderate,2,13.3,14
S04107,P16575,25,Female,General,58,Sedation,Medium,81.0,No,Low,7,29.0,H008,21.5,40.0,649.0,Poor,1,5.3,7
S04108,P69065,78,Male,Neurological,171,General,High,382.0,Yes,High,23,16.0,H006,24.7,70.3,376.0,Poor,4,13.6,27
S04109,P75894,54,Male,Orthopedic,160,General,Low,235.0,No,Low,18,18.0,H004,20.1,47.1,641.0,Moderate,1,3.7,22
S04110,P44428,41,Male,Orthopedic,137,Local,Low,256.0,No,Medium,13,14.0,H017,24.2,58.4,850.0,Good,1,12.2,15
S04111,P41465,18,Female,Orthopedic,77,General,Low,111.0,No,Medium,12,9.0,H002,19.1,41.6,300.0,Good,4,16.1,16
S04112,P74175,52,Male,General,81,General,Low,150.0,No,Low,10,14.0,H003,20.3,42.4,458.0,Poor,1,8.5,13
S04113,P91199,28,Male,Cardiac,247,General,Medium,400.0,No,Medium,23,15.0,H007,23.0,66.4,866.0,Moderate,4,14.7,27
S04114,P94973,88,Male,Urological,102,Regional,Low,169.0,No,Low,6,23.0,H005,21.5,56.2,632.0,Good,1,7.4,7
S04115,P65972,38,Female,Urological,60,General,Low,64.0,Yes,Medium,10,21.0,H002,24.1,54.5,770.0,Poor,4,11.9,13
S04116,P30769,52,Male,Orthopedic,82,Local,Low,84.0,No,Low,10,10.0,H005,21.9,30.4,360.0,Good,3,8.6,10
S04117,P41637,19,Male,Neurological,178,Regional,Low,324.0,No,Low,21,18.0,H007,19.7,30.7,429.0,Good,3,5.1,25
S04118,P20749,27,Female,Orthopedic,137,Local,Low,248.0,No,Low,15,28.0,H009,24.9,38.9,328.0,Good,2,11.5,16
S04119,P12540,32,Male,Cardiac,247,Regional,Medium,549.0,No,High,21,13.0,H011,26.7,59.8,608.0,Good,3,12.0,23
S04120,P22151,21,Male,Cardiac,213,Local,Low,224.0,No,Medium,22,25.0,H003,21.4,53.7,300.0,Good,5,9.3,26
S04121,P79429,70,Female,Urological,132,Regional,Medium,217.0,No,High,2,14.0,H019,24.1,61.5,1577.0,Moderate,2,17.1,3
S04122,P51184,86,Male,Neurological,177,Regional,Low,211.0,Yes,High,22,5.0,H011,22.5,,912.0,Poor,5,10.7,23
S04123,P61001,88,Male,General,95,Regional,Low,121.0,No,Medium,6,6.0,H008,25.0,75.0,774.0,Poor,3,11.6,10
S04124,P36841,37,Male,Gynecological,80,Regional,High,157.0,No,High,15,10.0,H014,24.6,65.4,1157.0,Moderate,5,20.7,18
S04125,P15419,74,Male,Urological,113,General,High,232.0,No,High,6,17.0,H018,25.2,43.2,949.0,Good,6,18.1,6
S04126,P52072,54,Female,Cardiac,257,Regional,Low,334.0,No,Medium,24,27.0,H001,20.9,59.4,629.0,Poor,2,8.9,24
S04127,P49042,21,Female,Cardiac,249,General,Low,376.0,No,High,26,12.0,H010,20.0,63.1,833.0,Moderate,5,15.5,29
S04128,P17590,24,Female,ENT,35,Regional,High,111.0,No,Medium,2,9.0,H017,,58.3,1128.0,Moderate,3,7.9,6
S04129,P69718,57,Male,Neurological,212,General,Medium,389.0,No,High,18,19.0,H005,28.8,73.7,782.0,Good,4,11.2,19
S04130,P32223,48,Female,Gynecological,122,General,Low,208.0,No,High,11,10.0,H017,25.9,44.0,775.0,Moderate,4,14.8,14
S04131,P55487,18,Female,Gynecological,130,General,Low,212.0,No,Low,12,13.0,H012,24.5,67.5,380.0,Poor,2,14.2,15
S04132,P41244,84,Male,General,91,General,Low,132.0,No,Medium,1,7.0,H001,19.8,37.4,574.0,Good,3,15.2,3
S04133,P18603,70,Female,Cardiac,237,General,Medium,315.0,No,High,22,9.0,H017,24.7,64.1,834.0,Good,7,12.9,23
S04134,P94044,54,Female,Orthopedic,114,General,Medium,189.0,No,Medium,13,2.0,H002,,48.2,378.0,Good,4,10.7,15
S04135,P66431,89,Female,General,158,Regional,Low,187.0,No,High,6,17.0,H014,25.8,57.8,755.0,Moderate,4,15.6,10
S04136,P36733,87,Male,General,73,General,Low,112.0,No,Medium,13,14.0,H011,22.8,51.7,579.0,Moderate,2,8.1,17
S04137,P30501,88,Male,Urological,44,Sedation,Low,51.0,No,Medium,7,5.0,H016,22.1,42.2,850.0,Poor,3,2.5,9
S04138,P14338,36,Female,Gynecological,88,Local,Medium,130.0,No,Medium,11,22.0,H006,21.1,50.8,593.0,Good,4,6.4,11
S04139,P79845,81,Female,Ophthalmic,44,General,High,102.0,No,High,5,6.0,H003,25.5,48.0,1155.0,Poor,2,14.2,6
S04140,P37992,54,Male,ENT,107,General,Medium,147.0,No,Low,5,20.0,H010,21.0,53.4,646.0,Moderate,2,7.8,6
S04141,P29774,70,Male,Gynecological,59,General,Medium,76.0,No,High,11,4.0,H015,,65.1,1177.0,Moderate,6,12.0,14
S04142,P94318,79,Female,Orthopedic,103,General,Low,129.0,No,High,16,1.0,H011,23.8,86.8,429.0,Poor,6,13.9,20
S04143,P99884,29,Male,General,95,Regional,Medium,140.0,No,Medium,4,4.0,H002,23.9,47.8,370.0,Good,3,12.5,5
S04144,P48450,50,Male,General,128,Regional,Low,98.0,Yes,Medium,12,16.0,H013,24.3,,342.0,Moderate,5,13.0,13
S04145,P63914,27,Female,General,111,Regional,Low,106.0,No,Medium,7,6.0,H008,23.3,53.3,957.0,Good,2,12.7,7
S04146,P83670,38,Male,Orthopedic,168,General,Low,292.0,No,Low,9,10.0,H014,,,442.0,Poor,1,4.7,13
S04147,P64536,47,Male,General,100,Local,Medium,154.0,No,Low,4,16.0,H018,26.3,69.2,363.0,Moderate,2,1.3,6
S04148,P34053,79,Male,Neurological,173,General,Low,221.0,No,Medium,20,19.0,H017,25.2,59.6,701.0,Moderate,3,16.9,21
S04149,P78512,80,Female,Neurological,205,Local,Low,367.0,No,High,16,,H019,18.0,36.4,1389.0,Moderate,4,9.5,18
S04150,P22219,46,Male,Urological,38,Sedation,High,,No,Medium,18,12.0,H012,21.3,41.6,567.0,Good,5,11.1,21
S04151,P59234,41,Female,General,38,General,Medium,50.0,No,High,9,4.0,H014,26.7,43.7,663.0,Poor,5,8.7,12
S04152,P54698,56,Female,General,119,Local,Low,150.0,No,Low,8,29.0,H002,,56.4,790.0,Good,3,8.6,12
S04153,P63465,83,Female,General,96,Local,Low,198.0,No,Medium,11,23.0,H004,22.9,49.1,682.0,Good,5,12.9,11
S04154,P73157,88,Female,General,118,Regional,Medium,185.0,Yes,High,14,25.0,H003,24.2,61.9,,Moderate,3,13.2,14
S04155,P15367,34,Female,Cardiac,214,General,Low,333.0,No,Low,21,27.0,H014,25.2,61.3,504.0,Moderate,3,5.8,24
S04156,P86067,31,Male,General,128,Local,Low,209.0,No,Medium,2,21.0,H012,20.8,51.9,742.0,Good,3,8.8,4
S04157,P37347,68,Female,Neurological,200,General,Low,188.0,No,Low,19,29.0,H018,20.2,60.6,300.0,Moderate,1,10.8,21
S04158,P31693,39,Female,Gynecological,99,General,Low,130.0,No,Low,14,15.0,H014,23.0,64.5,652.0,Good,2,9.2,14
S04159,P57949,32,Female,Orthopedic,126,Regional,Medium,206.0,No,High,12,17.0,H017,23.8,64.1,763.0,Poor,5,6.3,14
S04160,P98797,20,Male,ENT,80,General,Medium,119.0,No,Low,1,18.0,H015,23.0,56.5,889.0,Good,4,7.4,2
S04161,P85126,47,Male,Urological,54,General,Low,116.0,No,Low,4,15.0,H012,22.6,43.3,806.0,Good,1,4.9,8
S04162,P54031,46,Female,General,78,Sedation,High,154.0,No,Low,15,13.0,H010,21.8,74.4,750.0,Moderate,3,6.1,19
S04163,P62915,58,Male,Cardiac,249,General,Medium,443.0,No,High,21,10.0,H003,23.7,46.3,1377.0,Moderate,6,9.8,22
S04164,P55205,32,Female,Neurological,167,Regional,Medium,290.0,No,Medium,22,24.0,H012,22.7,41.9,1235.0,Good,1,10.7,25
S04165,P71548,69,Male,Gynecological,55,Regional,Low,84.0,No,Low,10,10.0,H011,21.5,61.3,596.0,Good,2,7.9,11
S04166,P87268,66,Female,Gynecological,108,General,Low,172.0,No,Low,8,27.0,H019,21.9,45.5,605.0,Good,2,5.3,10
S04167,P22687,51,Female,Gynecological,125,Local,Medium,176.0,No,High,16,22.0,H018,23.1,55.8,1040.0,Moderate,5,13.5,18
S04168,P46657,31,Male,Ophthalmic,92,Regional,Medium,83.0,No,Medium,1,29.0,H007,21.6,37.1,838.0,Moderate,4,10.5,3
S04169,P61112,54,Male,General,105,Regional,Low,168.0,No,Low,6,19.0,H004,23.1,44.4,300.0,Good,3,11.9,9
S04170,P78163,66,Female,Gynecological,124,Regional,Low,201.0,No,Low,11,18.0,H005,19.4,79.0,541.0,Moderate,2,8.7,14
S04171,P18615,44,Male,General,119,Sedation,Low,199.0,No,Low,6,10.0,H010,23.4,45.7,415.0,Good,3,9.5,9
S04172,P61088,36,Male,General,92,Sedation,Low,139.0,No,Low,9,20.0,H019,21.5,65.3,678.0,Moderate,1,7.6,13
S04173,P79728,54,Male,General,26,General,Low,46.0,No,Low,8,17.0,H017,21.8,44.0,685.0,Poor,1,7.9,8
S04174,P22186,43,Male,Urological,114,General,Low,141.0,No,Low,9,12.0,H018,21.6,37.2,598.0,Good,2,8.7,13
S04175,P25474,46,Female,Orthopedic,93,Regional,Low,180.0,No,Low,12,2.0,H005,23.0,40.6,455.0,Poor,1,12.5,13
S04176,P12963,43,Male,Cardiac,206,Sedation,High,297.0,Yes,High,24,1.0,H001,27.0,66.8,736.0,Moderate,4,21.4,28
S04177,P86526,39,Male,Cardiac,206,Local,Medium,302.0,No,High,18,7.0,H013,27.7,30.3,1272.0,Moderate,4,6.3,22
S04178,P94077,69,Female,ENT,144,General,Low,245.0,No,Low,2,21.0,H008,24.1,70.5,300.0,Good,4,5.2,2
S04179,P52223,51,Male,General,103,Local,Low,138.0,No,Low,7,27.0,H009,22.2,55.7,1204.0,Moderate,1,10.0,9
S04180,P87983,51,Male,Neurological,148,General,Low,255.0,No,Medium,15,28.0,H014,24.8,45.2,1080.0,Poor,4,9.1,15
S04181,P63515,65,Female,General,69,General,Low,96.0,No,Low,2,16.0,H019,18.0,40.5,563.0,Good,2,6.7,3
S04182,P98518,44,Female,General,89,Regional,Medium,136.0,No,Medium,3,25.0,H004,22.9,45.9,897.0,Moderate,1,14.2,6
S04183,P19763,25,Female,Urological,96,General,Low,138.0,Yes,Medium,14,1.0,H012,23.3,68.1,650.0,Good,2,10.0,16
S04184,P70676,79,Female,ENT,78,Regional,High,153.0,No,High,10,26.0,H001,21.0,40.3,711.0,Moderate,5,12.2,14
S04185,P75200,22,Male,Urological,52,General,Low,113.0,Yes,Low,11,28.0,H010,20.8,49.3,506.0,Moderate,1,5.0,12
S04186,P68114,59,Male,Urological,89,Local,High,161.0,No,High,9,12.0,H001,26.7,72.4,828.0,Good,3,16.7,9
S04187,P54507,37,Female,Orthopedic,101,Sedation,Medium,82.0,No,Low,15,2.0,H016,22.8,25.7,739.0,Poor,4,7.1,19
S04188,P28767,33,Female,Cardiac,271,General,Medium,341.0,No,High,21,21.0,H011,24.7,53.5,719.0,Moderate,1,20.2,22
S04189,P25246,21,Female,General,91,Regional,High,190.0,No,Medium,13,1.0,H005,25.7,31.9,706.0,Moderate,2,9.6,15
S04190,P67806,82,Male,Gynecological,77,Local,Low,106.0,No,Medium,9,19.0,H005,22.9,36.2,701.0,Good,1,12.7,10
S04191,P62153,48,Male,Cardiac,260,General,Low,469.0,No,Medium,18,10.0,H013,19.9,49.2,1108.0,Good,2,21.0,22
S04192,P53956,42,Male,Gynecological,111,Local,Low,199.0,No,Low,13,16.0,H005,23.6,57.8,814.0,Good,1,5.0,13
S04193,P13515,71,Female,Orthopedic,105,Regional,Medium,147.0,No,Medium,13,27.0,H008,25.0,47.4,550.0,Moderate,4,13.2,16
S04194,P43959,20,Female,Cardiac,261,General,High,309.0,No,High,21,5.0,H001,26.3,48.3,1138.0,Poor,2,24.7,22
S04195,P88085,58,Male,Cardiac,258,Local,Low,287.0,No,High,23,1.0,H007,25.8,47.4,959.0,Moderate,4,15.9,25
S04196,P71420,53,Male,Urological,116,General,Medium,172.0,No,Low,12,17.0,H014,26.0,54.8,820.0,Good,4,6.8,12
S04197,P78384,57,Male,Gynecological,121,General,Low,124.0,No,Low,10,21.0,H002,21.5,49.6,,Good,1,7.1,11
S04198,P17649,26,Male,General,83,General,Low,115.0,No,Low,3,9.0,H017,25.2,35.8,310.0,Good,2,10.4,6
S04199,P50724,86,Female,Urological,29,Local,Medium,55.0,No,High,12,5.0,H006,20.6,57.4,840.0,Moderate,4,17.5,14
S04200,P55349,35,Female,Urological,85,Sedation,Low,136.0,No,Low,9,21.0,H014,17.5,59.4,586.0,Moderate,3,7.4,13
S04201,P80069,66,Male,Neurological,190,General,Low,287.0,Yes,High,23,20.0,H003,21.3,59.1,1307.0,Poor,4,16.3,24
S04202,P78229,71,Female,Urological,81,General,Medium,96.0,No,High,6,28.0,H003,22.9,55.6,660.0,Moderate,2,24.0,6
S04203,P18727,42,Female,Cardiac,149,General,Medium,231.0,No,Medium,24,26.0,H017,22.7,55.3,868.0,Moderate,2,8.9,25
S04204,P84697,27,Male,General,110,Regional,Medium,156.0,No,Low,3,22.0,H019,20.1,43.3,355.0,Good,3,10.4,6
S04205,P13617,39,Male,Orthopedic,92,General,Low,144.0,No,Medium,10,1.0,H006,21.7,46.3,1162.0,Moderate,4,7.3,12
S04206,P54100,76,Male,General,110,General,Low,188.0,No,Medium,12,8.0,H019,24.3,56.4,870.0,Moderate,4,7.0,15
S04207,P32291,83,Male,General,141,General,Medium,249.0,No,High,4,19.0,H016,24.7,51.2,828.0,Poor,5,6.5,4
S04208,P41732,85,Female,Orthopedic,112,Regional,High,222.0,Yes,High,24,14.0,H005,22.9,48.1,1077.0,Poor,5,12.7,26
S04209,P48402,34,Female,General,103,Regional,Low,170.0,No,Low,11,2.0,H016,24.4,62.6,953.0,Good,2,,11
S04210,P61512,61,Male,Gynecological,100,Regional,Medium,134.0,No,Medium,10,17.0,H019,21.5,88.0,775.0,Moderate,3,10.6,11
S04211,P12929,28,Male,General,105,General,Medium,193.0,No,Low,4,23.0,H006,21.5,29.4,559.0,Good,2,4.7,7
S04212,P21542,69,Female,Orthopedic,123,Regional,Medium,151.0,No,Medium,15,22.0,H009,21.5,39.4,439.0,Good,1,17.1,18
S04213,P72039,47,Male,Orthopedic,104,Regional,Medium,149.0,No,Low,18,27.0,H006,23.3,63.6,397.0,Good,3,9.6,18
S04214,P18233,69,Female,Neurological,152,Regional,Low,284.0,Yes,High,24,5.0,H001,23.5,53.1,,Good,2,16.0,24
S04215,P31987,67,Female,Urological,127,General,Medium,172.0,No,Medium,5,28.0,H018,23.7,53.8,968.0,Poor,5,10.3,5
S04216,P83721,89,Female,Urological,93,General,Low,,Yes,Medium,13,16.0,H011,,72.1,954.0,Good,2,6.1,13
S04217,P29116,53,Female,Cardiac,264,Regional,Low,363.0,No,High,16,9.0,H004,21.4,51.8,574.0,Poor,5,10.2,19
S04218,P21384,42,Female,Gynecological,111,General,Low,212.0,No,Low,7,25.0,H011,18.8,47.0,843.0,Good,3,8.6,10
S04219,P53087,55,Female,General,119,Regional,Low,97.0,Yes,Medium,11,3.0,H015,21.8,35.8,707.0,Good,4,15.7,12
S04220,P47553,29,Male,ENT,43,General,Medium,65.0,No,Low,5,1.0,H017,20.4,58.2,478.0,Moderate,1,8.9,8
S04221,P21257,26,Male,Orthopedic,122,General,High,209.0,Yes,High,18,22.0,H015,22.0,47.9,1050.0,Poor,3,16.0,18
S04222,P47056,55,Male,General,105,Regional,Low,152.0,No,Low,7,22.0,H007,17.1,41.7,580.0,Good,3,7.2,7
S04223,P86367,77,Male,General,128,General,Low,178.0,No,High,8,3.0,H018,20.3,41.9,483.0,Moderate,3,15.0,12
S04224,P98474,56,Male,Cardiac,320,General,High,622.0,Yes,High,28,26.0,H015,26.1,47.6,895.0,Poor,3,17.3,29
S04225,P15907,74,Male,Orthopedic,132,Local,Low,200.0,No,Medium,7,25.0,H009,21.8,80.7,457.0,Good,3,9.8,8
S04226,P73465,30,Male,Orthopedic,100,General,Low,180.0,No,Low,14,24.0,H015,24.3,54.6,300.0,Good,4,9.6,17
S04227,P71911,50,Male,General,54,Sedation,Medium,101.0,No,Medium,12,12.0,H019,21.2,49.8,688.0,Moderate,2,7.2,12
S04228,P78987,62,Male,Gynecological,72,General,High,158.0,No,High,14,28.0,H001,24.8,61.3,789.0,Poor,5,8.8,14
S04229,P79165,43,Female,Gynecological,76,Local,Medium,105.0,No,Medium,10,4.0,H012,20.5,47.8,481.0,Poor,1,14.4,11
S04230,P70291,19,Female,Orthopedic,32,Local,Low,51.0,No,Low,12,23.0,H013,23.3,65.4,608.0,Good,1,9.8,14
S04231,P88325,23,Female,Urological,59,General,Medium,,No,Medium,9,25.0,H017,22.0,64.7,674.0,Good,1,13.5,12
S04232,P34526,84,Female,Neurological,201,Regional,Medium,231.0,No,High,18,16.0,H010,25.5,49.0,1093.0,Poor,6,12.9,20
S04233,P21497,61,Female,ENT,72,Regional,High,163.0,No,Medium,10,11.0,H007,24.4,64.6,744.0,Poor,4,12.7,14
S04234,P42500,37,Female,Orthopedic,112,Regional,Low,159.0,No,Low,10,14.0,H004,22.9,52.8,740.0,Good,4,12.1,13
S04235,P27615,36,Male,Urological,31,General,High,92.0,No,High,11,2.0,H008,22.3,76.5,1084.0,Good,5,8.3,15
S04236,P26491,20,Female,Ophthalmic,91,Sedation,Medium,117.0,No,Medium,1,1.0,H008,17.5,24.5,328.0,Moderate,4,11.1,4
S04237,P13978,86,Male,Urological,95,Local,Low,124.0,No,Low,9,10.0,H016,21.8,50.0,948.0,Good,1,5.9,12
S04238,P58791,25,Female,Urological,79,Sedation,Low,148.0,No,Low,2,1.0,H017,22.9,48.3,844.0,Good,2,6.0,2
S04239,P84152,72,Female,Neurological,113,Local,Low,157.0,No,Low,16,19.0,H010,22.3,41.7,538.0,Good,2,8.0,16
S04240,P17011,35,Male,Gynecological,85,Local,High,206.0,No,High,14,19.0,H014,,77.1,830.0,Moderate,3,14.9,16
S04241,P69437,42,Female,General,103,Local,Low,158.0,Yes,Medium,14,25.0,H014,21.9,29.9,896.0,Poor,3,8.0,15
S04242,P91347,37,Male,General,89,Regional,Medium,103.0,No,Low,6,8.0,H012,23.3,86.3,458.0,Moderate,3,11.6,10
S04243,P53173,77,Male,ENT,75,Local,Low,116.0,No,Medium,1,24.0,H015,24.8,42.2,447.0,Poor,2,15.7,2
S04244,P27680,20,Male,Cardiac,260,Regional,Medium,297.0,No,High,22,9.0,H002,24.8,66.9,,Poor,3,19.4,25
S04245,P70537,43,Male,General,94,General,Low,158.0,No,Low,11,16.0,H009,26.9,52.6,839.0,Good,4,10.9,11
S04246,P29214,38,Male,Ophthalmic,79,Regional,High,163.0,No,Medium,3,24.0,H013,25.1,64.6,1088.0,Good,4,14.3,4
S04247,P21685,37,Female,Cardiac,214,General,Medium,375.0,No,High,19,11.0,H010,22.3,71.6,1217.0,Moderate,6,18.8,19
S04248,P53611,31,Female,Orthopedic,83,Sedation,Medium,160.0,Yes,Medium,21,4.0,H015,22.6,50.9,678.0,Good,5,7.8,22
S04249,P11301,83,Male,Cardiac,254,Regional,Medium,248.0,No,High,23,24.0,H007,26.4,60.6,856.0,Poor,4,18.3,27
S04250,P38779,45,Female,Gynecological,120,Regional,Medium,163.0,No,Medium,13,9.0,H019,21.1,52.1,638.0,Poor,2,11.8,16
S04251,P80578,48,Male,Urological,95,General,High,158.0,No,Medium,14,7.0,H003,21.5,40.8,,Good,3,6.3,15
S04252,P24988,45,Male,Orthopedic,123,Regional,Low,264.0,No,Medium,9,20.0,H016,19.3,57.3,524.0,Poor,3,9.8,11
S04253,P56454,88,Female,General,80,General,High,159.0,No,High,8,16.0,H014,22.0,55.5,667.0,Poor,4,11.1,11
S04254,P98708,42,Female,General,96,Regional,Low,106.0,No,Medium,8,1.0,H002,21.2,54.3,1157.0,Moderate,4,9.7,8
S04255,P29636,42,Male,Gynecological,111,Regional,Medium,241.0,No,Medium,9,27.0,H005,21.3,45.9,540.0,Good,4,9.4,10
S04256,P35167,41,Male,Gynecological,113,Regional,High,194.0,No,Low,14,16.0,H018,21.9,54.1,644.0,Good,4,10.4,14
S04257,P73167,41,Female,ENT,148,General,High,199.0,No,High,7,8.0,H013,20.4,65.8,922.0,Moderate,4,15.4,8
S04258,P76556,24,Female,Neurological,152,Regional,Low,175.0,No,Low,16,3.0,H016,24.7,35.5,1024.0,Good,1,7.4,20
S04259,P53863,61,Male,Cardiac,336,Regional,Low,518.0,No,High,20,20.0,H017,24.7,62.3,919.0,Moderate,5,12.3,23
S04260,P75346,19,Male,General,52,Local,Medium,78.0,No,Medium,3,23.0,H001,22.1,71.2,614.0,Good,4,12.3,7
S04261,P66793,34,Male,General,101,Local,Low,126.0,No,Medium,4,22.0,H017,25.3,41.5,555.0,Good,3,3.7,4
S04262,P32011,32,Female,General,54,Local,High,123.0,No,Medium,9,19.0,H014,23.2,55.1,478.0,Moderate,3,5.1,13
S04263,P84074,38,Female,Orthopedic,129,General,Low,195.0,No,Low,13,26.0,H005,24.2,55.5,598.0,Moderate,1,7.5,15
S04264,P34991,72,Female,Orthopedic,149,General,Low,282.0,No,Medium,15,18.0,H006,20.9,57.8,596.0,Good,3,9.5,17
S04265,P70940,61,Male,Ophthalmic,60,Sedation,Medium,95.0,No,Medium,2,8.0,H008,21.6,61.1,669.0,Good,3,8.0,5
S04266,P58120,89,Female,Orthopedic,149,Sedation,Low,198.0,Yes,High,24,7.0,H012,26.1,74.3,1105.0,Poor,3,15.9,24
S04267,P58240,43,Female,General,77,General,Low,110.0,No,Low,10,12.0,H006,21.7,51.6,469.0,Good,3,10.8,13
S04268,P87491,84,Male,Gynecological,38,Regional,Low,65.0,No,Low,8,22.0,H006,21.6,38.0,675.0,Moderate,3,10.0,10
S04269,P91575,21,Female,Orthopedic,138,General,High,326.0,No,High,17,1.0,H011,24.6,61.3,,Poor,7,10.7,17
S04270,P76557,54,Male,Cardiac,240,General,Medium,280.0,Yes,High,29,9.0,H014,25.2,77.0,580.0,Moderate,5,10.3,31
S04271,P63757,75,Male,Neurological,165,Sedation,High,352.0,Yes,High,24,13.0,H009,24.9,49.8,941.0,Moderate,1,14.5,24
S04272,P37274,56,Female,General,77,Sedation,Low,108.0,No,Low,4,17.0,H004,25.1,56.2,887.0,Good,4,12.7,7
S04273,P74885,85,Male,Neurological,192,Sedation,Low,194.0,No,Medium,21,5.0,H003,19.5,64.4,770.0,Good,3,4.9,25
S04274,P13887,40,Female,General,65,General,Low,61.0,No,Low,9,3.0,H016,22.2,57.3,475.0,Good,4,6.5,13
S04275,P19200,20,Male,Cardiac,251,Regional,Low,476.0,No,High,24,27.0,H010,25.0,71.1,1143.0,Poor,5,17.4,27
S04276,P64665,73,Male,Orthopedic,155,Local,Low,300.0,No,High,14,3.0,H002,22.1,58.2,699.0,Moderate,4,15.7,15
S04277,P34568,22,Male,Orthopedic,181,Regional,Low,,No,Medium,13,3.0,H008,22.0,55.0,861.0,Moderate,3,12.2,14
S04278,P52815,73,Female,Neurological,222,General,Low,318.0,No,High,13,6.0,H001,23.6,80.6,1207.0,Moderate,5,11.5,16
S04279,P94775,70,Male,Neurological,184,Regional,Medium,177.0,No,High,18,10.0,H004,26.3,78.8,1318.0,Moderate,4,19.8,21
S04280,P40949,78,Female,ENT,77,General,Low,133.0,No,Medium,8,7.0,H003,22.7,71.8,739.0,Good,1,12.8,10
S04281,P47996,52,Male,Orthopedic,107,Regional,Medium,159.0,No,Low,17,24.0,H018,,56.6,689.0,Moderate,1,8.0,18
S04282,P68158,82,Male,General,76,Local,Low,78.0,No,High,10,4.0,H008,26.0,60.1,,Poor,2,21.6,13
S04283,P76317,30,Female,General,116,General,Medium,181.0,No,Low,9,5.0,H004,16.5,51.6,622.0,Good,3,7.6,12
S04284,P95650,49,Male,Gynecological,90,General,Medium,97.0,No,Low,16,4.0,H013,,48.4,430.0,Good,2,8.6,16
S04285,P38634,26,Female,General,100,Regional,Medium,,No,Low,2,19.0,H019,21.1,63.2,865.0,Good,3,12.5,2
S04286,P91313,73,Male,Orthopedic,91,Regional,Medium,106.0,No,Medium,14,26.0,H010,25.0,61.0,681.0,Good,2,11.4,16
S04287,P29799,69,Male,General,131,General,Low,209.0,No,Medium,4,5.0,H004,23.7,59.2,711.0,Good,5,15.6,6
S04288,P69909,76,Female,Neurological,170,General,Low,221.0,No,Medium,22,17.0,H010,24.1,49.1,883.0,Good,3,14.1,23
S04289,P17181,73,Female,Urological,112,Local,Medium,88.0,No,Medium,6,11.0,H012,23.9,20.2,923.0,Good,3,,6
S04290,P96334,40,Female,Orthopedic,98,General,High,226.0,No,High,20,19.0,H017,25.5,82.6,1276.0,Poor,3,16.6,22
S04291,P81012,22,Male,Gynecological,77,Regional,Medium,139.0,No,Medium,8,19.0,H003,23.8,55.7,592.0,Good,5,9.9,9
S04292,P45605,84,Male,General,129,Regional,Low,173.0,No,Medium,8,9.0,H011,21.6,63.5,838.0,Poor,4,4.4,12
S04293,P91037,53,Female,Gynecological,81,General,Medium,128.0,No,Low,9,18.0,H001,24.6,45.9,792.0,Good,4,8.1,10
S04294,P19094,24,Female,Orthopedic,72,Regional,High,167.0,No,High,16,2.0,H010,22.2,82.4,967.0,Poor,6,10.3,18
S04295,P42779,84,Female,Gynecological,68,Regional,Low,111.0,No,Low,11,15.0,H001,24.1,43.6,472.0,Good,3,7.2,12
S04296,P50703,89,Female,Gynecological,125,Regional,Low,252.0,No,Medium,12,29.0,H008,20.6,,860.0,Moderate,2,8.8,14
S04297,P69366,50,Female,General,112,Regional,Medium,182.0,No,Medium,6,27.0,H010,23.7,54.6,560.0,Moderate,2,,6
S04298,P69434,73,Male,Neurological,157,General,Medium,218.0,No,High,20,2.0,H019,21.5,39.1,962.0,Moderate,6,1.0,20
S04299,P14739,20,Female,Orthopedic,101,General,Low,164.0,No,Low,17,2.0,H004,22.5,54.9,461.0,Moderate,2,10.4,19
S04300,P82127,24,Male,Cardiac,260,Regional,Low,356.0,No,Medium,19,24.0,H005,22.6,,,Poor,4,11.8,21
S04301,P22956,37,Male,Gynecological,139,Regional,Medium,164.0,No,High,15,7.0,H012,24.8,74.4,568.0,Poor,1,16.8,17
S04302,P94418,65,Female,General,87,General,Medium,162.0,No,Medium,9,20.0,H003,18.8,79.0,526.0,Moderate,2,12.8,12
S04303,P46807,27,Male,Gynecological,116,General,Medium,192.0,No,Low,8,16.0,H002,22.1,39.3,300.0,Good,3,5.4,9
S04304,P56543,20,Male,Gynecological,126,Local,Low,118.0,No,Low,11,12.0,H010,22.3,29.3,1134.0,Good,3,9.2,12
S04305,P45191,66,Female,Gynecological,164,General,Low,212.0,No,Low,13,9.0,H005,18.4,,313.0,Good,4,6.2,14
S04306,P43575,73,Female,Gynecological,65,Sedation,Medium,112.0,Yes,High,16,22.0,H013,21.3,57.7,1142.0,Moderate,1,7.8,20
S04307,P50516,71,Female,General,69,Regional,Low,71.0,Yes,Medium,12,8.0,H002,22.5,72.0,541.0,Good,1,3.3,13
S04308,P35349,75,Female,General,74,General,Low,94.0,No,Low,1,23.0,H001,22.8,52.1,300.0,Good,3,11.0,5
S04309,P91445,75,Male,Orthopedic,144,Regional,Medium,330.0,No,High,11,7.0,H005,23.6,55.5,962.0,Moderate,1,14.5,12
S04310,P64615,61,Female,Urological,72,General,Low,100.0,No,Low,10,26.0,H017,22.1,,1116.0,Good,3,9.8,14
S04311,P50818,55,Male,ENT,79,Sedation,Medium,144.0,No,Low,2,21.0,H011,22.1,48.6,444.0,Poor,4,4.0,4
S04312,P72348,79,Male,General,93,Sedation,Low,181.0,No,Low,8,16.0,H006,20.9,33.5,969.0,Moderate,4,5.8,9
S04313,P15230,43,Male,Ophthalmic,60,Local,Medium,73.0,No,Medium,5,3.0,H012,22.0,65.4,1211.0,Good,1,12.2,9
S04314,P66915,25,Male,ENT,73,Regional,Medium,115.0,No,Medium,4,7.0,H013,20.6,61.3,506.0,Moderate,4,11.2,6
S04315,P25258,72,Male,General,120,Sedation,Medium,254.0,No,High,1,19.0,H009,24.2,63.4,414.0,Good,3,18.7,1
S04316,P27561,37,Male,Gynecological,70,Regional,High,164.0,Yes,High,15,17.0,H004,23.9,74.3,706.0,Good,5,14.0,18
S04317,P69285,88,Female,General,85,Local,Low,187.0,No,High,9,3.0,H008,25.5,51.2,1229.0,Good,3,8.2,9
S04318,P50157,47,Male,Cardiac,203,General,Medium,265.0,No,Medium,24,3.0,H017,21.9,55.0,,Poor,4,11.8,26
S04319,P25937,79,Male,Orthopedic,126,Sedation,Low,256.0,No,High,7,18.0,H014,29.0,46.5,1079.0,Moderate,5,12.2,11
S04320,P16684,21,Female,General,84,Regional,High,176.0,No,Medium,10,11.0,H007,26.6,42.6,663.0,Moderate,1,8.5,11
S04321,P64871,65,Female,Urological,112,General,Low,156.0,No,Low,3,14.0,H018,22.1,44.3,468.0,Good,1,5.7,4
S04322,P56834,50,Female,Neurological,179,Sedation,Medium,302.0,No,Low,18,18.0,H004,21.2,58.3,501.0,Poor,4,12.6,19
S04323,P31383,51,Male,Urological,66,Regional,Low,96.0,No,Low,7,25.0,H004,26.5,41.9,564.0,Good,4,6.0,10
S04324,P29277,37,Male,Gynecological,92,Sedation,Low,135.0,No,Low,17,8.0,H001,23.5,48.8,618.0,Good,3,8.5,20
S04325,P76834,87,Female,Gynecological,151,General,Low,248.0,No,Medium,8,21.0,H002,22.9,52.2,1061.0,Good,4,5.8,8
S04326,P90024,46,Female,Cardiac,192,Regional,Low,183.0,No,Medium,24,26.0,H006,22.2,51.7,571.0,Good,2,10.7,24
S04327,P94320,79,Male,General,71,Local,Low,89.0,No,Low,10,27.0,H002,21.1,40.8,581.0,Good,2,10.2,13
S04328,P82738,48,Female,Orthopedic,121,General,Low,207.0,No,Medium,13,29.0,H008,20.0,56.3,783.0,Good,1,8.2,14
S04329,P31341,21,Female,Cardiac,220,Local,Medium,395.0,No,High,21,1.0,H002,26.9,47.8,655.0,Poor,5,20.8,24
S04330,P75830,81,Female,Orthopedic,134,Regional,Low,215.0,No,High,14,3.0,H001,25.0,66.2,1152.0,Poor,2,12.4,17
S04331,P44743,31,Male,Orthopedic,118,General,Low,186.0,No,Low,11,26.0,H012,21.4,49.7,433.0,Poor,4,6.7,11
S04332,P20116,37,Female,Cardiac,247,Regional,High,450.0,No,High,21,6.0,H011,22.0,68.5,972.0,Good,4,17.7,21
S04333,P25259,79,Male,General,93,General,Medium,166.0,No,High,5,9.0,H016,23.8,63.7,664.0,Moderate,3,18.1,8
S04334,P50211,82,Female,General,86,Local,Low,92.0,No,Medium,3,14.0,H009,22.9,71.7,697.0,Moderate,2,5.4,3
S04335,P35227,84,Male,Cardiac,201,Local,Low,270.0,No,High,19,20.0,H017,22.9,43.9,1187.0,Moderate,4,17.9,23
S04336,P26218,48,Male,Urological,85,Regional,Low,125.0,No,Medium,7,2.0,H010,17.7,49.0,816.0,Moderate,4,9.2,9
S04337,P79373,72,Male,General,37,Regional,Medium,57.0,No,High,7,19.0,H006,,54.2,684.0,Poor,2,2.9,8
S04338,P13939,41,Female,Ophthalmic,39,General,High,83.0,Yes,High,12,3.0,H003,23.2,63.9,750.0,Good,1,16.0,14
S04339,P95985,71,Female,General,104,General,Medium,116.0,No,High,6,11.0,H010,27.6,61.0,1263.0,Poor,4,11.8,10
S04340,P46221,54,Female,Orthopedic,155,Local,High,281.0,No,High,14,27.0,H008,22.7,51.8,888.0,Moderate,3,14.5,15
S04341,P39470,21,Female,Ophthalmic,130,General,Medium,,No,Medium,4,4.0,H010,19.2,56.4,586.0,Moderate,3,12.1,6
S04342,P38235,48,Female,Urological,67,General,High,142.0,No,Medium,13,2.0,H019,,66.5,834.0,Moderate,4,6.8,13
S04343,P70669,51,Female,General,64,General,Medium,83.0,No,Low,5,14.0,H002,25.4,55.1,435.0,Moderate,2,6.7,9
S04344,P92638,36,Male,General,105,Regional,Medium,174.0,No,Low,4,8.0,H007,21.3,45.9,424.0,Moderate,1,11.2,7
S04345,P34258,44,Female,General,146,Local,Medium,204.0,No,High,5,8.0,H003,21.4,71.3,705.0,Moderate,4,21.0,6
S04346,P93345,54,Male,General,135,General,Medium,238.0,No,Medium,6,13.0,H016,19.0,51.8,581.0,Poor,4,14.2,10
S04347,P91786,21,Male,Gynecological,68,General,Low,97.0,Yes,Medium,18,5.0,H011,22.2,63.3,300.0,Moderate,5,11.9,20
S04348,P94133,28,Male,General,85,General,Low,99.0,No,Low,9,1.0,H003,22.3,54.2,497.0,Moderate,3,6.7,13
S04349,P65592,73,Male,Orthopedic,145,General,Low,279.0,No,High,13,27.0,H016,25.9,52.8,943.0,Moderate,7,13.8,17
S04350,P11289,43,Female,Orthopedic,147,General,Low,275.0,Yes,Medium,24,24.0,H003,28.3,41.0,513.0,Good,5,13.8,26
S04351,P37935,61,Female,Orthopedic,137,Local,High,216.0,No,High,16,12.0,H015,20.4,71.6,953.0,Moderate,5,11.9,17
S04352,P56699,58,Male,Cardiac,226,Regional,Medium,365.0,No,Medium,25,25.0,H019,23.1,40.4,456.0,Moderate,2,8.1,25
S04353,P81667,57,Female,Neurological,197,General,Low,276.0,No,Medium,21,29.0,H010,23.3,37.8,738.0,Moderate,3,10.4,24
S04354,P11641,47,Male,Ophthalmic,87,Regional,Low,146.0,Yes,Medium,11,12.0,H013,21.8,51.9,787.0,Moderate,2,8.4,14
S04355,P62380,52,Male,Cardiac,212,Local,Low,262.0,No,Medium,21,5.0,H001,18.3,53.0,919.0,Moderate,1,9.0,22
S04356,P64401,77,Male,Cardiac,279,General,Medium,491.0,Yes,High,26,6.0,H013,25.4,46.2,924.0,Poor,2,10.8,30
S04357,P13722,87,Male,Cardiac,269,General,High,549.0,Yes,High,29,28.0,H003,22.2,55.9,870.0,Poor,6,16.7,32
S04358,P55757,36,Male,General,67,Local,Low,81.0,No,Low,9,26.0,H009,19.9,,727.0,Poor,4,8.8,10
S04359,P47563,66,Male,General,117,General,Low,177.0,No,Medium,4,21.0,H010,20.9,40.5,609.0,Poor,2,10.2,7
S04360,P48733,87,Male,General,114,Local,High,262.0,No,High,9,20.0,H015,27.8,61.0,1030.0,Poor,7,16.5,10
S04361,P77108,18,Male,ENT,95,Local,Medium,113.0,No,Medium,10,9.0,H015,25.2,63.2,805.0,Moderate,1,5.4,14
S04362,P14735,74,Female,ENT,117,Local,High,202.0,No,High,9,16.0,H018,22.8,55.1,679.0,Good,2,10.2,9
S04363,P77580,53,Male,Urological,79,General,Low,134.0,No,Low,10,11.0,H015,18.5,57.0,377.0,Good,2,8.6,12
S04364,P19438,87,Male,Urological,89,General,Low,129.0,No,Medium,4,12.0,H002,24.7,45.8,647.0,Moderate,2,12.6,4
S04365,P73884,59,Female,Neurological,100,Local,Medium,,No,Medium,16,22.0,H013,26.8,61.3,456.0,Good,2,10.7,17
S04366,P38172,78,Male,General,123,Regional,Low,172.0,No,Medium,8,16.0,H004,27.1,65.4,995.0,Moderate,3,5.7,12
S04367,P56856,29,Male,Neurological,210,General,Medium,425.0,No,High,17,13.0,H018,21.7,54.7,585.0,Moderate,5,11.7,17
S04368,P31780,28,Male,Urological,120,Regional,Medium,254.0,Yes,High,9,8.0,H017,28.5,63.2,1169.0,Moderate,6,7.3,12
S04369,P98514,84,Female,Orthopedic,91,General,Low,119.0,No,Medium,16,20.0,H006,23.4,59.7,494.0,Good,2,10.3,18
S04370,P26094,55,Female,Cardiac,268,Regional,Low,328.0,No,High,24,14.0,H002,19.8,56.6,1116.0,Moderate,4,16.9,24
S04371,P46963,58,Female,Orthopedic,150,Sedation,Medium,204.0,Yes,High,18,2.0,H018,21.7,40.3,1144.0,Moderate,4,16.2,22
S04372,P86614,30,Female,General,70,Regional,High,192.0,No,Low,12,20.0,H007,20.4,58.8,300.0,Good,3,8.8,12
S04373,P44145,34,Male,Gynecological,131,Regional,Low,229.0,No,Medium,16,10.0,H017,23.4,41.7,689.0,Good,5,1.3,18
S04374,P12563,76,Male,Orthopedic,133,Sedation,Medium,257.0,No,High,18,12.0,H002,20.5,34.3,1205.0,Poor,5,13.2,18
S04375,P28069,39,Male,General,39,Regional,Low,70.0,No,Low,6,29.0,H005,23.9,49.1,620.0,Good,2,6.5,7
S04376,P29608,60,Male,Neurological,197,General,High,267.0,No,High,17,20.0,H008,26.4,73.2,1085.0,Poor,4,11.0,17
S04377,P17206,40,Male,Urological,56,Regional,Medium,68.0,No,Medium,8,2.0,H003,24.8,41.9,754.0,Good,2,10.0,11
S04378,P92532,36,Male,Orthopedic,69,General,Low,89.0,No,Low,21,22.0,H009,20.7,45.8,778.0,Moderate,2,11.0,21
S04379,P84492,29,Female,Orthopedic,130,General,Medium,174.0,No,Medium,18,9.0,H018,23.6,55.4,884.0,Good,3,4.4,18
S04380,P88452,84,Male,General,88,Regional,Medium,114.0,No,Medium,6,22.0,H004,,52.8,694.0,Good,4,6.6,7
S04381,P59542,85,Male,General,132,General,Medium,175.0,No,High,11,11.0,H008,25.3,56.5,919.0,Poor,3,20.3,14
S04382,P41971,26,Female,Urological,85,General,Low,143.0,No,Low,11,17.0,H002,21.5,60.7,537.0,Good,2,8.7,14
S04383,P87022,43,Male,General,113,Regional,Medium,174.0,No,Medium,1,21.0,H013,22.2,57.8,496.0,Moderate,3,10.0,2
S04384,P82396,58,Female,ENT,85,General,Medium,158.0,No,Medium,8,6.0,H008,22.2,52.2,782.0,Good,1,7.9,9
S04385,P75391,45,Female,Cardiac,270,Regional,Low,425.0,No,High,21,4.0,H010,19.0,44.8,949.0,Moderate,2,3.8,23
S04386,P23700,69,Female,Neurological,153,General,Low,198.0,No,Low,15,21.0,H010,24.4,57.0,852.0,Good,2,8.0,16
S04387,P85844,36,Male,ENT,75,Regional,High,166.0,No,Medium,8,3.0,H013,22.3,49.8,1142.0,Good,2,7.4,11
S04388,P67637,22,Male,Orthopedic,115,Local,Medium,120.0,No,Medium,15,24.0,H015,24.8,60.3,573.0,Good,5,6.3,15
S04389,P72964,42,Female,Urological,99,General,Low,79.0,No,Low,5,13.0,H019,24.2,31.8,518.0,Good,1,11.8,6
S04390,P89485,61,Female,Orthopedic,127,Local,High,265.0,No,High,16,3.0,H014,22.5,65.8,667.0,Poor,5,19.4,16
S04391,P34039,31,Female,General,71,General,Low,128.0,Yes,Low,11,23.0,H017,21.5,39.9,890.0,Moderate,3,5.3,14
S04392,P52476,76,Male,Orthopedic,109,General,Medium,165.0,No,Medium,16,26.0,H002,19.0,60.2,374.0,Moderate,5,12.2,17
S04393,P40541,18,Male,General,139,General,Low,192.0,No,Low,6,,H003,24.5,61.2,669.0,Moderate,1,11.9,6
S04394,P25019,22,Male,Urological,29,General,Low,31.0,No,Low,2,28.0,H009,22.6,54.7,303.0,Good,2,7.2,4
S04395,P55848,54,Male,Orthopedic,141,General,High,310.0,No,High,15,13.0,H003,23.7,60.9,1199.0,Moderate,4,16.1,18
S04396,P62091,54,Male,Orthopedic,157,Local,Medium,258.0,No,Medium,11,20.0,H017,21.7,53.4,885.0,Good,2,13.5,14
S04397,P34172,39,Female,Neurological,197,Local,Low,312.0,No,Medium,14,8.0,H017,19.6,40.8,568.0,Moderate,3,8.6,14
S04398,P77334,36,Male,Cardiac,299,Sedation,High,498.0,No,High,27,4.0,H012,27.5,78.2,1221.0,Moderate,4,11.6,27
S04399,P37188,23,Female,Neurological,208,Sedation,High,332.0,No,High,23,29.0,H010,29.2,76.8,844.0,Poor,5,21.0,26
S04400,P87905,65,Female,ENT,81,General,Medium,94.0,No,Low,2,19.0,H017,24.6,45.4,624.0,Poor,1,12.6,3
S04401,P76312,45,Male,Orthopedic,105,General,Low,165.0,No,Low,10,8.0,H011,21.7,15.0,300.0,Good,2,8.4,12
S04402,P44121,26,Female,General,102,General,Low,136.0,No,Low,6,11.0,H019,,62.1,725.0,Good,1,7.1,8
S04403,P76161,46,Female,General,110,Regional,Medium,151.0,No,Low,3,22.0,H016,24.1,28.2,529.0,Good,1,9.4,5
S04404,P35566,85,Male,Cardiac,240,Local,High,533.0,Yes,High,28,9.0,H007,23.8,61.4,839.0,Poor,2,25.0,31
S04405,P63729,36,Male,Cardiac,217,General,Low,322.0,No,Medium,21,20.0,H013,26.3,45.3,569.0,Poor,4,12.8,22
S04406,P71701,82,Female,Gynecological,63,General,Low,48.0,No,Medium,10,2.0,H003,24.4,53.0,483.0,Good,2,11.3,13
S04407,P28118,36,Female,General,95,General,Low,127.0,No,Low,8,29.0,H001,27.6,37.9,491.0,Poor,4,5.6,8
S04408,P32487,31,Female,Urological,35,Local,Low,41.0,No,Low,5,22.0,H002,22.4,50.1,858.0,Good,1,9.5,9
S04409,P21250,36,Female,General,75,Regional,Medium,109.0,No,Medium,7,10.0,H019,17.5,37.6,,Good,4,17.5,7
S04410,P31849,41,Male,General,20,Local,Low,21.0,No,Medium,10,17.0,H003,22.3,50.8,461.0,Moderate,5,16.4,14
S04411,P72885,26,Female,Ophthalmic,84,Regional,Medium,136.0,No,Medium,1,6.0,H004,22.0,52.9,300.0,Moderate,3,13.2,3
S04412,P26412,60,Female,Urological,114,General,Medium,160.0,No,Medium,8,14.0,H013,23.0,56.9,1079.0,Moderate,2,8.9,10
S04413,P89723,42,Female,Ophthalmic,62,General,Low,,No,Low,1,11.0,H004,25.6,44.3,300.0,Moderate,1,6.6,4
S04414,P43073,69,Female,Cardiac,294,Local,High,504.0,No,High,28,12.0,H003,23.8,58.5,1191.0,Moderate,4,19.3,28
S04415,P37058,53,Female,ENT,110,Local,Low,162.0,No,Low,7,24.0,H014,20.3,45.2,699.0,Good,1,6.0,9
S04416,P49532,49,Female,Urological,94,General,Low,137.0,No,Low,10,12.0,H019,20.7,55.4,560.0,Moderate,1,12.6,12
S04417,P67120,51,Male,Urological,76,General,Low,108.0,No,Low,5,1.0,H003,26.3,,485.0,Good,2,11.1,5
S04418,P75236,29,Female,Gynecological,89,General,Medium,132.0,Yes,Medium,15,14.0,H013,21.9,63.5,858.0,Moderate,2,14.2,15
S04419,P70761,69,Male,ENT,86,General,Low,137.0,No,Medium,6,2.0,H011,23.1,40.8,865.0,Good,3,8.9,7
S04420,P19696,25,Female,General,85,General,High,183.0,No,High,2,14.0,H019,27.7,54.2,1104.0,Moderate,4,10.9,5
S04421,P88576,69,Female,Gynecological,116,General,Low,213.0,No,Medium,10,20.0,H019,24.4,54.1,904.0,Good,4,13.0,12
S04422,P48335,89,Female,Gynecological,118,Regional,Low,157.0,Yes,High,16,3.0,H011,20.3,80.6,609.0,Good,2,20.3,17
S04423,P87443,73,Male,Gynecological,93,Local,Medium,146.0,No,Medium,5,2.0,H017,21.6,81.9,580.0,Good,1,6.4,9
S04424,P69204,50,Male,Gynecological,132,Local,High,344.0,No,High,14,12.0,H004,21.9,41.7,671.0,Moderate,1,8.9,16
S04425,P16473,40,Male,Orthopedic,113,Local,Medium,168.0,No,Low,14,14.0,H012,18.5,42.6,612.0,Good,1,13.3,14
S04426,P59045,80,Male,Neurological,180,Sedation,Low,269.0,No,High,22,2.0,H004,23.8,23.6,1059.0,Poor,1,27.5,24
S04427,P84865,36,Male,Neurological,150,Sedation,Low,168.0,Yes,Medium,21,,H001,17.2,81.8,872.0,Moderate,1,12.1,25
S04428,P80915,52,Female,Gynecological,91,General,Low,117.0,No,Low,10,23.0,H015,,53.8,595.0,Good,3,4.3,14
S04429,P75298,73,Male,Gynecological,164,General,Medium,240.0,No,High,11,17.0,H011,24.6,74.4,1210.0,Poor,5,13.0,14
S04430,P90307,84,Female,Urological,52,General,Medium,86.0,No,Medium,1,16.0,H001,20.0,48.6,601.0,Good,4,6.1,1
S04431,P60702,84,Male,Urological,93,Local,Low,157.0,No,Low,6,4.0,H016,18.4,50.0,1012.0,Good,4,5.7,10
S04432,P29146,24,Female,General,76,General,Medium,121.0,No,Low,7,24.0,H017,24.8,63.6,473.0,Good,3,8.7,8
S04433,P10252,82,Female,Orthopedic,53,General,Medium,92.0,No,Medium,6,18.0,H008,21.6,36.3,540.0,Good,4,9.0,10
S04434,P91777,26,Female,General,106,Regional,Low,127.0,No,Low,9,13.0,H001,24.2,36.5,654.0,Good,3,3.0,9
S04435,P68317,60,Female,Ophthalmic,43,Regional,Low,70.0,No,Low,3,18.0,H006,21.7,47.1,832.0,Poor,1,5.2,6
S04436,P89682,84,Female,General,99,Regional,Medium,148.0,No,High,7,5.0,H012,27.8,57.1,837.0,Good,1,,10
S04437,P81419,65,Female,Ophthalmic,89,Local,Low,136.0,No,Low,5,20.0,H002,23.2,56.7,542.0,Good,3,10.2,8
S04438,P42745,86,Female,ENT,77,Regional,Low,107.0,No,Medium,3,9.0,H008,23.1,,646.0,Good,3,5.3,5
S04439,P25111,42,Male,Neurological,189,Local,Low,229.0,No,Medium,18,2.0,H005,20.7,46.5,,Moderate,5,12.8,22
S04440,P83198,40,Male,Gynecological,73,General,Medium,82.0,No,Low,12,7.0,H012,24.6,45.4,491.0,Good,3,8.1,13
S04441,P86995,41,Female,General,111,Local,Medium,177.0,No,Low,7,11.0,H004,21.6,52.1,464.0,Good,2,7.2,8
S04442,P56370,43,Male,General,84,Regional,Medium,138.0,No,Low,1,13.0,H015,20.4,57.9,867.0,Poor,2,7.1,1
S04443,P32327,67,Female,Cardiac,180,General,Low,263.0,No,Medium,21,7.0,H006,22.1,64.7,649.0,Good,2,15.7,21
S04444,P82974,50,Female,Cardiac,264,Sedation,Medium,394.0,No,Medium,21,23.0,H003,22.3,47.9,552.0,Good,5,10.1,25
S04445,P85560,71,Male,Orthopedic,153,Sedation,Low,196.0,No,High,16,8.0,H006,23.8,53.6,1217.0,Moderate,4,18.8,20
S04446,P77320,47,Female,General,134,Local,Medium,221.0,Yes,High,10,4.0,H018,23.8,47.1,1323.0,Poor,6,7.0,13
S04447,P57397,40,Female,Orthopedic,185,Sedation,High,330.0,No,High,14,7.0,H016,28.3,78.1,1287.0,Good,3,9.7,15
S04448,P96615,31,Female,General,113,General,Medium,157.0,No,Low,4,12.0,H012,22.9,44.8,511.0,Good,1,11.1,4
S04449,P95110,57,Female,General,105,General,Low,184.0,No,Low,11,2.0,H004,22.0,40.8,808.0,Good,4,11.8,11
S04450,P29899,82,Female,General,122,General,Medium,206.0,Yes,High,12,3.0,H008,24.9,55.8,1328.0,Good,4,11.9,14
S04451,P38149,79,Female,Urological,53,Local,Low,55.0,No,Low,12,5.0,H009,18.9,69.4,522.0,Poor,3,10.7,12
S04452,P76245,36,Female,General,39,Local,Low,59.0,No,Low,11,12.0,H019,22.2,38.9,558.0,Good,1,6.5,14
S04453,P23876,52,Male,Orthopedic,105,Sedation,High,177.0,Yes,High,19,28.0,H007,25.1,61.0,674.0,Moderate,4,16.1,19
S04454,P11250,68,Female,ENT,108,Local,Low,166.0,No,Low,2,17.0,H016,21.4,44.5,644.0,Good,1,7.9,2
S04455,P56380,62,Female,Urological,60,Regional,Low,33.0,No,Medium,7,3.0,H006,23.8,59.2,1169.0,Moderate,4,8.1,10
S04456,P92956,22,Male,Gynecological,113,General,Medium,176.0,No,Medium,11,3.0,H004,24.3,62.2,644.0,Moderate,5,15.4,14
S04457,P89045,60,Male,Gynecological,117,General,Medium,200.0,No,Medium,5,3.0,H015,21.7,67.3,550.0,Good,2,8.4,7
S04458,P27901,20,Female,Orthopedic,127,Regional,Medium,186.0,No,High,15,2.0,H002,26.9,60.8,847.0,Moderate,4,13.7,18
S04459,P30384,26,Male,Gynecological,61,Local,Low,70.0,No,Low,11,15.0,H015,,59.0,837.0,Good,2,1.0,15
S04460,P43608,65,Female,Cardiac,250,General,Medium,521.0,No,High,17,22.0,H018,27.9,66.6,300.0,Moderate,3,10.0,19
S04461,P93362,25,Male,General,77,Sedation,Low,142.0,No,Low,3,13.0,H003,24.6,54.8,678.0,Moderate,2,11.7,4
S04462,P85876,42,Male,Orthopedic,171,Regional,High,279.0,No,High,18,12.0,H012,25.7,67.5,820.0,Good,3,9.0,20
S04463,P91596,60,Female,Gynecological,134,General,Low,190.0,No,Medium,16,18.0,H004,21.1,44.7,565.0,Poor,4,2.6,16
S04464,P52988,65,Male,Cardiac,228,Local,Low,206.0,No,Medium,20,11.0,H009,21.9,63.1,300.0,Good,3,9.8,24
S04465,P17037,50,Male,Cardiac,292,Regional,Medium,479.0,No,High,21,24.0,H009,28.4,65.3,972.0,Poor,6,15.9,22
S04466,P69739,24,Female,Orthopedic,130,Local,Low,141.0,No,Low,12,20.0,H002,20.9,64.2,541.0,Poor,1,5.7,16
S04467,P91123,75,Female,Gynecological,49,General,Medium,83.0,No,Medium,10,29.0,H004,23.2,52.3,799.0,Good,5,5.0,11
S04468,P42529,86,Male,Cardiac,237,General,Low,428.0,No,High,19,3.0,H011,25.3,58.1,573.0,Poor,3,16.5,20
S04469,P31606,81,Female,General,139,General,Low,205.0,No,Medium,6,13.0,H016,22.3,59.7,300.0,Moderate,3,10.2,10
S04470,P59986,71,Female,Neurological,155,Regional,Low,183.0,No,Low,25,25.0,H006,20.4,43.2,356.0,Moderate,3,1.0,27
S04471,P31612,46,Female,Urological,77,Local,Low,144.0,No,Low,8,20.0,H016,25.2,45.2,555.0,Poor,1,4.4,9
S04472,P86090,81,Male,Cardiac,199,Sedation,Low,298.0,Yes,High,21,23.0,H004,25.2,52.9,450.0,Good,1,8.2,21
S04473,P46146,53,Male,ENT,33,Local,Low,50.0,No,Low,6,14.0,H001,21.4,42.5,629.0,Poor,1,13.4,9
S04474,P90326,27,Female,Neurological,154,General,Low,187.0,No,Low,21,12.0,H008,20.4,17.2,,Moderate,1,10.2,22
S04475,P64289,79,Female,Orthopedic,83,Sedation,Medium,129.0,No,Medium,16,22.0,H001,23.9,45.7,300.0,Moderate,2,6.3,17
S04476,P51066,41,Male,Cardiac,221,General,Medium,318.0,Yes,High,25,14.0,H001,22.1,53.2,817.0,Moderate,4,13.7,26
S04477,P50902,85,Female,Orthopedic,172,General,Low,189.0,No,Low,11,12.0,H006,24.0,59.1,565.0,Good,1,12.3,12
S04478,P74812,44,Male,General,88,Local,Low,167.0,No,Low,4,12.0,H012,20.2,38.9,561.0,Good,1,4.5,8
S04479,P32039,80,Female,Cardiac,263,Sedation,Low,533.0,No,High,20,4.0,H019,24.4,52.5,1141.0,Good,5,,20
S04480,P52049,56,Female,Ophthalmic,92,Sedation,Low,166.0,No,Medium,1,23.0,H012,21.6,50.8,581.0,Moderate,3,4.4,5
S04481,P87768,51,Female,General,56,Local,Low,98.0,No,Low,5,25.0,H013,25.5,59.2,541.0,Moderate,1,6.8,9
S04482,P94567,39,Female,Cardiac,215,General,Low,436.0,No,High,24,1.0,H014,25.0,61.8,692.0,Good,5,6.8,25
S04483,P13887,78,Male,General,112,General,High,182.0,No,Medium,12,12.0,H010,20.4,56.9,832.0,Poor,2,12.3,15
S04484,P75479,22,Female,Orthopedic,100,General,Medium,118.0,No,Low,17,20.0,H001,23.9,60.6,929.0,Good,1,7.1,18
S04485,P85719,51,Male,Orthopedic,140,Regional,Low,192.0,No,Low,11,5.0,H007,24.5,56.0,600.0,Moderate,1,6.8,15
S04486,P48814,44,Female,Cardiac,290,Regional,Low,460.0,No,High,18,9.0,H004,22.7,59.6,1267.0,Good,1,22.5,21
S04487,P30964,57,Female,Orthopedic,76,General,Low,107.0,No,Low,14,28.0,H011,20.4,70.5,619.0,Good,4,10.5,17
S04488,P54829,36,Male,Orthopedic,109,Regional,Low,130.0,No,Low,15,23.0,H015,17.6,27.2,347.0,Good,1,5.4,17
S04489,P91100,65,Male,Ophthalmic,54,Regional,Medium,81.0,No,Medium,3,26.0,H009,24.8,65.2,,Moderate,2,6.2,3
S04490,P26481,45,Male,Gynecological,84,Local,Low,123.0,No,Low,11,29.0,H011,18.5,55.3,596.0,Poor,2,10.5,15
S04491,P38501,31,Male,Ophthalmic,41,General,Low,71.0,No,Low,7,20.0,H013,21.9,64.9,886.0,Good,2,4.7,10
S04492,P94689,32,Male,Cardiac,225,General,Low,340.0,No,High,20,9.0,H001,20.4,56.7,1217.0,Moderate,5,12.1,20
S04493,P69540,68,Female,Urological,79,Regional,Medium,73.0,No,Medium,10,28.0,H015,25.4,52.0,891.0,Poor,2,10.7,12
S04494,P32954,36,Male,Neurological,184,Regional,Low,297.0,No,Low,19,13.0,H014,24.7,36.8,447.0,Poor,4,6.7,22
S04495,P71079,40,Female,Orthopedic,148,General,High,342.0,No,High,17,16.0,H019,23.7,41.7,545.0,Poor,1,4.2,19
S04496,P26321,63,Female,Urological,79,General,Low,119.0,No,Medium,10,16.0,H008,24.6,50.3,739.0,Poor,4,7.7,13
S04497,P74806,41,Female,Orthopedic,153,Sedation,Low,274.0,No,Medium,11,16.0,H019,22.7,43.2,446.0,Good,4,7.2,11
S04498,P50690,45,Male,General,72,Local,Low,97.0,No,Low,4,16.0,H005,20.4,41.5,384.0,Moderate,3,11.2,6
S04499,P89504,35,Female,Urological,43,General,Medium,71.0,No,Medium,9,23.0,H008,19.2,45.5,563.0,Good,3,10.9,10
S04500,P75353,42,Female,General,80,Regional,Low,102.0,No,Low,2,5.0,H015,,62.4,355.0,Poor,3,7.1,6
S04501,P20865,67,Female,General,103,Regional,Low,146.0,Yes,Medium,13,13.0,H010,20.8,43.7,680.0,Moderate,3,9.7,17
S04502,P71442,56,Female,Neurological,205,General,Low,292.0,No,Medium,14,17.0,H007,26.8,55.0,728.0,Moderate,2,11.7,18
S04503,P69396,89,Female,Orthopedic,163,General,Low,267.0,No,Medium,18,17.0,H011,20.8,49.8,581.0,Moderate,3,9.0,20
S04504,P32911,73,Female,ENT,78,Sedation,Low,97.0,Yes,Medium,8,21.0,H009,25.4,57.2,481.0,Poor,2,11.3,9
S04505,P56494,19,Female,Orthopedic,142,Regional,Medium,150.0,No,Medium,18,10.0,H002,25.7,54.4,557.0,Good,4,7.9,22
S04506,P33845,45,Male,Cardiac,281,General,Medium,461.0,No,High,20,28.0,H017,21.5,76.8,790.0,Moderate,4,16.7,24
S04507,P76527,38,Female,Cardiac,216,Local,Medium,352.0,No,High,20,,H015,21.7,69.3,838.0,Poor,3,16.8,22
S04508,P31207,60,Male,Ophthalmic,53,Regional,High,131.0,No,Medium,8,22.0,H003,22.1,66.6,769.0,Good,1,7.4,10
S04509,P46750,37,Male,Gynecological,183,Regional,Low,325.0,No,Low,10,5.0,H005,29.0,42.1,421.0,Good,2,6.2,13
S04510,P64289,87,Female,General,115,General,High,215.0,No,High,9,18.0,H011,24.2,55.6,940.0,Moderate,2,9.7,10
S04511,P14269,39,Male,ENT,85,General,Low,134.0,No,Medium,3,1.0,H009,19.8,48.7,831.0,Moderate,4,6.2,7
S04512,P96138,55,Female,Orthopedic,146,General,Low,203.0,No,Medium,12,7.0,H002,23.4,55.6,417.0,Good,2,17.8,16
S04513,P13758,26,Male,Ophthalmic,20,Sedation,Medium,28.0,No,Medium,10,12.0,H007,20.0,58.7,647.0,Good,4,10.8,11
S04514,P90046,83,Female,Orthopedic,100,Regional,Low,160.0,No,High,8,3.0,H019,23.2,,679.0,Good,7,10.3,10
S04515,P68618,83,Male,Neurological,149,Local,Low,324.0,No,Medium,14,10.0,H006,21.8,56.2,852.0,Poor,2,6.4,15
S04516,P55405,75,Female,Orthopedic,132,General,Medium,227.0,Yes,High,22,19.0,H006,24.4,55.3,1497.0,Moderate,5,12.2,24
S04517,P53991,43,Male,ENT,58,Local,Low,96.0,No,Low,8,5.0,H016,20.9,46.8,780.0,Good,2,5.9,10
S04518,P44004,22,Male,Ophthalmic,62,Regional,Low,107.0,No,Low,1,19.0,H018,20.6,49.9,570.0,Good,1,5.7,5
S04519,P74788,69,Male,General,80,Regional,Medium,63.0,No,Medium,1,14.0,H004,25.0,73.2,727.0,Good,2,7.2,3
S04520,P45615,48,Female,Cardiac,191,General,Low,304.0,No,Low,24,25.0,H007,22.6,59.5,714.0,Good,4,8.2,27
S04521,P57370,89,Female,Cardiac,266,Regional,Low,471.0,No,High,17,19.0,H017,,77.5,636.0,Poor,4,14.0,18
S04522,P82558,68,Female,General,37,General,Low,56.0,No,Low,5,13.0,H017,18.2,54.3,611.0,Good,4,7.8,6
S04523,P68626,56,Male,Neurological,158,General,High,284.0,No,High,21,24.0,H008,25.9,79.6,910.0,Poor,4,11.4,21
S04524,P68552,89,Male,Orthopedic,80,Local,High,147.0,No,High,13,5.0,H015,23.1,75.0,752.0,Moderate,6,7.7,13
S04525,P61207,75,Male,Gynecological,73,General,Medium,100.0,No,High,12,17.0,H006,23.3,36.8,932.0,Moderate,4,13.3,12
S04526,P13713,51,Female,General,96,General,Low,119.0,No,Low,7,7.0,H005,18.3,58.7,617.0,Good,2,11.4,11
S04527,P16115,19,Female,Ophthalmic,97,Sedation,Low,174.0,No,Low,1,14.0,H018,22.6,54.1,398.0,Good,3,11.3,3
S04528,P16807,24,Male,General,43,General,Low,83.0,No,Low,4,14.0,H013,22.4,57.5,449.0,Good,4,8.4,5
S04529,P34440,49,Female,Neurological,163,Regional,Medium,339.0,No,Medium,21,18.0,H015,22.6,34.1,790.0,Moderate,5,15.7,24
S04530,P53321,58,Female,General,37,Local,Medium,46.0,No,Medium,6,10.0,H005,20.9,38.3,618.0,Good,2,14.0,8
S04531,P31595,20,Male,Orthopedic,101,Local,Medium,131.0,No,Medium,15,20.0,H001,24.0,55.5,663.0,Good,3,7.9,19
S04532,P57908,27,Male,General,92,General,Low,117.0,No,Low,6,6.0,H001,20.5,28.9,794.0,Good,1,6.8,8
S04533,P88796,68,Male,Urological,103,Regional,High,173.0,No,High,5,,H014,25.1,71.1,810.0,Good,6,15.7,5
S04534,P96453,72,Male,Orthopedic,56,Regional,Low,67.0,No,High,16,4.0,H006,27.1,66.9,891.0,Poor,7,12.5,18
S04535,P69158,20,Male,Cardiac,256,General,Low,344.0,No,Medium,24,14.0,H010,21.0,72.4,841.0,Good,1,10.2,28
S04536,P22696,54,Female,Urological,50,Local,Low,88.0,No,Low,13,,H014,23.5,54.5,953.0,Moderate,2,6.6,16
S04537,P77014,23,Male,General,53,Sedation,Medium,68.0,No,High,1,24.0,H015,22.0,62.5,,Good,2,18.4,3
S04538,P82690,70,Female,General,92,General,High,217.0,No,High,1,10.0,H004,24.8,60.2,778.0,Moderate,5,12.3,2
S04539,P80592,78,Female,Gynecological,118,General,Low,225.0,No,Medium,11,17.0,H011,20.9,54.7,650.0,Moderate,3,8.6,15
S04540,P90593,80,Female,General,86,Local,High,186.0,No,High,8,28.0,H012,23.5,58.1,859.0,Moderate,2,8.8,8
S04541,P10401,61,Female,Orthopedic,87,Regional,Low,162.0,No,Low,9,18.0,H011,,49.3,595.0,Moderate,1,10.3,10
S04542,P43986,63,Male,Urological,76,Local,Low,82.0,No,Medium,8,25.0,H015,22.4,23.0,836.0,Good,5,5.3,8
S04543,P63123,84,Male,Ophthalmic,38,General,Low,50.0,No,Low,1,15.0,H007,22.8,63.5,433.0,Good,2,7.3,4
S04544,P24561,62,Male,Orthopedic,138,General,Low,214.0,No,High,10,6.0,H006,21.3,76.7,1084.0,Moderate,2,16.4,13
S04545,P45787,50,Female,Orthopedic,152,Regional,Medium,238.0,No,Medium,13,14.0,H007,22.0,63.9,,Good,3,11.8,16
S04546,P32167,72,Female,Gynecological,130,Sedation,Low,250.0,No,Medium,11,22.0,H002,24.0,,749.0,Good,1,9.2,15
S04547,P29557,60,Male,General,89,General,Low,106.0,No,Medium,7,4.0,H001,21.8,54.2,829.0,Good,3,11.2,10
S04548,P69649,78,Male,Neurological,213,Local,Low,285.0,No,High,18,14.0,H012,24.6,45.3,950.0,Poor,2,9.8,18
S04549,P69935,55,Male,General,59,General,Medium,86.0,No,Medium,8,16.0,H019,20.3,36.9,550.0,Good,2,13.9,9
S04550,P16281,80,Male,Gynecological,153,General,High,255.0,Yes,High,12,27.0,H003,22.7,50.5,680.0,Moderate,4,9.8,12
S04551,P71458,21,Female,General,59,Regional,Medium,70.0,No,Medium,6,29.0,H005,20.6,57.6,1052.0,Good,3,8.6,7
S04552,P89702,20,Male,Orthopedic,59,General,Low,80.0,No,Low,14,18.0,H001,23.5,54.5,635.0,Good,1,11.3,15
S04553,P13630,25,Male,Orthopedic,160,Regional,Low,228.0,No,Medium,12,7.0,H005,21.4,49.4,,Good,5,3.9,14
S04554,P78094,58,Male,General,68,General,Low,131.0,No,Low,4,6.0,H003,19.8,34.4,502.0,Good,2,5.9,5
S04555,P73248,69,Male,Ophthalmic,63,Regional,High,125.0,No,High,3,18.0,H019,24.7,55.2,1125.0,Moderate,5,13.1,5
S04556,P81499,33,Male,General,59,General,Low,102.0,No,Low,6,6.0,H006,19.2,48.6,353.0,Moderate,2,9.5,10
S04557,P96709,29,Female,Neurological,250,Local,High,520.0,No,High,23,20.0,H018,21.8,44.8,625.0,Poor,3,14.1,27
S04558,P76628,79,Male,Ophthalmic,114,Sedation,Medium,153.0,No,Medium,7,29.0,H013,25.5,54.3,526.0,Moderate,3,15.0,10
S04559,P42306,72,Female,Neurological,226,General,Medium,356.0,No,High,21,6.0,H006,22.2,74.6,1265.0,Poor,3,14.6,25
S04560,P21582,64,Male,General,92,General,Medium,153.0,Yes,High,7,27.0,H007,26.1,50.3,805.0,Moderate,3,9.3,9
S04561,P91424,53,Male,Orthopedic,149,Sedation,Low,241.0,No,Medium,11,2.0,H002,26.9,79.9,948.0,Good,3,7.9,15
S04562,P75779,48,Male,Gynecological,98,General,Low,149.0,No,Low,11,15.0,H018,22.5,41.5,1006.0,Moderate,2,7.2,13
S04563,P50158,19,Male,Gynecological,133,Local,Low,172.0,No,Low,13,12.0,H016,21.0,47.3,790.0,Moderate,3,11.4,16
S04564,P63926,31,Male,Urological,67,Regional,Low,113.0,No,Low,5,17.0,H015,18.0,55.8,782.0,Good,4,11.8,9
S04565,P57933,82,Male,Neurological,227,Local,Medium,314.0,Yes,High,23,15.0,H001,25.3,48.0,936.0,Poor,5,16.1,26
S04566,P14586,42,Female,General,76,General,Low,114.0,No,Low,3,16.0,H019,,29.7,890.0,Poor,3,6.3,6
S04567,P32851,68,Female,Orthopedic,109,General,High,219.0,No,High,17,4.0,H005,25.1,71.8,1170.0,Moderate,2,12.3,18
S04568,P35617,68,Female,ENT,56,General,High,148.0,Yes,High,11,23.0,H013,22.4,78.2,1106.0,Moderate,4,16.8,12
S04569,P65790,40,Male,Orthopedic,125,General,Low,259.0,No,Low,14,28.0,H011,22.6,46.8,536.0,Good,4,4.5,15
S04570,P48078,32,Female,General,78,General,Low,99.0,No,Low,3,14.0,H001,24.9,,739.0,Good,3,7.5,5
S04571,P48034,67,Female,Gynecological,114,Sedation,Low,172.0,No,Low,5,25.0,H008,23.3,55.3,686.0,Good,4,12.5,7
S04572,P58861,24,Male,Orthopedic,105,General,Low,110.0,No,Low,23,4.0,H003,19.4,39.4,536.0,Good,4,4.6,27
S04573,P90110,53,Male,Neurological,203,General,Medium,394.0,No,High,18,22.0,H004,23.7,74.7,577.0,Poor,4,16.1,18
S04574,P26247,81,Female,Orthopedic,165,General,Medium,249.0,No,Medium,20,10.0,H006,24.2,45.3,725.0,Good,3,10.2,20
S04575,P20229,69,Female,General,92,General,Medium,129.0,No,Medium,11,20.0,H001,19.4,67.8,789.0,Poor,2,8.8,15
S04576,P57449,73,Male,ENT,136,Regional,Low,206.0,No,High,1,17.0,H014,27.5,80.8,650.0,Poor,6,14.7,3
S04577,P87060,23,Male,General,123,General,Medium,188.0,No,Medium,8,2.0,H015,23.0,44.2,766.0,Poor,4,12.1,12
S04578,P96183,32,Female,ENT,134,Local,Medium,171.0,No,Medium,1,11.0,H013,24.1,64.3,751.0,Poor,3,7.7,3
S04579,P39936,37,Male,Orthopedic,118,Local,High,269.0,No,High,16,13.0,H009,23.1,58.0,1196.0,Moderate,3,23.9,18
S04580,P41915,39,Female,Neurological,130,General,Medium,220.0,No,High,12,24.0,H004,24.7,66.3,897.0,Moderate,4,20.3,12
S04581,P84896,31,Female,Ophthalmic,38,Local,Medium,65.0,No,High,1,4.0,H012,21.9,62.2,1129.0,Poor,7,24.0,3
S04582,P23632,87,Female,Ophthalmic,41,General,Low,53.0,No,Medium,1,28.0,H014,25.3,54.9,642.0,Poor,4,6.9,5
S04583,P42616,29,Female,Neurological,151,General,Medium,193.0,No,High,16,2.0,H005,28.7,56.2,940.0,Poor,2,9.5,19
S04584,P52184,68,Male,Gynecological,34,Sedation,Low,49.0,Yes,Medium,15,8.0,H006,26.9,46.0,723.0,Poor,5,6.8,17
S04585,P36626,60,Female,Ophthalmic,90,Local,Low,156.0,No,Medium,1,5.0,H017,19.2,35.9,599.0,Poor,4,11.1,4
S04586,P50551,61,Female,Gynecological,44,General,Low,72.0,No,Low,10,26.0,H013,22.7,42.3,552.0,Good,3,13.3,11
S04587,P98980,33,Female,General,117,Regional,Low,148.0,No,Low,10,17.0,H010,22.9,42.3,704.0,Good,1,8.3,11
S04588,P92546,40,Male,Orthopedic,185,General,Low,314.0,No,Medium,14,21.0,H006,20.6,,869.0,Poor,3,5.3,16
S04589,P44465,61,Male,Orthopedic,96,Regional,Low,116.0,No,Low,13,20.0,H005,22.7,57.0,689.0,Good,3,,13
S04590,P51611,39,Male,General,101,Regional,Medium,,No,Low,8,18.0,H004,19.1,52.9,662.0,Good,4,8.3,8
S04591,P93212,67,Male,General,78,General,Medium,120.0,No,Medium,2,9.0,H017,25.3,45.7,940.0,Poor,4,9.7,5
S04592,P31899,20,Female,Cardiac,264,Sedation,High,,Yes,High,31,4.0,H010,22.3,55.0,1146.0,Poor,2,20.7,32
S04593,P61325,23,Female,Cardiac,204,Local,Medium,247.0,No,High,17,13.0,H011,26.1,54.5,828.0,Moderate,5,21.3,20
S04594,P30203,70,Female,Neurological,176,General,Low,345.0,No,Medium,22,12.0,H019,24.5,41.6,963.0,Poor,4,8.5,22
S04595,P67074,62,Female,General,123,Local,Medium,234.0,No,Medium,9,13.0,H014,20.9,21.3,1012.0,Good,4,9.1,10
S04596,P13109,21,Male,Neurological,178,Local,Medium,389.0,No,Medium,19,29.0,H013,24.6,67.8,787.0,Moderate,2,5.4,19
S04597,P29206,82,Male,Neurological,131,General,Low,214.0,No,High,19,4.0,H005,20.0,63.5,848.0,Poor,1,10.0,21
S04598,P76724,18,Male,Orthopedic,157,Regional,High,315.0,No,High,16,19.0,H007,22.8,58.2,821.0,Poor,5,16.7,18
S04599,P72444,86,Male,Urological,41,Local,High,109.0,Yes,High,13,5.0,H002,19.2,63.4,934.0,Poor,4,7.3,13
S04600,P34103,70,Male,General,92,Sedation,Low,128.0,No,Low,4,18.0,H010,20.5,32.7,538.0,Good,2,8.4,7
S04601,P28312,89,Male,Orthopedic,137,General,Medium,241.0,No,High,19,20.0,H006,23.2,56.4,649.0,Good,6,7.5,19
S04602,P80914,86,Male,General,93,Regional,Low,177.0,No,High,7,2.0,H009,23.6,67.4,823.0,Poor,5,13.6,8
S04603,P98210,40,Female,General,166,Local,High,338.0,No,High,6,14.0,H009,25.6,63.6,743.0,Poor,7,10.6,10
S04604,P59528,72,Male,General,112,Sedation,Medium,139.0,No,Low,8,10.0,H001,19.7,36.4,484.0,Moderate,1,8.2,11
S04605,P74924,33,Male,General,83,General,Low,134.0,No,Low,8,15.0,H010,18.9,54.1,300.0,Good,1,8.7,12
S04606,P74047,51,Male,General,108,Regional,Medium,137.0,Yes,Medium,11,,H013,21.7,56.6,866.0,Poor,4,13.0,12
S04607,P91115,35,Female,Gynecological,106,Local,Medium,148.0,No,Low,7,14.0,H016,22.2,45.4,808.0,Moderate,1,9.7,7
S04608,P28286,52,Female,Orthopedic,121,General,Low,240.0,No,High,16,19.0,H004,25.2,76.5,1051.0,Poor,6,11.5,19
S04609,P61151,80,Male,Cardiac,247,General,Medium,281.0,No,High,23,6.0,H008,27.6,55.7,401.0,Moderate,4,20.1,25
S04610,P23949,49,Male,Orthopedic,106,Regional,Medium,227.0,No,Medium,14,25.0,H011,17.4,58.4,705.0,Good,5,14.2,18
S04611,P39963,24,Female,General,96,Regional,Low,159.0,No,Low,7,25.0,H016,25.4,44.0,691.0,Good,1,3.9,11
S04612,P47633,41,Female,General,74,Local,Medium,100.0,No,Low,4,14.0,H002,20.4,48.0,849.0,Moderate,1,10.1,4
S04613,P93936,74,Female,Gynecological,43,General,Low,65.0,No,Low,11,27.0,H010,21.4,60.0,1035.0,Good,2,7.4,14
S04614,P42110,55,Female,Orthopedic,154,Local,Low,199.0,No,Low,12,,H016,22.0,32.6,602.0,Good,3,6.9,15
S04615,P12342,58,Female,General,73,General,Medium,97.0,No,Medium,3,6.0,H001,18.8,42.9,749.0,Moderate,4,13.8,5
S04616,P55552,49,Female,Cardiac,244,Local,Low,371.0,No,High,24,9.0,H001,23.6,,1216.0,Moderate,4,14.3,28
S04617,P48260,39,Male,Neurological,157,General,Low,220.0,No,Medium,14,23.0,H002,24.4,54.4,595.0,Good,5,11.2,18
S04618,P77345,61,Female,Gynecological,78,General,High,145.0,No,High,7,4.0,H007,25.6,56.4,674.0,Poor,3,22.1,11
S04619,P10250,63,Male,Orthopedic,88,Sedation,Medium,126.0,No,Low,17,9.0,H003,21.0,56.3,777.0,Good,1,6.4,19
S04620,P91795,82,Female,Neurological,208,Local,Medium,229.0,No,High,12,5.0,H008,24.6,55.6,932.0,Good,6,11.8,12
S04621,P76625,62,Male,Neurological,215,General,Medium,240.0,No,High,16,13.0,H006,24.4,65.1,841.0,Good,5,16.9,20
S04622,P63487,89,Male,Gynecological,100,General,High,161.0,Yes,High,14,9.0,H015,22.2,51.9,653.0,Moderate,1,15.8,18
S04623,P87388,77,Female,Orthopedic,103,Regional,High,256.0,No,High,14,24.0,H008,23.8,72.0,531.0,Poor,4,14.6,15
S04624,P30327,23,Female,ENT,20,Sedation,Low,32.0,Yes,Low,16,23.0,H019,,64.4,585.0,Moderate,3,6.1,17
S04625,P46006,46,Male,ENT,93,General,Low,156.0,No,Low,4,26.0,H003,20.1,46.4,592.0,Good,1,8.9,4
S04626,P36586,45,Female,Urological,59,Sedation,Low,88.0,No,Low,9,12.0,H004,21.4,54.7,551.0,Good,3,5.1,11
S04627,P34766,18,Male,Cardiac,206,General,Low,340.0,No,High,23,16.0,H016,19.3,62.0,1194.0,Good,7,14.9,24
S04628,P91507,31,Male,Gynecological,100,Local,Low,185.0,No,Low,8,25.0,H003,23.4,35.5,643.0,Good,2,7.2,8
S04629,P91346,72,Female,Orthopedic,109,General,Medium,176.0,Yes,Medium,22,21.0,H008,23.0,34.0,300.0,Moderate,3,10.7,25
S04630,P28867,43,Male,Ophthalmic,20,General,Medium,39.0,No,Low,4,28.0,H012,21.6,64.1,1000.0,Good,2,5.0,7
S04631,P32456,28,Male,General,48,Sedation,High,121.0,Yes,High,17,29.0,H017,25.0,66.2,504.0,Poor,3,19.5,17
S04632,P18543,38,Female,Orthopedic,130,General,Low,218.0,No,Medium,11,3.0,H005,22.9,59.1,488.0,Good,3,7.9,12
S04633,P23868,37,Male,Neurological,160,Sedation,Low,273.0,No,Medium,19,7.0,H006,24.1,66.0,447.0,Moderate,1,9.5,22
S04634,P92903,30,Male,Urological,95,General,Low,115.0,No,Low,7,21.0,H001,25.2,40.4,697.0,Good,3,9.3,7
S04635,P27288,25,Male,Ophthalmic,64,General,Low,96.0,No,Low,6,3.0,H008,22.7,60.7,343.0,Good,3,8.4,9
S04636,P12399,73,Female,General,121,Sedation,Low,114.0,No,Medium,5,3.0,H005,21.3,57.0,850.0,Moderate,4,11.4,7
S04637,P88713,77,Male,General,65,Regional,High,144.0,Yes,High,21,4.0,H006,26.1,53.0,809.0,Moderate,3,14.9,23
S04638,P77400,53,Male,Gynecological,106,General,Low,150.0,No,Medium,11,3.0,H005,20.9,23.3,731.0,Moderate,2,5.5,11
S04639,P74091,62,Female,Urological,99,Regional,Medium,138.0,No,Medium,7,20.0,H019,21.6,34.3,300.0,Moderate,4,12.4,10
S04640,P23104,84,Male,Gynecological,81,General,Low,111.0,No,Low,9,8.0,H011,21.4,70.6,560.0,Moderate,2,6.0,9
S04641,P11706,78,Male,Neurological,213,Local,Medium,352.0,No,High,17,28.0,H010,26.8,78.5,,Poor,5,5.6,18
S04642,P69972,20,Female,General,40,General,High,99.0,No,High,8,3.0,H009,24.5,45.3,659.0,Good,1,18.1,10
S04643,P60007,86,Female,Urological,55,Regional,High,163.0,No,High,13,14.0,H012,25.3,34.3,1191.0,Poor,6,14.6,17
S04644,P26779,22,Male,Orthopedic,68,General,Low,113.0,No,Low,13,20.0,H007,22.2,65.6,655.0,Good,3,7.4,16
S04645,P50832,19,Female,Neurological,157,Regional,High,247.0,Yes,High,31,11.0,H003,26.2,55.8,976.0,Moderate,3,15.3,32
S04646,P90742,47,Female,Orthopedic,115,Sedation,Low,194.0,No,Low,12,21.0,H006,23.2,41.4,528.0,Moderate,3,11.3,15
S04647,P91403,71,Male,General,114,Local,Medium,205.0,No,Medium,6,25.0,H007,21.1,43.2,819.0,Moderate,5,9.8,6
S04648,P14487,23,Female,Urological,75,General,Low,120.0,No,Low,6,19.0,H006,23.2,35.1,670.0,Good,3,11.5,7
S04649,P13051,39,Female,Orthopedic,102,General,Medium,122.0,No,Medium,19,18.0,H003,22.7,63.6,785.0,Good,2,7.8,19
S04650,P37404,36,Female,General,43,General,Medium,93.0,No,Medium,2,17.0,H017,21.0,55.7,585.0,Poor,1,7.9,3
S04651,P77490,46,Female,Orthopedic,83,Local,Medium,140.0,No,Low,14,29.0,H009,21.3,28.5,403.0,Moderate,3,6.8,14
S04652,P80472,88,Female,Ophthalmic,69,General,Medium,77.0,No,Medium,3,23.0,H009,20.7,45.3,755.0,Moderate,4,8.2,6
S04653,P57110,41,Female,Urological,106,Regional,Low,165.0,No,Medium,4,2.0,H017,21.5,71.7,591.0,Moderate,2,14.1,6
S04654,P61057,33,Female,General,77,General,High,160.0,Yes,High,22,23.0,H017,24.7,62.1,1236.0,Moderate,4,12.8,25
S04655,P52415,26,Female,Gynecological,136,Sedation,Low,204.0,No,Medium,7,5.0,H005,24.1,36.2,993.0,Good,4,5.3,9
S04656,P47968,32,Female,Orthopedic,91,Regional,Low,103.0,No,Medium,14,26.0,H019,25.0,51.1,581.0,Good,2,11.8,18
S04657,P21276,27,Female,Urological,68,Regional,Low,103.0,No,Low,13,10.0,H009,23.1,48.7,435.0,Good,1,3.9,15
S04658,P49197,59,Female,Gynecological,90,Sedation,Low,112.0,No,Low,8,21.0,H010,22.2,61.4,689.0,Good,1,1.7,9
S04659,P98635,48,Male,Orthopedic,165,Sedation,Low,230.0,No,Medium,14,22.0,H018,18.4,49.6,814.0,Good,4,8.1,16
S04660,P55208,53,Male,ENT,74,Regional,Medium,119.0,No,Low,3,11.0,H018,26.8,66.5,594.0,Poor,3,6.8,4
S04661,P63525,77,Female,Orthopedic,66,Local,Low,89.0,No,Low,13,28.0,H018,20.6,53.2,715.0,Good,1,9.3,17
S04662,P99537,59,Male,General,118,Regional,Medium,166.0,Yes,High,15,16.0,H004,19.3,27.9,1032.0,Moderate,5,15.1,15
S04663,P12567,29,Female,Orthopedic,175,General,Low,305.0,No,Low,12,13.0,H002,24.5,56.4,446.0,Good,4,12.0,15
S04664,P70627,45,Female,Gynecological,92,General,Medium,113.0,No,Low,2,15.0,H006,19.8,47.8,429.0,Good,4,10.7,6
S04665,P32877,40,Female,Orthopedic,93,Local,Low,121.0,No,Low,13,9.0,H006,22.7,43.9,300.0,Poor,4,4.1,13
S04666,P53834,77,Male,Orthopedic,145,Local,Low,162.0,No,High,14,4.0,H013,24.7,59.5,591.0,Good,2,11.3,16
S04667,P11032,40,Female,General,148,General,Medium,185.0,No,Medium,7,29.0,H004,21.5,51.8,498.0,Moderate,2,14.9,10
S04668,P38966,27,Male,ENT,95,General,High,196.0,No,High,7,24.0,H005,24.7,,648.0,Moderate,5,7.3,9
S04669,P58836,70,Female,Cardiac,191,Local,High,373.0,No,High,21,24.0,H016,22.5,58.4,1054.0,Poor,6,16.5,21
S04670,P55341,48,Male,General,112,General,Low,140.0,No,Low,6,27.0,H012,21.8,43.2,723.0,Good,3,8.1,9
S04671,P45503,24,Male,General,102,Regional,High,221.0,No,Medium,15,18.0,H016,24.3,64.6,807.0,Poor,3,12.7,18
S04672,P93034,67,Female,Urological,51,Local,Medium,78.0,Yes,Medium,12,29.0,H018,21.9,53.0,648.0,Poor,3,1.0,15
S04673,P29562,33,Female,Cardiac,278,General,High,351.0,No,High,25,29.0,H018,31.1,73.5,1440.0,Good,1,16.7,29
S04674,P29707,80,Female,General,103,General,Low,159.0,No,Medium,3,8.0,H019,23.2,46.1,440.0,Good,2,5.1,6
S04675,P61464,77,Male,ENT,109,General,Low,202.0,No,Medium,4,13.0,H013,19.4,65.2,635.0,Moderate,3,15.5,6
S04676,P41092,44,Male,Neurological,148,General,Low,137.0,No,High,14,3.0,H011,23.9,64.1,990.0,Poor,4,10.5,18
S04677,P35290,58,Male,General,101,Regional,Medium,212.0,No,Medium,10,21.0,H013,18.9,49.6,441.0,Moderate,1,8.2,12
S04678,P15849,58,Female,Ophthalmic,33,Local,Low,43.0,No,Medium,1,4.0,H014,,65.9,580.0,Poor,5,5.8,1
S04679,P56967,65,Female,Neurological,187,Local,Low,187.0,Yes,High,24,23.0,H017,25.6,55.2,521.0,Poor,2,7.3,28
S04680,P66630,22,Male,Neurological,224,General,Medium,345.0,No,Medium,19,24.0,H012,25.0,52.5,641.0,Poor,3,12.5,23
S04681,P61189,41,Male,Cardiac,197,Local,High,394.0,No,High,24,12.0,H012,22.2,40.4,1327.0,Poor,7,7.4,24
S04682,P79030,30,Male,Urological,38,General,Medium,53.0,No,Low,1,19.0,H008,20.3,42.5,634.0,Good,4,9.8,1
S04683,P69670,68,Female,Ophthalmic,88,Local,Medium,140.0,No,Medium,1,28.0,H016,24.1,65.7,1102.0,Good,4,7.2,4
S04684,P66881,22,Male,General,89,General,Low,190.0,No,Low,7,22.0,H007,21.0,49.4,884.0,Moderate,4,7.5,8
S04685,P38282,55,Male,General,125,Regional,High,245.0,No,Medium,7,13.0,H007,21.3,56.7,432.0,Poor,2,5.8,10
S04686,P83064,70,Male,Neurological,155,Regional,Low,371.0,No,Medium,16,27.0,H012,21.1,48.9,520.0,Poor,4,12.4,17
S04687,P90114,86,Male,Orthopedic,121,General,Low,227.0,No,High,12,2.0,H013,27.7,54.3,1387.0,Moderate,7,10.3,13
S04688,P79366,38,Male,Orthopedic,140,Sedation,Low,212.0,No,Low,10,7.0,H007,21.1,43.5,581.0,Moderate,3,9.5,11
S04689,P19441,18,Male,Orthopedic,126,General,Low,200.0,No,Low,10,10.0,H001,23.7,44.4,305.0,Good,1,5.4,10
S04690,P97520,70,Female,Orthopedic,66,General,Medium,92.0,No,Low,13,11.0,H015,23.1,46.5,791.0,Good,3,,13
S04691,P59740,18,Female,Gynecological,184,Regional,Medium,289.0,No,High,4,20.0,H002,24.1,68.1,1202.0,Poor,4,12.2,7
S04692,P50719,22,Male,Orthopedic,126,Regional,Low,210.0,No,Medium,12,23.0,H003,22.3,59.7,1010.0,Poor,2,9.5,12
S04693,P30416,89,Female,Orthopedic,79,General,Low,108.0,No,High,11,2.0,H003,24.0,63.1,935.0,Moderate,6,17.0,13
S04694,P17566,80,Male,Neurological,189,General,Low,205.0,No,High,17,8.0,H014,27.4,80.1,1230.0,Poor,6,11.4,19
S04695,P85382,68,Female,Cardiac,252,General,Low,477.0,No,High,28,24.0,H015,20.6,80.1,1056.0,Poor,2,7.7,28
S04696,P58185,78,Female,Orthopedic,149,Local,High,317.0,No,High,14,15.0,H010,23.9,50.7,619.0,Good,5,15.0,15
S04697,P92330,23,Male,Orthopedic,147,Regional,Medium,158.0,No,Low,15,9.0,H002,21.0,42.0,823.0,Good,4,8.3,16
S04698,P79390,24,Female,Cardiac,233,General,Low,361.0,No,Medium,21,13.0,H002,21.1,64.8,608.0,Good,3,13.1,21
S04699,P82865,39,Female,General,38,General,Low,68.0,No,Low,8,18.0,H011,24.2,57.9,971.0,Good,3,4.6,10
S04700,P46625,19,Female,Gynecological,113,Sedation,Medium,200.0,No,Low,9,18.0,H016,21.0,62.5,532.0,Poor,3,4.4,12
S04701,P43700,81,Male,Urological,30,Local,Medium,38.0,Yes,High,17,25.0,H014,21.8,55.8,1003.0,Poor,2,9.2,20
S04702,P50430,22,Male,Gynecological,136,General,High,294.0,No,High,15,29.0,H011,26.4,58.3,722.0,Moderate,3,10.9,15
S04703,P10492,57,Male,General,68,Regional,Low,,No,Low,9,24.0,H010,20.6,54.1,745.0,Good,2,6.7,12
S04704,P76361,79,Female,Ophthalmic,79,General,Medium,127.0,No,Medium,1,4.0,H014,22.8,32.1,1029.0,Moderate,5,9.1,5
S04705,P90813,70,Female,General,70,General,Low,85.0,No,Low,7,13.0,H005,23.7,47.6,761.0,Poor,2,11.3,8
S04706,P11515,34,Male,General,75,Local,Medium,16.0,No,Low,5,15.0,H003,22.7,73.5,617.0,Moderate,3,6.9,9
S04707,P90310,51,Female,General,65,Local,Low,82.0,No,Low,4,19.0,H007,23.8,46.0,510.0,Good,4,10.6,6
S04708,P69154,57,Male,Neurological,201,General,Medium,333.0,No,High,16,28.0,H003,22.1,63.4,795.0,Moderate,1,11.7,18
S04709,P59818,73,Male,Neurological,161,Local,Low,231.0,No,Medium,17,13.0,H006,25.2,54.1,988.0,Moderate,3,10.5,21
S04710,P73648,48,Female,Orthopedic,143,Local,Medium,242.0,No,Medium,15,11.0,H017,21.8,71.1,554.0,Poor,4,4.4,15
S04711,P11927,38,Male,Urological,62,Local,Low,113.0,No,Low,10,27.0,H010,19.1,,300.0,Good,1,6.2,14
S04712,P97359,75,Female,Orthopedic,113,Local,Medium,158.0,No,High,16,22.0,H009,18.2,71.7,1596.0,Poor,6,13.1,19
S04713,P88323,81,Female,Gynecological,101,Regional,Low,138.0,No,Medium,10,14.0,H015,22.1,43.1,813.0,Good,4,8.5,10
S04714,P75694,53,Female,Urological,84,Sedation,Medium,70.0,No,Low,8,27.0,H006,20.4,42.2,525.0,Good,3,6.3,12
S04715,P39840,20,Female,General,62,General,Low,64.0,No,Low,6,9.0,H014,20.5,29.9,467.0,Good,1,10.5,6
S04716,P21779,54,Male,Orthopedic,141,Regional,Medium,154.0,No,Medium,13,7.0,H010,22.9,75.3,818.0,Good,2,11.3,13
S04717,P37320,82,Female,General,81,General,Medium,135.0,No,High,4,1.0,H011,27.8,63.7,528.0,Poor,3,18.8,7
S04718,P54846,89,Female,Neurological,196,Local,Low,275.0,No,High,16,3.0,H008,21.0,46.8,888.0,Moderate,4,5.6,18
S04719,P98835,46,Male,ENT,69,General,Low,,No,Low,6,26.0,H018,22.2,34.9,687.0,Moderate,1,10.3,10
S04720,P46534,28,Male,Gynecological,117,General,Low,152.0,No,Low,14,3.0,H019,20.9,42.3,425.0,Good,3,4.5,14
S04721,P75644,59,Male,Gynecological,87,Local,Low,110.0,No,Low,9,23.0,H003,20.0,56.0,366.0,Good,2,7.2,13
S04722,P46083,77,Male,General,66,General,Medium,117.0,No,High,4,3.0,H004,22.6,57.6,834.0,Poor,3,13.7,4
S04723,P15647,86,Female,Gynecological,112,General,Low,171.0,No,Low,12,7.0,H015,25.3,39.0,544.0,Moderate,1,7.3,16
S04724,P80657,21,Male,Gynecological,85,General,Low,152.0,No,Low,3,11.0,H011,22.0,49.0,552.0,Good,3,11.2,7
S04725,P40419,38,Female,Orthopedic,163,Local,Low,137.0,No,Low,17,7.0,H015,21.6,65.2,547.0,Poor,3,8.2,19
S04726,P62298,52,Male,Cardiac,242,General,Low,401.0,No,High,16,4.0,H007,20.9,77.2,1028.0,Moderate,2,21.9,19
S04727,P40008,25,Male,Orthopedic,78,General,Low,105.0,No,Low,15,29.0,H013,22.1,28.3,461.0,Good,3,11.7,18
S04728,P75777,81,Male,General,72,Regional,Medium,101.0,No,Low,5,12.0,H004,20.7,37.4,660.0,Good,3,7.7,5
S04729,P83395,26,Male,Ophthalmic,30,Sedation,Low,57.0,No,Low,3,13.0,H019,25.9,48.4,484.0,Good,3,10.9,3
S04730,P77120,65,Female,General,122,Local,High,218.0,No,High,16,22.0,H013,,60.5,821.0,Moderate,6,4.1,16
S04731,P90835,84,Male,General,113,General,Medium,186.0,No,High,4,27.0,H013,23.1,73.3,884.0,Moderate,4,13.8,5
S04732,P71949,67,Male,Ophthalmic,58,Local,Low,69.0,No,Low,1,9.0,H003,22.2,49.9,300.0,Good,4,7.5,2
S04733,P57550,72,Male,Orthopedic,128,Local,High,243.0,No,High,17,14.0,H017,25.9,74.5,821.0,Good,3,15.4,18
S04734,P78198,36,Male,Orthopedic,117,Local,Medium,119.0,No,Low,18,14.0,H006,22.0,23.8,814.0,Good,1,9.7,20
S04735,P71518,77,Female,Ophthalmic,85,Regional,Medium,126.0,No,Medium,3,,H003,21.2,46.8,672.0,Good,5,9.7,3
S04736,P29670,48,Female,Ophthalmic,75,General,Low,121.0,No,Low,3,4.0,H010,22.3,58.4,353.0,Poor,2,9.1,4
S04737,P36455,22,Male,Gynecological,120,Local,Medium,219.0,No,Medium,10,27.0,H019,24.1,74.5,419.0,Good,2,14.1,12
S04738,P18883,44,Female,Cardiac,234,Regional,Low,293.0,No,High,17,21.0,H009,26.9,39.3,1222.0,Poor,4,16.6,18
S04739,P78751,43,Male,ENT,51,General,Medium,68.0,No,Low,5,20.0,H001,22.4,47.9,683.0,Moderate,4,9.0,8
S04740,P24513,55,Female,Gynecological,119,General,Low,155.0,No,Low,8,10.0,H018,22.5,28.9,632.0,Good,3,10.5,9
S04741,P17734,37,Female,Gynecological,146,General,Low,207.0,No,Medium,13,20.0,H013,24.0,51.4,863.0,Poor,2,2.7,17
S04742,P82786,51,Male,Cardiac,273,Regional,Medium,330.0,No,High,23,4.0,H013,18.1,62.2,1011.0,Poor,4,8.6,27
S04743,P14501,48,Female,General,137,General,Low,116.0,No,Medium,3,4.0,H011,23.0,70.6,737.0,Good,4,15.5,6
S04744,P96044,41,Female,Urological,84,Regional,Low,99.0,No,Low,7,28.0,H002,20.8,49.4,879.0,Moderate,4,9.7,9
S04745,P29893,68,Male,Urological,50,Local,Medium,74.0,No,Medium,9,7.0,H014,22.3,48.7,1081.0,Good,5,8.2,13
S04746,P94313,39,Female,General,63,General,Low,91.0,No,Low,4,23.0,H003,22.7,,857.0,Good,4,8.3,5
S04747,P69123,73,Female,General,131,General,Low,218.0,Yes,High,8,9.0,H004,27.8,62.7,998.0,Moderate,7,16.3,8
S04748,P11155,36,Male,Gynecological,44,General,Low,77.0,No,Low,8,19.0,H012,19.2,43.4,623.0,Moderate,1,9.2,10
S04749,P80232,80,Female,General,135,General,High,234.0,Yes,High,16,18.0,H010,21.8,51.9,968.0,Poor,5,14.4,20
S04750,P99555,44,Female,General,66,Local,Medium,67.0,No,Low,10,21.0,H005,20.2,32.4,750.0,Good,1,6.8,13
S04751,P93170,20,Female,Orthopedic,177,Regional,Medium,286.0,No,Medium,14,28.0,H002,19.9,61.2,549.0,Good,2,13.9,14
S04752,P89786,28,Male,Orthopedic,117,Local,Medium,175.0,No,Medium,21,13.0,H004,19.8,61.1,645.0,Good,3,8.3,21
S04753,P31744,76,Female,Gynecological,121,Sedation,Medium,172.0,No,High,7,,H001,29.2,71.3,808.0,Moderate,3,16.5,10
S04754,P27896,80,Female,Orthopedic,191,General,Medium,356.0,Yes,High,21,9.0,H019,25.7,69.4,881.0,Good,2,17.6,23
S04755,P38035,33,Female,Orthopedic,110,Regional,Medium,179.0,No,Medium,10,28.0,H002,21.1,49.3,479.0,Moderate,4,11.1,10
S04756,P60165,61,Male,Ophthalmic,49,Regional,High,125.0,No,High,10,15.0,H014,24.9,55.6,1007.0,Good,7,16.7,10
S04757,P79967,59,Male,Gynecological,79,Regional,Medium,122.0,No,Medium,14,25.0,H008,22.6,69.0,547.0,Moderate,3,6.6,14
S04758,P98614,27,Female,Orthopedic,89,General,Low,156.0,No,Low,16,24.0,H006,22.3,44.3,814.0,Good,2,3.9,18
S04759,P53344,50,Female,Cardiac,230,General,Low,297.0,No,Medium,15,19.0,H001,20.2,45.6,911.0,Moderate,4,5.5,17
S04760,P52388,67,Male,Gynecological,83,Regional,Low,102.0,No,Low,12,28.0,H001,19.0,61.9,715.0,Good,4,6.8,15
S04761,P86476,87,Female,General,52,Regional,Medium,74.0,No,Medium,4,20.0,H019,21.9,,362.0,Moderate,5,9.8,4
S04762,P95808,79,Female,General,83,General,High,145.0,No,High,11,18.0,H016,27.5,47.6,1015.0,Good,1,7.0,15
S04763,P48579,25,Female,General,103,General,Medium,153.0,No,Medium,2,8.0,H006,19.4,36.3,847.0,Good,4,2.2,5
S04764,P58942,35,Male,Cardiac,213,Regional,Medium,325.0,No,High,21,11.0,H011,25.7,93.5,906.0,Poor,5,10.8,25
S04765,P33401,49,Female,Gynecological,95,Local,Medium,140.0,Yes,High,13,1.0,H018,24.5,64.7,1005.0,Moderate,5,6.4,16
S04766,P40992,28,Male,Orthopedic,162,Regional,High,275.0,No,High,14,21.0,H006,24.1,65.6,1416.0,Moderate,4,16.6,15
S04767,P78528,59,Male,General,47,General,Medium,93.0,No,Low,8,18.0,H019,23.5,38.7,300.0,Good,4,10.9,9
S04768,P24447,18,Female,Orthopedic,177,General,Low,315.0,No,Low,13,21.0,H011,22.4,56.0,,Good,4,9.0,13
S04769,P35838,26,Female,Orthopedic,99,Local,Low,145.0,No,Low,13,19.0,H009,17.7,70.3,557.0,Good,1,10.0,13
S04770,P19366,21,Male,Orthopedic,126,Local,Low,192.0,No,Low,16,8.0,H018,21.2,54.3,326.0,Good,2,8.2,20
S04771,P32808,39,Female,Urological,118,General,Low,225.0,No,Low,13,29.0,H009,21.2,36.7,632.0,Good,2,8.7,13
S04772,P73601,72,Female,Orthopedic,167,Regional,Low,221.0,No,High,14,13.0,H002,25.2,74.4,806.0,Poor,1,18.8,15
S04773,P87212,30,Male,Cardiac,254,General,Low,307.0,No,Medium,15,21.0,H003,21.5,48.2,881.0,Good,2,9.0,17
S04774,P39481,89,Male,Orthopedic,99,Regional,Low,155.0,Yes,High,14,4.0,H014,22.3,67.3,1048.0,Moderate,4,11.2,17
S04775,P90796,37,Female,Gynecological,76,General,Low,123.0,No,Low,10,18.0,H012,19.7,38.4,709.0,Good,3,5.4,11
S04776,P46695,21,Female,General,72,Regional,High,,Yes,Medium,18,12.0,H017,22.5,42.5,479.0,Good,4,12.1,19
S04777,P33923,42,Male,ENT,126,Sedation,Low,220.0,No,Medium,5,27.0,H004,20.7,47.1,744.0,Good,3,10.5,5
S04778,P94347,71,Female,Gynecological,88,General,Medium,112.0,No,Medium,11,23.0,H010,25.9,41.5,656.0,Good,5,8.8,13
S04779,P56255,25,Female,General,99,General,Low,106.0,No,Low,6,28.0,H008,,49.3,730.0,Moderate,2,11.1,9
S04780,P27986,23,Female,Gynecological,68,General,High,140.0,No,Medium,15,10.0,H019,20.0,47.5,992.0,Good,5,9.7,16
S04781,P29939,79,Female,Orthopedic,85,General,Medium,142.0,No,Medium,15,20.0,H016,24.9,72.7,931.0,Good,3,11.5,16
S04782,P43594,60,Male,ENT,70,Sedation,High,135.0,No,Medium,4,19.0,H005,19.6,55.6,523.0,Moderate,1,10.1,8
S04783,P19774,42,Male,ENT,60,Sedation,Medium,55.0,No,Medium,6,8.0,H015,22.8,62.4,617.0,Poor,2,11.6,6
S04784,P91859,72,Male,Cardiac,232,General,Medium,358.0,Yes,High,21,10.0,H014,19.5,63.2,796.0,Moderate,2,15.3,25
S04785,P65672,78,Female,General,45,Sedation,Low,59.0,No,Low,8,20.0,H008,22.6,25.9,832.0,Moderate,4,4.6,8
S04786,P94652,43,Female,Cardiac,237,General,Low,232.0,No,Medium,20,5.0,H009,25.9,64.8,692.0,Poor,3,10.4,24
S04787,P31567,58,Female,General,136,Regional,Medium,207.0,No,Medium,7,12.0,H005,21.0,54.1,758.0,Moderate,2,12.0,8
S04788,P82246,18,Male,Urological,54,Regional,Low,74.0,No,Low,8,22.0,H008,19.6,55.0,300.0,Moderate,1,2.4,10
S04789,P70839,40,Female,Ophthalmic,86,General,Low,172.0,No,Low,3,25.0,H002,19.7,49.1,491.0,Moderate,1,7.5,6
S04790,P44482,60,Male,Neurological,76,Regional,High,166.0,No,Medium,25,18.0,H013,22.3,24.6,857.0,Poor,4,10.1,25
S04791,P41491,32,Male,Gynecological,75,Regional,Low,125.0,No,Low,10,20.0,H010,25.9,44.8,300.0,Good,2,8.6,13
S04792,P21291,89,Male,Gynecological,42,General,Medium,62.0,No,Medium,10,24.0,H012,25.1,42.1,878.0,Good,2,12.5,11
S04793,P81928,87,Female,Cardiac,277,Sedation,Low,365.0,No,High,24,7.0,H019,24.3,68.2,1047.0,Moderate,7,14.9,26
S04794,P81046,36,Male,General,116,General,Low,157.0,No,Low,12,20.0,H007,19.9,55.5,617.0,Good,2,,13
S04795,P60445,46,Female,Gynecological,68,General,Low,124.0,No,Low,9,,H003,24.2,75.9,300.0,Good,1,7.4,10
S04796,P85512,31,Female,Gynecological,108,Sedation,Low,186.0,No,Low,8,24.0,H008,24.0,55.6,789.0,Good,1,5.6,11
S04797,P65812,54,Female,ENT,106,General,Medium,111.0,No,Medium,3,18.0,H007,22.9,45.1,1114.0,Good,2,7.0,6
S04798,P74335,26,Male,Orthopedic,160,General,High,230.0,No,High,18,5.0,H010,22.7,56.7,794.0,Good,3,13.6,18
S04799,P99745,46,Female,Cardiac,227,General,Low,259.0,No,Medium,20,2.0,H017,24.6,65.1,592.0,Poor,3,10.0,20
S04800,P40364,57,Female,Orthopedic,53,General,Low,96.0,No,Low,8,18.0,H019,20.6,60.1,542.0,Poor,3,6.6,10
S04801,P68828,62,Male,Orthopedic,93,General,Medium,91.0,No,Medium,17,9.0,H013,23.8,38.1,894.0,Good,4,16.1,18
S04802,P68717,60,Female,General,112,General,Low,194.0,No,Low,9,11.0,H016,21.2,47.0,803.0,Moderate,4,13.8,10
S04803,P91717,33,Female,Ophthalmic,122,Regional,Low,197.0,No,Low,6,14.0,H006,20.0,48.1,715.0,Good,3,8.6,6
S04804,P73203,75,Male,General,88,Regional,Low,135.0,No,Medium,11,22.0,H007,22.0,33.7,657.0,Good,3,4.7,15
S04805,P33977,67,Female,Gynecological,81,Local,Medium,110.0,No,Low,10,11.0,H017,25.9,58.6,819.0,Moderate,4,7.7,10
S04806,P89867,72,Male,Neurological,251,Sedation,Low,466.0,No,High,18,17.0,H007,19.7,57.9,516.0,Good,5,16.3,21
S04807,P83220,51,Male,Cardiac,252,General,Low,386.0,No,Medium,24,15.0,H008,24.2,54.0,923.0,Good,2,6.0,27
S04808,P22523,82,Female,Urological,43,Sedation,High,95.0,No,High,7,2.0,H018,24.1,62.7,1204.0,Moderate,2,16.5,8
S04809,P76370,46,Male,Gynecological,96,Local,High,159.0,No,High,11,21.0,H016,24.5,66.2,676.0,Poor,6,12.4,12
S04810,P33743,76,Male,Neurological,209,Sedation,Medium,210.0,Yes,High,22,16.0,H015,24.1,88.2,1359.0,Moderate,6,11.0,23
S04811,P34415,32,Male,Ophthalmic,57,Local,Medium,106.0,No,Medium,5,7.0,H014,20.5,59.0,998.0,Good,3,11.9,7
S04812,P46332,35,Male,General,113,General,High,267.0,Yes,High,13,22.0,H013,26.1,43.6,882.0,Poor,4,14.8,17
S04813,P38288,55,Male,Orthopedic,71,General,Medium,129.0,No,Medium,11,3.0,H011,19.4,81.6,,Good,2,9.5,15
S04814,P83047,58,Female,General,46,Sedation,Medium,67.0,No,Medium,5,8.0,H014,17.3,34.5,872.0,Good,2,7.8,8
S04815,P27558,71,Male,Gynecological,77,Regional,Low,82.0,No,Medium,11,,H001,22.5,61.3,514.0,Good,1,2.1,12
S04816,P90432,39,Male,Neurological,171,Local,Low,202.0,No,Low,17,19.0,H002,19.3,47.5,890.0,Good,1,7.7,20
S04817,P14961,80,Female,Urological,90,Local,Medium,108.0,No,High,3,29.0,H017,24.2,41.4,,Moderate,3,8.3,5
S04818,P35056,41,Female,General,109,General,Medium,162.0,No,Low,3,25.0,H002,19.3,54.6,1093.0,Good,1,4.2,3
S04819,P50727,56,Male,General,163,General,Low,,No,Medium,7,5.0,H013,21.6,55.6,820.0,Good,4,2.8,8
S04820,P55372,85,Male,Urological,57,Sedation,Medium,109.0,No,High,8,2.0,H006,24.5,77.9,688.0,Moderate,5,9.1,9
S04821,P89641,56,Male,General,80,General,Medium,108.0,No,Medium,7,23.0,H015,22.1,46.8,970.0,Good,1,4.9,9
S04822,P64693,67,Male,General,68,Local,Low,56.0,No,Low,5,17.0,H009,,54.8,523.0,Moderate,4,,5
S04823,P57611,83,Male,Orthopedic,152,Sedation,Medium,174.0,No,Medium,16,11.0,H006,22.1,59.3,300.0,Good,4,12.0,19
S04824,P24891,88,Female,Neurological,214,General,Low,397.0,No,High,19,26.0,H014,24.4,80.4,1523.0,Good,4,13.4,20
S04825,P13844,53,Female,Neurological,166,General,Medium,260.0,No,Medium,19,6.0,H019,22.5,54.8,1168.0,Moderate,3,12.2,23
S04826,P81312,48,Male,Orthopedic,181,Regional,High,302.0,Yes,High,23,4.0,H015,25.9,44.4,992.0,Poor,4,15.1,23
S04827,P61794,32,Female,General,68,Local,High,143.0,No,High,14,15.0,H005,21.9,77.5,968.0,Moderate,6,6.5,17
S04828,P52380,56,Male,Orthopedic,150,Regional,High,241.0,No,High,13,8.0,H017,24.0,52.4,1164.0,Moderate,3,16.8,17
S04829,P55334,84,Male,Cardiac,283,General,Medium,322.0,Yes,High,24,7.0,H019,23.9,49.8,938.0,Good,4,11.2,26
S04830,P90520,53,Male,General,49,General,Low,103.0,No,Low,5,19.0,H006,20.2,65.9,540.0,Poor,4,8.3,5
S04831,P51145,43,Male,Cardiac,257,General,Medium,517.0,No,High,24,9.0,H013,27.0,63.2,967.0,Good,5,14.6,26
S04832,P59350,25,Female,General,20,General,Low,25.0,No,Low,5,17.0,H015,22.6,47.6,562.0,Good,1,9.0,6
S04833,P56391,46,Male,Gynecological,124,General,Medium,120.0,No,Low,7,17.0,H012,19.5,70.2,601.0,Good,2,5.6,11
S04834,P84974,35,Female,Cardiac,206,Local,Medium,319.0,No,High,20,24.0,H019,23.5,48.1,,Moderate,4,13.9,22
S04835,P30192,88,Male,Orthopedic,137,General,Medium,199.0,No,Medium,14,29.0,H005,24.4,47.6,864.0,Good,1,3.9,15
S04836,P14417,55,Female,General,112,Local,Low,189.0,No,Low,10,19.0,H004,20.6,56.0,622.0,Good,2,8.6,12
S04837,P96227,27,Female,Orthopedic,153,Sedation,Low,268.0,No,Low,12,9.0,H017,24.7,22.9,744.0,Moderate,1,5.3,12
S04838,P49496,22,Male,General,116,Regional,Low,133.0,No,Low,4,17.0,H002,22.5,51.9,701.0,Moderate,2,8.9,4
S04839,P61919,79,Male,Gynecological,101,Regional,Low,190.0,No,Low,7,14.0,H001,22.4,51.0,300.0,Moderate,1,7.1,7
S04840,P47722,85,Female,General,78,General,Low,108.0,No,Low,5,14.0,H018,24.4,39.8,692.0,Good,2,2.9,6
S04841,P36504,72,Female,General,87,Regional,Low,146.0,No,Medium,14,11.0,H017,23.5,52.9,870.0,Moderate,4,5.5,18
S04842,P27454,26,Male,ENT,36,General,High,101.0,No,High,9,3.0,H003,26.1,65.5,709.0,Moderate,6,16.1,11
S04843,P70988,25,Female,Orthopedic,113,General,Low,200.0,No,Low,15,8.0,H016,22.2,49.5,602.0,Moderate,4,11.5,17
S04844,P60546,32,Male,Ophthalmic,51,Regional,Medium,40.0,Yes,Medium,7,18.0,H014,18.3,66.9,609.0,Good,2,7.5,8
S04845,P66251,72,Male,Urological,56,General,Low,96.0,No,Medium,8,3.0,H018,23.2,52.8,820.0,Moderate,5,14.4,8
S04846,P77544,73,Female,General,37,General,High,96.0,No,High,12,5.0,H008,24.9,49.7,973.0,Moderate,7,11.5,16
S04847,P36983,78,Male,Orthopedic,81,Regional,Medium,123.0,No,Medium,15,17.0,H007,21.7,60.8,,Moderate,4,13.9,15
S04848,P54397,24,Male,Orthopedic,25,Regional,High,96.0,No,Medium,18,29.0,H007,17.3,56.8,,Good,3,9.9,20
S04849,P64018,29,Male,Ophthalmic,50,General,High,112.0,Yes,High,11,5.0,H013,24.1,95.0,1087.0,Poor,5,16.7,13
S04850,P84875,82,Male,Cardiac,250,General,Medium,302.0,No,High,19,3.0,H018,19.2,71.8,885.0,Poor,4,16.5,20
S04851,P18775,84,Male,Ophthalmic,20,General,Low,27.0,No,Medium,4,11.0,H018,20.0,50.3,1236.0,Poor,4,7.6,6
S04852,P36367,70,Male,General,97,Regional,Medium,132.0,Yes,High,12,3.0,H007,20.5,,764.0,Moderate,5,12.2,13
S04853,P27743,25,Female,General,86,Regional,Low,101.0,No,Low,13,26.0,H002,18.1,,300.0,Good,2,16.4,17
S04854,P36851,22,Female,General,54,General,High,132.0,Yes,High,18,23.0,H008,24.9,45.3,1353.0,Moderate,1,11.4,22
S04855,P94135,22,Male,Cardiac,227,Regional,High,401.0,No,High,21,4.0,H009,28.2,69.1,1161.0,Good,3,,23
S04856,P25014,67,Male,General,121,Sedation,Low,198.0,No,High,3,3.0,H001,,58.2,776.0,Good,3,18.1,6
S04857,P77517,78,Female,Ophthalmic,30,Regional,Medium,37.0,No,Medium,1,16.0,H019,23.4,45.7,876.0,Poor,3,8.9,1
S04858,P80571,63,Male,Cardiac,242,Regional,Low,294.0,No,Medium,17,12.0,H004,22.0,57.9,806.0,Good,5,13.2,18
S04859,P77020,36,Male,Ophthalmic,70,Regional,Medium,102.0,No,Low,1,21.0,H011,22.6,45.6,431.0,Poor,4,4.6,5
S04860,P23319,72,Female,ENT,45,Local,Medium,64.0,No,Medium,2,27.0,H007,,56.4,779.0,Good,2,14.3,5
S04861,P17468,22,Male,Orthopedic,150,Sedation,Medium,,No,Medium,13,10.0,H014,23.9,53.2,506.0,Moderate,4,8.9,16
S04862,P23478,77,Female,General,102,General,High,181.0,No,High,9,23.0,H013,22.9,65.3,817.0,Moderate,6,18.1,11
S04863,P85246,82,Female,Orthopedic,112,General,Low,179.0,No,Low,14,10.0,H018,22.2,65.5,570.0,Good,1,8.3,18
S04864,P10632,69,Female,General,160,General,Medium,194.0,No,High,6,7.0,H002,26.3,61.3,992.0,Poor,3,11.7,7
S04865,P74872,81,Male,ENT,100,Local,Medium,146.0,No,High,2,29.0,H006,24.6,69.5,833.0,Good,5,13.3,2
S04866,P44943,60,Male,Ophthalmic,20,General,Low,28.0,No,Low,6,8.0,H007,22.7,54.1,477.0,Good,1,2.9,6
S04867,P95339,51,Male,Ophthalmic,48,Sedation,Low,71.0,No,Low,4,5.0,H018,22.2,28.3,714.0,Good,3,9.9,6
S04868,P49320,41,Female,Cardiac,313,General,Low,580.0,Yes,High,24,18.0,H007,23.0,51.3,688.0,Poor,5,15.4,26
S04869,P51444,84,Female,General,60,Regional,Medium,66.0,No,Medium,4,18.0,H010,21.2,32.9,596.0,Poor,3,1.4,4
S04870,P50599,68,Female,Cardiac,241,General,High,238.0,No,High,19,15.0,H016,22.2,64.7,,Poor,5,7.7,23
S04871,P82662,31,Male,Ophthalmic,96,Regional,Low,126.0,No,Low,1,3.0,H018,23.0,50.2,561.0,Good,3,8.9,1
S04872,P78954,86,Female,Orthopedic,139,General,Low,160.0,No,High,17,4.0,H006,27.2,81.1,1223.0,Good,5,13.4,17
S04873,P96249,22,Female,Orthopedic,143,Local,Low,85.0,No,Low,16,22.0,H013,22.6,62.5,784.0,Moderate,3,13.1,17
S04874,P47322,60,Female,Orthopedic,142,Regional,Low,287.0,No,Medium,12,5.0,H017,22.3,53.4,832.0,Moderate,3,7.7,12
S04875,P85664,31,Female,Orthopedic,120,General,Low,200.0,No,Low,18,9.0,H006,23.2,70.9,300.0,Good,1,7.3,21
S04876,P10383,65,Male,Orthopedic,96,Local,Medium,163.0,No,Medium,15,24.0,H018,18.2,63.7,919.0,Poor,3,7.2,16
S04877,P65731,47,Male,Orthopedic,133,Sedation,Low,188.0,No,Low,14,10.0,H008,21.0,51.0,784.0,Moderate,2,12.9,17
S04878,P64849,49,Female,Urological,67,Local,Medium,108.0,Yes,High,15,10.0,H005,23.4,67.1,889.0,Good,3,11.3,16
S04879,P14594,66,Male,Urological,65,Local,Low,89.0,No,Low,9,27.0,H016,18.6,67.0,434.0,Moderate,2,6.7,13
S04880,P25410,72,Male,Cardiac,284,Regional,Medium,495.0,No,High,21,24.0,H008,23.8,55.2,668.0,Moderate,4,13.3,25
S04881,P97711,45,Male,Urological,68,Sedation,Low,,No,Low,7,21.0,H008,18.3,42.0,817.0,Moderate,3,8.6,9
S04882,P12253,89,Male,General,141,Regional,Low,209.0,No,Medium,6,6.0,H014,23.5,36.9,754.0,Moderate,4,3.6,6
S04883,P55534,53,Female,Urological,87,Sedation,Low,131.0,No,Low,3,9.0,H005,22.5,46.8,453.0,Moderate,2,8.7,7
S04884,P79962,29,Male,Neurological,175,Local,Medium,339.0,No,High,15,18.0,H006,24.8,54.1,768.0,Moderate,3,21.4,16
S04885,P98460,18,Male,General,35,General,High,104.0,Yes,High,20,25.0,H014,25.4,73.4,,Moderate,2,14.8,20
S04886,P32124,32,Female,Neurological,243,General,Low,289.0,No,Medium,15,15.0,H016,22.7,45.9,336.0,Moderate,3,6.5,19
S04887,P66237,67,Female,Orthopedic,119,Local,Medium,190.0,Yes,High,13,22.0,H004,25.5,63.5,930.0,Poor,5,11.1,13
S04888,P77975,56,Male,General,21,Regional,Medium,34.0,No,Low,9,10.0,H019,22.6,64.6,473.0,Good,1,7.4,12
S04889,P91389,42,Male,Gynecological,129,Regional,Low,187.0,No,Low,10,11.0,H001,20.3,69.9,599.0,Moderate,2,14.6,10
S04890,P67754,52,Male,Gynecological,98,Sedation,Medium,145.0,No,Low,10,18.0,H012,25.1,40.7,,Good,2,10.6,11
S04891,P30968,78,Male,Neurological,152,Regional,Low,179.0,No,Low,17,17.0,H008,24.5,45.7,647.0,Moderate,4,1.7,18
S04892,P89497,59,Male,General,117,General,High,228.0,No,High,12,4.0,H004,24.1,47.5,802.0,Poor,3,23.3,12
S04893,P94979,22,Male,Gynecological,23,Regional,Medium,26.0,No,Medium,14,12.0,H015,22.5,55.4,718.0,Moderate,5,8.8,15
S04894,P42233,21,Female,Orthopedic,98,General,Low,139.0,No,Low,12,25.0,H001,23.5,54.1,435.0,Good,4,8.7,13
S04895,P54624,52,Female,Orthopedic,111,Regional,Medium,144.0,No,Low,15,16.0,H006,24.5,43.9,511.0,Moderate,1,10.9,16
S04896,P68506,47,Female,Neurological,205,Sedation,Low,367.0,No,Medium,21,22.0,H008,27.0,59.1,588.0,Poor,1,18.1,22
S04897,P84821,79,Male,Cardiac,307,General,Medium,603.0,Yes,High,24,24.0,H014,23.4,51.7,1120.0,Poor,6,15.6,26
S04898,P61139,59,Male,Neurological,172,Local,Medium,198.0,No,Medium,22,9.0,H005,24.0,47.5,965.0,Poor,5,8.0,24
S04899,P77420,72,Female,Orthopedic,133,Local,Medium,199.0,No,High,17,7.0,H002,25.4,47.5,631.0,Moderate,5,15.5,18
S04900,P80450,60,Female,General,172,General,Low,241.0,No,Medium,3,17.0,H015,20.2,71.3,628.0,Poor,4,8.9,7
S04901,P28688,42,Female,Gynecological,100,Local,Low,163.0,No,Low,14,14.0,H002,23.7,60.9,742.0,Good,3,13.5,16
S04902,P39639,65,Male,Urological,94,Local,Medium,143.0,No,Medium,4,27.0,H009,,59.4,763.0,Good,2,3.9,6
S04903,P85992,62,Male,Gynecological,62,Regional,Medium,85.0,No,Medium,7,6.0,H013,24.6,61.0,588.0,Good,4,9.7,11
S04904,P63953,69,Male,Neurological,238,General,Medium,363.0,No,High,20,13.0,H013,23.3,69.0,1123.0,Moderate,3,9.7,24
S04905,P28002,31,Female,Ophthalmic,38,General,Low,54.0,No,Low,6,2.0,H002,,59.0,729.0,Good,4,14.5,7
S04906,P58678,64,Male,Gynecological,108,Regional,Medium,213.0,No,High,10,11.0,H012,26.0,67.0,809.0,Poor,3,17.6,10
S04907,P29051,38,Female,General,97,General,Medium,122.0,No,Low,5,18.0,H001,23.1,44.9,415.0,Good,2,9.0,7
S04908,P13922,74,Female,Cardiac,242,General,Medium,381.0,No,High,20,24.0,H001,25.9,38.2,667.0,Moderate,6,15.7,22
S04909,P51368,75,Female,General,76,Sedation,Low,125.0,No,Medium,5,25.0,H005,25.1,43.7,712.0,Good,4,10.5,6
S04910,P13060,62,Male,General,97,Local,Low,158.0,No,Medium,9,1.0,H014,21.5,77.0,818.0,Poor,5,9.1,9
S04911,P95856,86,Female,Gynecological,152,Local,Low,214.0,Yes,High,13,26.0,H005,24.4,51.6,643.0,Poor,7,15.4,13
S04912,P91269,56,Female,Urological,148,Sedation,Medium,282.0,No,Medium,6,20.0,H016,22.0,80.3,934.0,Poor,2,13.9,8
S04913,P29601,19,Male,Ophthalmic,54,General,Medium,47.0,Yes,Low,3,6.0,H003,22.3,56.5,533.0,Moderate,1,4.3,6
S04914,P67667,61,Female,ENT,56,General,High,115.0,Yes,High,11,7.0,H009,20.7,68.9,586.0,Moderate,6,15.7,14
S04915,P44788,73,Female,General,65,Regional,Low,110.0,No,Medium,6,23.0,H010,26.0,42.2,869.0,Moderate,2,7.2,8
S04916,P65180,25,Female,ENT,150,General,Medium,185.0,No,Low,1,21.0,H012,20.4,41.6,581.0,Good,2,10.9,1
S04917,P57002,25,Male,Ophthalmic,63,General,High,126.0,No,High,1,6.0,H008,22.6,56.9,,Good,5,12.3,4
S04918,P76878,37,Female,Orthopedic,153,Local,Low,208.0,No,Low,16,13.0,H003,22.2,48.4,768.0,Moderate,3,5.8,20
S04919,P78184,78,Male,General,110,General,Low,139.0,No,Low,3,25.0,H014,19.2,56.6,902.0,Good,4,12.2,3
S04920,P11409,55,Male,Orthopedic,186,Regional,Low,314.0,No,Medium,10,1.0,H013,22.9,49.0,773.0,Moderate,5,10.4,12
S04921,P86132,88,Male,Cardiac,232,Regional,Medium,410.0,No,High,25,15.0,H013,25.2,54.0,905.0,Moderate,4,14.5,26
S04922,P30886,80,Male,Cardiac,206,Regional,Low,314.0,No,High,23,26.0,H018,27.1,70.6,649.0,Poor,2,6.9,26
S04923,P67193,57,Male,General,145,General,Low,263.0,No,High,10,1.0,H017,24.6,83.7,950.0,Good,4,16.7,12
S04924,P68510,66,Male,Orthopedic,147,General,Medium,159.0,No,Medium,15,16.0,H014,21.2,54.3,679.0,Poor,4,9.4,16
S04925,P67035,41,Female,Cardiac,253,Local,Medium,385.0,Yes,High,29,17.0,H009,21.5,68.1,552.0,Moderate,5,11.4,32
S04926,P74654,24,Male,Orthopedic,166,Sedation,High,366.0,No,High,19,10.0,H001,28.4,49.3,715.0,Poor,7,21.0,19
S04927,P21734,46,Female,Gynecological,115,Regional,Medium,206.0,No,Low,8,16.0,H005,22.2,49.2,899.0,Good,4,4.2,8
S04928,P66664,60,Male,Ophthalmic,107,General,High,256.0,No,High,2,21.0,H006,22.2,63.3,979.0,Moderate,4,18.0,2
S04929,P43782,31,Female,ENT,77,Regional,Medium,,No,Low,1,9.0,H006,19.3,45.8,826.0,Moderate,2,5.3,5
S04930,P46990,33,Female,General,117,General,Medium,207.0,Yes,Medium,11,15.0,H019,23.2,68.0,836.0,Moderate,2,6.0,11
S04931,P23258,19,Female,Cardiac,255,General,Low,349.0,No,Low,17,16.0,H002,20.8,57.4,652.0,Moderate,1,7.2,17
S04932,P62997,70,Female,Urological,70,General,High,167.0,No,High,8,2.0,H013,26.3,61.9,723.0,Moderate,2,15.1,12
S04933,P39113,82,Female,Orthopedic,113,General,High,263.0,No,High,16,7.0,H010,24.2,54.0,899.0,Moderate,4,4.9,19
S04934,P72989,77,Male,ENT,58,General,Medium,73.0,No,Medium,9,19.0,H007,22.2,46.3,749.0,Good,3,10.4,9
S04935,P52829,45,Male,Gynecological,107,General,Low,100.0,No,Low,5,15.0,H014,19.4,57.8,577.0,Good,3,6.5,8
S04936,P46575,60,Male,General,76,Local,Low,156.0,No,Low,7,29.0,H012,21.8,40.4,653.0,Poor,1,7.4,9
S04937,P55864,87,Male,Orthopedic,133,Regional,Low,218.0,No,High,10,25.0,H017,22.5,43.1,1023.0,Poor,4,7.5,12
S04938,P60758,60,Male,Orthopedic,132,General,Low,,No,Low,12,7.0,H004,22.2,53.4,794.0,Moderate,4,7.0,14
S04939,P70961,39,Male,General,96,General,Low,139.0,No,Low,9,29.0,H006,18.1,49.2,789.0,Good,3,6.9,10
S04940,P17108,42,Female,General,96,Local,Low,83.0,No,Low,4,26.0,H018,20.2,48.3,527.0,Poor,1,9.7,8
S04941,P82109,70,Female,Urological,63,General,Low,98.0,No,Medium,7,13.0,H017,19.9,62.9,385.0,Good,4,14.7,8
S04942,P25259,50,Female,General,81,General,High,158.0,No,Medium,10,19.0,H008,23.3,48.4,980.0,Poor,5,9.7,11
S04943,P30884,78,Female,General,39,Regional,Medium,59.0,No,Medium,9,9.0,H008,17.8,46.0,835.0,Good,2,14.4,13
S04944,P79530,80,Male,Cardiac,236,Local,Medium,356.0,No,High,19,3.0,H004,26.2,55.8,775.0,Poor,6,17.7,19
S04945,P10340,20,Male,General,60,Local,Low,29.0,No,Low,10,7.0,H002,24.5,42.2,300.0,Good,4,7.3,13
S04946,P44200,70,Female,Orthopedic,122,General,Low,200.0,No,Low,12,22.0,H002,20.0,60.6,743.0,Good,2,4.1,15
S04947,P69759,44,Female,Gynecological,78,General,Low,121.0,Yes,Medium,16,17.0,H001,28.5,52.0,731.0,Good,3,9.3,19
S04948,P80022,55,Male,General,28,General,High,94.0,No,High,9,13.0,H001,23.7,50.9,742.0,Poor,5,6.7,9
S04949,P90386,37,Male,Urological,147,Regional,Low,212.0,No,Medium,10,14.0,H008,22.4,53.4,718.0,Moderate,5,8.5,11
S04950,P70684,44,Male,General,83,General,Medium,125.0,No,Low,13,24.0,H013,23.2,40.5,,Good,4,13.8,14
S04951,P31025,41,Male,Cardiac,283,General,Low,439.0,No,High,20,21.0,H013,25.6,70.9,670.0,Poor,4,7.0,20
S04952,P42634,21,Male,Urological,64,General,Low,101.0,No,Low,7,19.0,H013,22.2,48.8,825.0,Moderate,1,10.8,10
S04953,P12091,74,Male,Gynecological,150,Sedation,Low,246.0,Yes,High,13,15.0,H013,23.4,66.2,700.0,Moderate,5,11.8,16
S04954,P79375,28,Female,Gynecological,65,General,Low,103.0,No,Low,8,1.0,H013,21.1,42.6,364.0,Good,3,8.6,8
S04955,P10642,45,Female,General,95,General,Low,195.0,No,Low,4,10.0,H008,22.7,,546.0,Good,4,7.5,6
S04956,P21372,31,Female,Ophthalmic,27,Sedation,High,84.0,No,High,5,4.0,H006,24.8,,1020.0,Moderate,6,5.0,5
S04957,P97545,29,Female,Cardiac,318,Local,Low,441.0,No,High,18,23.0,H009,27.2,59.2,802.0,Poor,1,14.6,19
S04958,P24452,44,Female,General,82,Regional,Low,164.0,No,Low,4,11.0,H016,21.1,39.3,572.0,Poor,1,4.6,8
S04959,P35599,84,Male,Urological,104,Regional,Low,151.0,Yes,High,3,8.0,H011,24.4,70.2,631.0,Poor,4,15.9,4
S04960,P46823,85,Female,Orthopedic,133,General,High,286.0,No,High,21,14.0,H016,22.3,72.5,1084.0,Poor,4,14.8,22
S04961,P22394,45,Male,Urological,79,Local,Medium,121.0,No,Low,12,14.0,H007,24.2,37.1,429.0,Good,1,5.5,14
S04962,P69021,54,Female,Neurological,195,General,Medium,279.0,No,High,19,28.0,H012,24.3,57.0,819.0,Moderate,5,14.8,19
S04963,P37986,88,Male,Orthopedic,160,Sedation,Medium,287.0,No,High,11,6.0,H013,22.5,43.3,1254.0,Poor,4,16.0,13
S04964,P36798,34,Female,Orthopedic,140,General,High,281.0,No,High,13,24.0,H012,22.3,57.9,864.0,Poor,7,27.6,17
S04965,P61607,86,Female,Urological,84,Regional,Low,87.0,No,High,3,7.0,H003,21.7,51.7,1078.0,Poor,3,10.2,5
S04966,P39089,25,Male,Urological,95,Regional,Medium,147.0,Yes,High,14,24.0,H004,24.5,62.5,1053.0,Moderate,5,7.6,18
S04967,P29586,34,Male,Cardiac,297,General,Medium,356.0,No,High,24,16.0,H012,23.4,52.0,1138.0,Moderate,2,15.2,27
S04968,P87553,42,Male,Orthopedic,107,General,Low,201.0,No,Low,14,16.0,H017,27.5,45.0,395.0,Poor,2,4.9,17
S04969,P62210,20,Female,Cardiac,184,Local,Low,372.0,No,Low,23,21.0,H010,20.8,61.6,,Good,3,8.2,23
S04970,P90988,76,Female,Cardiac,207,General,Medium,426.0,No,High,22,3.0,H002,22.8,83.4,928.0,Moderate,4,19.0,24
S04971,P42233,79,Male,Gynecological,69,Sedation,Low,110.0,No,Low,7,24.0,H017,24.0,36.3,546.0,Good,3,5.1,11
S04972,P92127,45,Female,Cardiac,213,General,Low,290.0,No,Low,24,22.0,H016,23.6,62.9,744.0,Good,2,11.4,24
S04973,P89984,78,Male,Cardiac,214,Regional,Low,341.0,No,High,23,6.0,H016,26.9,,750.0,Poor,5,13.7,25
S04974,P11978,73,Male,Orthopedic,119,Regional,Low,144.0,No,Medium,11,3.0,H008,21.5,47.9,648.0,Moderate,4,12.4,12
S04975,P21347,75,Male,General,97,Regional,Medium,213.0,Yes,High,14,21.0,H013,21.6,,885.0,Moderate,5,6.9,17
S04976,P81856,75,Female,Gynecological,107,Regional,Low,198.0,No,High,9,3.0,H002,28.1,74.7,1240.0,Poor,5,8.6,9
S04977,P36634,59,Male,Gynecological,78,Local,Medium,124.0,No,Low,9,17.0,H001,23.0,44.8,300.0,Moderate,2,6.3,12
S04978,P78562,25,Male,General,119,Regional,Low,214.0,No,Low,8,8.0,H002,22.5,61.4,639.0,Poor,4,9.3,8
S04979,P49026,84,Male,ENT,86,Regional,Low,116.0,No,Low,6,21.0,H009,23.6,47.7,564.0,Poor,1,6.5,10
S04980,P33232,61,Female,General,137,Regional,Low,159.0,No,Low,9,27.0,H019,,61.5,751.0,Good,2,8.3,12
S04981,P29676,82,Male,Urological,105,General,High,137.0,No,High,8,25.0,H002,23.2,73.9,823.0,Poor,2,14.5,11
S04982,P30396,87,Female,General,79,General,Low,120.0,No,Medium,8,22.0,H011,21.6,68.8,597.0,Moderate,4,8.3,12
S04983,P69753,31,Female,Orthopedic,159,General,Medium,228.0,No,High,10,19.0,H015,24.3,52.7,716.0,Good,3,22.9,11
S04984,P13137,46,Female,Urological,88,Regional,Medium,145.0,No,High,7,3.0,H009,20.2,60.0,874.0,Moderate,1,13.1,8
S04985,P26992,31,Male,General,113,Sedation,Medium,169.0,No,Low,6,28.0,H001,23.3,44.4,726.0,Poor,4,6.1,7
S04986,P83985,21,Female,Gynecological,121,General,Low,198.0,No,Low,12,27.0,H018,24.4,36.3,681.0,Good,1,16.0,13
S04987,P38734,87,Male,Orthopedic,116,Regional,Low,202.0,No,High,14,2.0,H018,26.7,49.4,826.0,Poor,6,9.5,14
S04988,P64676,84,Male,General,93,General,Medium,98.0,No,Medium,6,23.0,H009,23.2,66.2,935.0,Good,2,12.0,8
S04989,P36955,85,Male,Ophthalmic,56,Regional,Medium,98.0,No,High,7,4.0,H016,25.7,71.1,1329.0,Moderate,5,12.3,9
S04990,P11425,81,Male,Cardiac,214,Local,Medium,294.0,No,High,19,18.0,H017,23.2,82.6,595.0,Moderate,5,11.5,19
S04991,P50316,64,Female,Orthopedic,55,Local,Medium,91.0,No,Low,12,8.0,H013,22.9,50.9,705.0,Moderate,1,10.9,15
S04992,P30273,55,Female,Cardiac,219,Local,Low,395.0,No,High,15,4.0,H017,24.0,62.3,790.0,Good,5,18.4,18
S04993,P76261,89,Female,General,95,Local,Medium,171.0,Yes,High,11,7.0,H014,19.1,47.9,981.0,Poor,5,14.2,12
S04994,P84768,57,Male,Urological,112,General,Medium,172.0,No,Medium,5,10.0,H015,21.5,48.2,479.0,Poor,4,15.6,7
S04995,P89364,64,Female,General,113,Regional,High,225.0,No,High,9,11.0,H003,25.2,85.0,1220.0,Poor,2,17.0,10
S04996,P64190,33,Female,Ophthalmic,51,General,Medium,90.0,No,Medium,3,9.0,H002,19.7,58.6,687.0,Moderate,5,14.4,7
S04997,P17266,71,Male,General,69,Sedation,Low,72.0,No,Low,3,14.0,H003,19.7,49.3,,Good,2,12.3,5
S04998,P87019,77,Male,Neurological,174,Local,Medium,211.0,No,High,15,19.0,H019,22.4,65.8,672.0,Moderate,5,15.4,18
S04999,P86014,66,Female,Cardiac,210,General,Medium,297.0,No,High,16,14.0,H008,17.9,49.0,952.0,Poor,4,15.8,16
S05000,P23203,53,Male,Cardiac,176,General,Low,193.0,No,Low,19,18.0,H012,23.5,36.4,420.0,Good,3,11.3,21
